id;text;polarity
1572;i was experiencing severe PMS symptoms - upon further testing, it was found that i had an ovarian cyst and used this treatment for anxiety symptoms until my surgery.;positive
3030;I was prescribed with Seroquel after I was released from hospital after a period of deep depression to help me to sleep better and stop me from becoming hypomanic.;negative
2832;In the begining Singulair seem to work well controlling my allergies, however I slowly developed strong depression side effects. I've never had problems with depression before. The effects of the drug were slow and hard to notice any day to day change. However all depression side effects ended immediately when I quit taking Singulair. I'll never take this drug again.;negative
1938;I was prescribed this medication after being seen by a doctor for a severely infected cat bite wound on the top of my left foot (which the doctor was concerned might become a systemic infection). The foot and my entire left leg were very painful (especially upon movement), so the doctor had me take Ultram ER to help relieve the pain. I was told to take 1 tablet daily as needed. I did as instructed for two consecutive days and did not have any relief from my pain. After I reported this to my doctor, she gave me a prescription for a stronger pain reliever (which did help).;negative
2891;Spiractin originally prescribed for treatment of Conn's Syndrome, however some brease pain was experienced shortly after commencing the medication. Further consultation with treating doctor and Inspra was prescribed as alternative. Inspra commenced and side effects described above experienced so reverted to Spiractin after short time. Side effects ceased almost immediately, 48 to 72 hours after cessation of Inspra completed.;negative
3487;Morning Venlafaxine - 225 mg night before going to bed - diazepam 2mg and imovane 7.5 mg;negative
2994;HAD SURGERY TO REMOVE ABCESS AND PART OF COLON AND NOW TAKE TABLETS DAILY AND AM REVIEWED ANNUALLY BY COLONOSCOPY;positive
3600;I was to take 400 mg daily, but could not handle that. After letting the drug dissipate out of my system, I resumed it at very low doses (25-125 mg daily) plus herbal and homeopathic remedies. This finally, after several months, got rid of the fungus.;negative
3440;I am very delighted with the medecine, to the point where I feel addicted to it and don't ever want to go without it again. My skin feels much smoother, with almost no blemishes, except duting PMS times. I also feel like I look younger and healthier due to renuwed skin.;positive
3446;On day 15 of my cycle I took the Provera 10 mg for 12 days and then stopped to promote a period. It took a couple of cycles for this to become effective, but utilizing the drug in this manner did take care of the problem of irregular bleeding in between periods.;positive
514;i developed high blood pressure triggered, i feel, by stress from a divorce and possibly from hormone imbalance from stress due to the divorce and its ramifications. i would have headaches everyday and was checking my blood pressure while i was having a headache and at times when i did not have a headache. it was most definitely elevating during a headache. i tried one other medication first with no success. my Dr. switched me to atenolol with good results. It also corrected the occasional premature cardiac beats I was having. the dosage is low so i continue to take it for the normal sinus rhythm as my blood pressure problem is now resolved.;positive
1482;Prescribed to act synergistically with stimulants prescribed for ADHD: the stimulants tend to increase anxiety, which also increases the necessary therapeutic dose for the stimulants, so this very low dose of the multiple reuptake inhibitor effectively reduces the dosage needed of the stimulant for therapeutic effect. This combination enabled me to reduce my stimulant dosage by 50% and also decreased my anxiety very substantially--the effect was almost immediately remarked on by my partner as well as in my own subjective opinion.;positive
1653;Clomid was given on days 3-7 of the menstrual cycle, one 50 mg pill by mouth per day, at the same time each day. Follicle progress was subsequently tracked via ultrasound. Side effects were minimal with the first round of treatment, more severe with the 2nd onward. I have no known allergies or sensitivities to other medications, other than topical iodine.;negative
730;My dermatologist prescribed hydroquinone 4% cream to helped me with a light hyperpigmentation problem. However, hydroquinone did not work at all. I had the opposite effect. My hyperpigmentation became darker.;negative
4073;During the second week, I noticed I felt bad and drained. By the beginning of the third week, I had a positive test for a urinary track infection. I was given Cipro. Three days into the Cipro, there was no change. I also was waking up at odd times of the night, which is odd because the Lyrica puts me into a deep sleep. I knew then that I was having side effects. I looked on this site and read the clinical studies that listed all my issues.;positive
2276;Doctor prescribed lexapro when I had seen him about black moods & depression which is something I have had on and off since I was very young. Depression was starting to effect my family life so felt I needed to see a doctor, he prescribed me lexapro as it helps with depression & anxiety. I was prescribed 10mg and take one tablet daily. I visit the doctor regularly to update progress on lexapro;positive
797;It is a GODSEND. Fully rested in the am and feel like a new person. I am convinced it has kept me from sliding into a full depression. It works on 3 levels for me: 1. My body gets rest so I can 'fight' for another day. 2. My brain heals. 3. I can endure a difficult day knowing I can take the pill and go to sleep. I consider it a miracle cure for preventing a full blown depression. Wish I had it available to me years ago...could have changed my life. I would recommend to anyone in for a good experience while getting to sleep!;positive
3634;Cleanse face with a mild soap each night. While skin is still wet, apply Retin A (pea sized amount will cover entire face). Allow to air dry completely. Wash off in AM, pat dry, and apply moisturizer/sunscreen.;positive
4144;Drug prescribed for pain after surgery. If I had taken drug a few hours after surgery, anticipating the incision might be become painful, the outcome might have been different. Because I waited, I took one pill about 9 p.m., another about 11 p.m. and it was not until midnight that I got any relief. The next morning, I was nauseous and and light headed. I don't take any medication, so the impact of the drug in my system was noticeable and not pleasant. On second day after surgery, I took a couple of Advil. After that, nothing.;negative
3942;It's pill you take 20 minutes before eating breakfast. It stops the acid from the stomach backing up into the esopogus.;positive
1586;I took Xanax on a prn basis. Currently I am not taking it at all. I was diagnosed with panic disorder and fortunately was perscribed Xanax. Xanax helped prevent panic attacks and allowed me the opportunity to explore non-medicinal forms of managing the attacks.;positive
2952;I began taking 150mg/d two weeks/ 14 days before my actual quit date. On the quit date, I also started a series of yoga classes and regular physical activity through the first few months of smoking cessation. I decided to continue taking Zyban beyond the recommended period to a full 3 months at 1 dose daily. In my experience, I would recommend a lower daily dosage of 150mg/d for a longer extended period of time given my success in using Zyban in this manner.;positive
2556;I spread this on my entire face every night on clean skin. In the winter, I follow with a moisturizer. In the morning, I use metrogel daily. When I have more of a breakout - and it's hard for me to sometimes differentiate acne from rosacea - I will also take Oracea for a week. If I know that I will be spending quite a bit of time outside then I will take a break from it.;positive
114;This drug should not have been given to this patient. It killed him. He never recovered from this stroke- Right side paralysis and unable to eat or drink/swallow ever again;negative
132;I had had herpes for years before I was prescribed Valtrex (previous treatments were Acyclovir). It was prescribed on the second day after the sores appeared and I noticed the improvement the next day - the pain was almost gone. I took two pills per day, one in the morning and one in the evening, for 7 days, after which the remission was longer than the previous ones (sometimes, the outbreaks happened as often as every two weeks), about two months. After that, I started taking 2 pills of Valtrex the day I started feeling the outbreak (a nasty, gnawing feeling in the area where the sores would appear) and if it does not prevent the outbreak entirely, it lasts much shorter, is much less painful, and each time the remissions are rather long.;positive
15;The first dayI started taking the medication 500mg 12 hrs apart. Then my stomach was hurting and I had diarrhea. I decreased the dosage (on my own, which I would not advise others to do) because I have a history of pseudo-membranous colitis, and I need to be cautious of antibiotics. However, I needed the med for the kidney infection. On days 2-5 I took 250mg 3 times a day (eight hrs apart). This reduction in dosage relieved the stomach pain and the diarrhea. After the third day of antibiotics, I noticed a decrease in back pain so I knew the medication was working.;positive
3058;Took this drug as needed and the results are very good for reliveing severe pain.;positive
151;I had a cold for 6 days that would not go away. Thick green mucus from the nose and coughing up green/ grey mucus, low grade fever. My doctor prescribed Azithromycin for the sinus/ lung infection. I took 2 pills the first day and then 1 pill for the next 4 days. On the second day I felt halfway better, fever and aches gone. Mucus became more yellow than green and had a reduction of symptoms. By the 3rd day, nasal mucus was yellow and was coughing much less. By the 4th day I felt much better, nose still producing mucus and slight coughing, but no longer as much production of mucus. By day 5, I had no color to mucus and felt like lungs were pretty much clearing out, nose still a little runny.;positive
1669;tenormin 25 twice daily felodipine 10 mg once daily Losartan 50 mg and hydrochlorothiazide 12.5 mg once daily Regular exercise moderate salt restiction smoking cessation and alcohol moderation stress management techniques like yoga or meditation;positive
3333;I cleanse and apply elocon twice daily to my face and take antibiotics twice a day for 3 months my face cleared but returned after discontinuation of therapy. Now my dermatologist has restarted the antibiotics orally and added retinoid cream twice a day.;positive
196;i was prescribed 60 tablets of 20 mg. he told me to experiment myself as to what dosage worked for me, not exceeding 2 whole pills daily. normally i take one whole pill in the morning at 6:30-7 @ 1/2 at 12 and 1/2 before work at 4 pm. sometimes on the weekend i'll only take 1 because i try to have extras in case needed at another time & i dont want to build up tolerance;positive
3876;I have been taking Levoxyl for 7 years. In that time, I have had no problems with depression and was able to cease taking an antidepressant. My metabolism is regular. I have no problems with fatigue.;positive
1501;treatment details? What details? I have rosacea and metrogel is NOT effective, and made symptoms worse and now they don't go away at all. Thanks to our fantastic government regulations, pharmacuticals are approved by ignorant monkeys while effective, natural cures are ignored. The best way to ease your rosacea is go on a diet of lemon water and plain, boiled chicken for a week. Take about 2 gm of pantothenic acid a day. It sucks, but it will clear it up. I'm sure a doctor will argue it and insist that some Gualderm product is better, but we all know how that works....;negative
209;After washing my face with gentle cleanser, I applied a small amount of Elidel to my entire face, before following up with a moisturizer (or two), then sunscreen.;positive
4030;Applied once at night as directed. Applied sunscreen in morning of SPF 30. Some dark pigmentation was lightened significantly but some places didn't lighten enough to go unnoticed. Acne was not helped, suprisingly, but the treatment did not make it worse either. Overall skin appearance looked more uniform.;positive
3675;You must take a SSRI daily. If you skip a few days you start to feel like you are getting a really bad cold, and disoriented. They are hard to wean off of. Do not stop taking! Talk to your doctor if you feel you want to reduce your dosage.;positive
1968;The treament consisted of taking lyrica 75mg once in the morning and again a bed. Take the soma as needed and the morphine every 12 hours.;positive
1954;For Fibromyalgia, in the morning I take half of a multi-Vitamin and 50mg of Lyrica. 5 days out of 7 days, I excercise for 20 to 30 minutes on a tredmill. In the evening, I take half a multi-Vitamin, 100mg of Lyrica, and 5mg of Flexeril;positive
1080;"This drug changed my life. I have taken every antidepressant in the book. I received some benefit from most of them but my depression always returned and many of them had unpleasant side effects, including weight gain and constipation. This drug helped me enjoy life again. I still have occasional bouts of depression due to life cirsumstances but they are much briefer and less severe. I feel much more outgoing and enjoy being around people more. I no longer want to withdraw from the world and now face the world with much more confidence. For people worried that this drug produces an ""artificial"" feeling of happiness--this is not the case. This is the way people are supposed to feel. you will still have a normal range of moods. I only wish this drug had existed sooner--my whole life would have been differnt.";positive
2557;I started on Keppra in Feb. '09, at first I thought it was the miracle drug. Boy was I wrong! At the time I was also on Depakote, Diamox and valium. First the Doctor added Keppra and began weaning me off the Depakote ER 500mg pm. 250mg. am. It took awhile to get off Depakote because I kept having effects from being weaned off it after being on it for 25 years. Then a few months later he started to wean me off of diamox, which I stopped a week ago, after a long process of being weaned off that drug. Now on Keppra alone with valium, I feel horrible and no heip from my Neurologist. I feel completely alone and with no help in sight!;negative
2002;This was prescribed by a physical therapist. I was also receiving the physical therapy for my wrist pain, which was from work related injury.(repetitive overuse). The pain killer was to help with the pain from just moving my hands.;negative
1821;One injection sq every week, some pain on injection, occasional mild bleeding at injection site, mild bruising at injection site;positive
1228;Take 2 pills every 4 to 6 hrs. for pain. Not to exceed 8 pills;negative
3868;I began replacement with 250mcg each day. I rather quickly had difficulty with rapid heart rate, dry hair and skin, emotionalness that wasn't true to me. It took several months of monitoring blood levels of thyroid hormone, monitoring syptoms and adjusting doses to find a right dose for me. I've been stable on my current dose for 3 years.;positive
1637;My grand mom was prescribed Premarin after her uterus was removed at age 34. She was a smoker with high blood pressure. Her doctor was aware of her smoking and blood pressure. At one point in her hrt therapy she was injecting Premarin per doctors orders. Now at age 76, grand mom continues to take Premarin because she was told by her doctor that it is the fountain of youth. She is very vain and does not care if this drug kills her as long as she looks young. She looks and acts older than her actual age. The risk do not out weigh the benefit. HRT should only be used to ease a woman into menopause. Grand mom still has hot flashes after 40 years of HRT. Had she not taken HRT she would be through menopause and never have suffered the stroke or cancers which took several years of her life away.;negative
3188;I started with a half pill, then it was increased to 1 due to ineffectiveness. It was increased to 1 1/2, then 2 pills.;negative
3018;"I went to urgent care because i was having severe kidney pain and i found blood in my urine. The dr. too found blood and protien and suggested this drug. I mentioned that i rarely take even and aspirin and am prone to side effects. I also mentioned that a week earlier i had bloodwork done and it showed an inflamed liver. I waited for the office to call me with the results which they never did. Finally i called and they said they had lost my number, but yes indeed i did have a UTI. (8 days later). I mentioned that i was having severe side effects and before i said what they were, they said, ""It doesn't sound related to the drug"". It was an apprubt brush off. Will these sypmtoms ever go away? What is the time frame?";negative
2951;I was impressed with the ability the medication had with my decreased desire to want to smoke, but the side affects/allergic reaction was to severe to continue using it.;negative
759;Got the nasal spray for running nose, probably due to allergy or cold weather. It has worked pretty well. Much better than OTC nasal apray.;positive
1151;I was to inject the said amount into the abdominal (below the waist, above the pelvic bone) before breakfast and lunch. The amount was changed when the medical professional I was having treat me decided to increase the dosage, and with terrible results (I was vomiting blood and could not eat or even drink water - I couldn't even stand the smell of food). I wish I had never heard of Byetta!!!!!!;negative
1242;Treatment consisted of orally taking two tablets a day. I was prescribed Cetaphil lotion and lip balm to keep side effects at bay. Roaccutane was an excellent treatment. Before going on it I spent hundreds of dollars on other anti-acne treatments such as Clearasil etc and had no joy. Don't waste your money on other treatments just see your GP and ask for Roaccutane if you have an ongoing acne problem.;positive
3093;I have been taking this product consistently for about 10 months. I take one tablet, twice a day with meals - usually one at the beginning of the day, another at the end of the day.;positive
2421;i was diagnosed with underactive thyroid in 1996. i initially went to the doctors for swollen sinuses and being tired alot. after testing me for underactive thyroid i was prescribed 25 mcg of synthroid. the doctor then continued to increase the dose until i got to the appropriate level. this took quite awhile, but i felt much better after the correct level was achieved. my depression lifted and i had alot more energy. overall i have been very pleased with Synthroid.;positive
369;Gabapentin 600 mg at bedtime. Hydrocodone 7.5 mg every 4 hours or as needed.Valium as needed for sleep.;positive
1095;I was prescribed Effexor XR for depression. I initially began on a low dose to make sure I could tolerate it. The first day, I noticed a decrease in anxiety as it made me a bit tired. After a few days, I could tell I was thinking more clearly and did not have that 'doomed' feeling as severe. I began doing more things and getting involved which helped even more. After a couple weeks, my Dr. doubled the mg. and that is the current level I am now on. I feel very good and only have set backs when things in my life are extremely stressful.;positive
1304;I am looking for a more natural remedy for high blood pressure and control for cholestrol. I do not like taking drugs but do not feel I have a choice at the this time? Any suggestions would be greatly appreciated.;negative
3787;I had a severe URTI with bronchial coughing, headache, muscular and joint pains, and general feeling of fatigue. My doctor presecribed Keflex as an antibiotic, she regarded it as a most effective treatment for this severe URTI. I was to take one tablet (I forget the dosage) once a day for a week to ten days. As I was working I had no time to rest and had to rely on Panamax to held suppress the symptoms. Unfortunately within a day my breasts became sore and swollen, and at the end of the week I returned to my GP who tried to diagnose pregnancy when there was not the slightest possibility of this. I finished the course of Keflex, only to take on another antibiotic at the end of the course since the Keflex did such a poor job.;negative
3709;"Morning: 1 capsule (150MG) Effexor XR; 1 tablet 100MG Lamictal. Evening: 2 tablets 100MG Lamictal.";positive
1595;Sadly, you can't (or shouldn't) take a drug like Xanax forever. So eventually, after using it for four months, I stopped. OMG. Would someone please explain to me whose brilliant idea it was to create a drug that when you stop taking it, causes the same symptoms that it was designed to alleviate to begin with?!?! I ended up going through even worse panic attacks after stopping the drug than I had to begin with! So in spite of the fact that it worked great to begin with, I would NEVER take this medication again. All in all it turned out to be a terrible experience. There are other far less addictive and nasty drugs available for anxiety.;negative
3041;The patient was referred to the psychiatrist by his cardiologist secondary to depression and increasing insomnia. The patient had been on welbutrin for years for depression and smoking cessation. The psychiatrist kept the patient on welbutrin and added xanax for anxiety and seroquel for sleep at bedtime. Slowly the family started noticing strange behavior, delusions, and almost dementia type characteristics in the patient that occured over a 4 month period and began to get more severe. The family attempted to talk about the changes with the patient but as true delusional behavior dictates, the patient was unable to see any of the changes. The forgetfulness, clumsiness, and personality changes such as irritability increased. The family attempted to contact the psychiatrist but in interim, the patient died of a cardiac arrest. Even after talking to the psychiatrist after the patient's death, the psychiatrist denied that seroquel had any affect on the situation. The family and myself as the primary caretaker believe that seroquel was directly responsible for the patient's death. We do not plan to seek legal retribution but hope that anyone that reads this will be more cautious about prescribing seroquel in someone that already has cardiac problems and to please be careful about it's possible interactions with other medications!;negative
2427;I was put on synthroid to cure a slow thyroid. It did not help and I discontinued use. I was changed to Armour Thyroid and have had fabulous results with it. Armour Throid is what was giving to before the drug companies came out with a synthetic version of it.;negative
2350;I have to take 1mg/day to stop hair loss. I did not notice results until recently after having taken it for 6 months and I am hoping to notice even more once I have been on it for a year.;positive
1666;After all these years on climara patch the pharmacy changed my patch to the generic brand and I'm having extreme swelling over my entire body, legs, feet, hand, face. It is awful. I will contact my doc today. Could the change from Climara to the generic cause this?;positive
2304;one and a half tablts once a day of lexapro combined with100mg topamax and 300mg trlileptal for bipolar disorder and major depression and ptsd.;positive
2294;After a break-up, I was very depressed and upset all the time. I began taking a dose of 20mg and within a few days, noticed a difference. I had fewer dramatic mood swings, and was able to handle the everyday things that got me upset in a more reasonable manner. I did not feel like crying as frequently as before the medication, and I feel it helps me keep a pretty even temper. I continue to take this medication because I have been told I have a natural chemical imbalance, and this keeps me from being overly emotional when it is unnecessary. Overall, I feel I benefit from taking it, and unless I miss a dose, I have no side effects.;positive
3330;The drug was prescribed for treating H-pylori infection but it caused ore severe pain than hte ailment itself. It was too strong a drug for me and I had to be switced erothromycin and amoxcillin after only 2 days of tetracycline combo. It also made me dizzy.;negative
2004;Along with taking Vicodin as prscribed, I had physical therapy about twice a week. Vicodin was particularily helpful at night. Before going to bed, I took one or one and a half tablets and was able to sleep quite well. Otherwise, I was very uncomfortable and was losing sleep.;positive
1364;Doctor diagnosed me with Viral Bronchitis after and xray. He then prescribed Penicillin to treat it. Worthless treatment, since Penicillin is totally ineffective to fight a virus.;negative
2766;Initial treatment began with application of medication and then wiping it off after a period of time. Used inconjunction wiht a mild moisturizer and tazorac. Continued application was extended until product is applies before bedtime and not washed off. Used daily;positive
640;"I have taken this about 3 different times, for three months at a time because thats what the doctor gave me. But this past time of taking it, I remember thinking ""This is so not worth it!"" as I couched over the toilet. So I recently switched to Ortho Cyclen and and going to test this one out to see if its any better. Seasonique is not bad, perhaps it was just me with the horrible side effects, but I will probably never take this ever again.";negative
2696;When Zyrtec alone didn't controll my allergies my doctor prescribed the Veramyst to try. This combination seems to be working, Zyrtec once a day and Veramyst twice daily. The Baclofen 10mg.is taken as needed one to four times a day. Sometimes I'm not bothered with spasticity too often but when I am I take the Baclofen and it works.Amitriptyline tabs 25mg are taken before bedtime.Requip tabs .5mg are taken in the evening. Gabapentin 300mg is taken 3-4 times a day depending on the severity of pain. Tetracycline HCL 250mg is taken once a day. The Copaxone 200mg is injected once a day. I discontinued the Detrol LA as I could not tolerate the extreme dry mouth.;negative
61;I was to take 10mg three times a day for headaches as needed. My doctor said if it works, I can stay on it. I recently decided to get off narcotics and this is a good medicine to take.;positive
3835;none, your questions do not include my problem..... the lid to the lumigan is not easily opened. At this point I still can open most bottles, etc this required a nut cracker. Not to good if person has limited skills opening objects... as are most of the glaucoma patient;positive
425;I have had migraines since I was 9 years old. Through JR high I would finish a bottle of aspirin in a week and a half. About every 3 or 4 days they were horrible with nausea , cold pack on my head, stay out of the light. About 9 years ago I developed cluster migraines. They last all day, nite for 4-5 months. I was introduced to imitex in 2005. THANK GOD!!! They have been increasing in cost terribly. I went through sinus aerials, allergy tests, bio feed back. etc. Nothing helped. I thought I would take my life when these clusters started. Not only could I not function but I had to sleep sitting up. Lying dowm made them worse. I have no side effects. But the imitrex is not working as well and I take aleve with it. Treximet is not strong enough.;positive
3557;"Cholesterol levels are high with genetic factors. LDL 170, HDL 80, total 276. The cardiologist used Vytorin as first and only treatment. My diet contained <20% fat intake, almost no saturated fat. I had pain in my legs within weeks, informed the doctor who checked my ck levels. Lab showed ""within normal range"" and I was told to resume the vytorin. Within 3 weeks the pain was unmanagable, so I called the doctor again. The nurse said I had to put up with a little discomfort but I insisted on another lab. Lab resulted in ck levels of 480, I was told to stop the vytorin and drink a lot of water. I changed cardiologist at that time.";negative
2886;A dermatologist prescribed Retinova and told me that the longer I used it, the better the results would be. This proved to be correct. He told me to mix a pea sized portion with my usual moisturiser but to only use it once a day, I used it at night. He also stipulated that it was very important to use an effective sun block as Retinova increased sensitivity to sunlight. A number of people commented on the improvement in my skin. After about 12 months a large, brown patch of sun damage on my temple flaked off and didn't come back. I was very disappointed when I went to get my usual 3 month prescription and was told that Retinova was no longer available. I have subsequently used Retin-A but without the same visible results. This wasn't prescribed by the original dermaltologist, he didn't believe Retin-A was suitable for what I wanted to achieve for my skin. Over the counter products containing retinol do help smoothness a little, but nothing compared to the dramatic changes I experienced when I used Retinova. What amazed me the most was how quickly some of the changes occurred, within only a matter of days.;positive
1480;Started 15 then to 30 then 45 then 60. At 60 unfunctional and urinary retention! Back to 30 then 45. Doesn't seem to work for me after one month.;negative
658;The pill was nice to keep you off your period, i took my pill everyday at different times, but the side effects were effecting the way i was living. I couldn't handle the depression, and anxiety. I felt like i was losing it. During the pill use, i was getting dizzy spells, after a while i just felt like i couldn't handle going through a day.;negative
728;I was seen by my doctor and he thought the medication would be the best route to take for my condition. I was told to put it on my face three time a week at night. However- I used it every night;positive
3126;Since being diagnosed with hypothyroidism, my doctor s would treat with basically the Levothyroxine. The levels would be increased until I was in the range , but I never felt quite right. I was still very tired and my memory, especially short-term, was really bad. I went to a couple endocrinologists, with the first one diagnosing the hypothyroidism as a result of Hashimoto s disease. Even with this diagnosis, the first endocrinologist did not suggest other treatments and I continued to suffer with excessive tiredness and memory problems. I decided to go for a second opinion, and this endocrinologist told me that some individuals react better with a combination treatment of Levothyroxine and Cytomel. This seemed to turn me around. The memory and tiredness have gotten better, still not optimal. It seems as long as one is in the range , doctors are hesitant to push the envelope. I would like to see physicians listen to their patients and adjust the meds until they feel better, not just go by the range .;positive
2986;I am nervous about taking a stimulant, but this Strattera doesn't seem to be doing the trick for my ADD. I also have no use for a med that makes me feel sleepy during the day...that is worse than the original ADD!! Also, I have not noticed any appetite reduction, but it has raised my blood pressure. I hear stimulants do that too, so I'm growing tired of messing with Strattera when I am getting stimulant side-effects with none of the stimulant benefits.;negative
4061;I gave my son a teaspoon of amoxicillin after each of three meals per day for ten days in total.;positive
1670;I don't remember the details, but I did follow the prescription directions to the letter. Did not take more than was prescribed to me and took it in the prescribed manner.;negative
3338;The side effects were so terrible, never felt so badly in my entire life. WOuldnt recommend for anyone unless they have a strong stomach;negative
3364;"When my cholesterol was found to be slightly elevated, my cardiologist put me on Lipitor. The first week was fine. The beginning of the second week I began to have sore muscles all over. By the end of the second week this was so bad I could hardly get out of bed in the morning. So I quit the Lipitor (did not consult the doctor on this); in the AARP magazine (or else newsletter, not sure which) there was a question for the medical doctor about possible natural replacements for the statin medications and he recommended Red Yeast Rice. I found a product with that and a few other cholesterol-lowering supplements (primarily CoQ-10) ad have been taking that with no side effects. I am due for another blood test in a couple of weeks, so we will see how well it has been working.";negative
1486;I took 60mg sunday evening...everything was fine that night. Monday do not remeber what I cooked for diner lunch and I was careing for my two small children. Monday night took my dose again.....I dont remeber doing this but my medication was counted for. Tuesday morning I was severly sleepy, dizzy and felt like I was in space all day. Tuesday night I took my regular 60 mg does and with in 1 hr I was extremly stoned...I was confusd, dizzy extreme heat sensation running threw my feet,neck and arms. I got chill and goose bumps in between. I habe high anxiety. Tingly feeling runing up and down my legs. Felt like and out of body experience because I was so stoned. Withdrall from only 3 days of meds is very uncomfortable....migraine Cymbalta should be off the market. People should be more informed about the side effects and withdral of this drug.;negative
2551;ongoing treatment for ADHD, originally I was prescribed 40 mg per day but dropped it to 30 mg when I had a few instances of heart palpitations and panic attacks;positive
368;To blanace my bi-polar, level 5 and help me to sleep. Helped to come off other drugs too.;negative
2846;This drug is poison and should not be given to children. My daughter was prescribed this for mild asthma. Doctors don't know or don't care about the dangerous, life-threatening side effects of this drug. This is Merck's biggest money maker. There are much more effective, less dangerous treatments for asthma. Spread the word. Get active.;negative
1604;My juvenile/pigmentary (open angle) glaucoma was diagnosed when I was 26 in 1989 (my mother also had it). I was prescribed 2 kinds of eye drops which were effective for some time, but after a while, they couldn't control the intraocular pressure in my left eye, so I had to undergo a trabeculectomy in 1992. Now I put drops only in my right eye (Cosopt 2 times a day and Xalatan once a day before I go to sleep). My eye pressure has been under control ever since.;positive
3790;4 pills per day, keflex. to treat sinusitis, tonsillitis, and my bad tooth ache. It got rid of all my infection..totally...;positive
804;"I take about 3/4 of a 10mg tablet about 20 to 30 minutes before I go to bed. It is best if I then just go to bed, but I often stay up until it ""kicks in.""";positive
3172;Before I started on the Prednisone I was sick for 2 weeks with a viral infection the chest (chest) my wheezing was really bad and I was prescribed to Symbicort Corticosteroid inhaler twice per day to help with the inflammation and airways. After a few days I was still getting worse and did feel minimal comfort from the puffer, and my overall infection was getting worse. I went back to the doctor and they added in a Ventolin puffer to open the airways 2 puffs 4 times per day in between the symbicort. 5 days later I went back to the doctor wheezing more and with a sort of stuffy nose and serious nasal pain (mostly from coughing so much. He told me I caught a sinus infection since the steroid lowers your emmmune system and makes it easier to catch another infection. He then prescribed me to 50 mg of Prednisone each day for a 3 day term so that it could tackle the inflammation fast so that the cortisone puffer would be able to catch up ( it couldn't work fast enough as it takes a while to start working) and also prescribed me to Amoxicillin for the sinus infection (since it was caused by bacteria) He said he would have prescribed me the antibiotic even if i didn't catch the sinus infection as an immune booster since prednisone lowers your immune system.. I took my first prednisone yesterday for the first time, it made me feel good for 9 hours or so but gave me some joint pain. The next day I felt a little better but still coughing and sick until I took the Prednisone again. (today at 2:00pm) It is now 11:00pm and I am flighing high (thats probably why I am writing in a blog and feel awesome, I feel like I could run a marathon. I also just drank a coffee and I don't think it helped. No coughing. Hopefully I can sleep tonight.. I used to take Ritalin for ADD and this kind of feels like that. I think tomorrow I will feel a little better, great again when I am on the Prednisone, and hopefully after that the puffer will Finnish off fixing the inflammation. Did anyone get hearing loss when taking prednisone? Its like when your on an airplane and your ears need to be popped but you cant pop them. I checked online and all I could find is prednisone fixes hearing loss..haha.. weird anyways.. Overall I think it works great!;positive
2442;Only been on Wellbutrin for three weeks and already feel a difference in my ADHD symptoms. Been on Concerta for years, but needed a drug working round the clock.;positive
1621;I have remained very stable and have a good outlook on life. Do not feel my age.;positive
159;As soon as I determine this is a migraine, (severe headache with nausea) I take a zomig, and in between 45 minutes and 60 minutes, I start to feel a little light headed, and nausea and headache pain withdraw. For exercise headaches, the same pattern applies. As soon as I determine this is an exercise induced headache, I take a zomig, and within 60 minutes the pain has subsided.;positive
903;I took Paxil for 2 weeks and after experiencing the horrible side effects I decided to tell my doctor that I wanted to stop taking it. My first 2 - 3 days were fine, until the dose was increased. Overall, this drug had to many negative side effects to be effective.;negative
27;First I experienced the state of anxiety and panic at the age of 20. Starting with Librium I was successful to managed and control my mood and over sensitive nature. Regular exercise, food and lively hobbies helped to relieve me form all sedative and tranquilizers. It was, probably, job related stress and tension what triggered the state of anxiety and panic. Now the above-mentioned medications are helping to perform my activities, mostly as a normal person.;positive
1066;Subdermal injections to various areas of the face, crow's feet around eyes, horizontal lines between eyebrows and vertical lines on forehead.;positive
3880;I was prescribed Abilify (15mg/daily) to assist in moderating my mood. In the three months I took it, I did not notice any significant improvement in mood stability, and DID notice majorly debilitating side effects. I finally convinced my doctor to wean me off of it, and I guarantee I will never go back!;negative
1261;Recommended dose is 200mg once a day, can also be taken again in the afternoon if needed.;positive
323;i was taking 2.5mg for many years and then i went onto 1mg 3-times daily and after 34years i am still taking them;negative
4031;this topical compound was used to reduce hyperpigmentation of skin. the medication was suggested for nightly use but the adverse effects were too intense, and the drug could not be tolerated but few times per week for the duration of 8 weeks.;positive
452;"I took the every evening every 24 hours for 14 days, according to my doctor's instructions. He did not want me to ""mix antihistamines"" and even though I thought Benadryl might be more effective, I didn't want a drug that would make me that sleepy and also that I would have to take every 6 hours, as opposed to every 24 hours. I would have prefferred a Xyzal dose that i could take every 12 hours, and then i could use benadryl at night without worrying about mixing anti-histamines, but since this was not possible I just used the Xyzal plus topical antihistamine creme on site of bug bite.";positive
4047;I was given a 3 day prescription which is the reason I am submitting this report. I believe antibiotics should be prescribed in a course of 7 - 10 days. This practice as far as I know was very popular in Hong Kong and it still might be general practice. In my case I did not want to return to the doctors office and be charged again for another consultation + purchase additional amoxilin as I was not covered by medical insurance at that time. Instead I went to a local pharmacy with the package of antibiotics I received from the doctors office and asked if I could buy 12 tablets. They were more than happy to sell them to me (at a fraction of the cost I paid at the doctors office) and I followed through with a 7 day course. The results were very positive and within 24 hours I could feel relief and I knew that the infection was being affected by the amoxilin. By the 3rd day the swelling was greatly reduced and other than a nasty wound on my ankle bone I felt very good. I continued the remaining 4 days and besides a scar on my ankle at the site of the infection I completely recovered.;positive
1130;One 60 mg. pill per day. I increased my calcium supplement to about 900 mg. per day.;negative
2864;I am happy to complete this but dont know what you mean, I have already given the dosage. Can you email me what it is you want here?;negative
4043;I woudl give her a pill 3 times daily. She would take it right before school, right afterschool and then right before bedtime. It was easy to swallow and didn't amke her tired or sleepy, so she was able to function at school. It seemed to work tight away usually within the first day of treatment. It was great!!;positive
336;I was put on this by Rheumatology, 12 years ago. Dose was 800 mg/d until spring of 2007, I asked for it to be increased. After the near heat stroke from riding the riding lawn mower less than an hour, I decreased the dose back to 800 mg/d until cooler weather, then went back to the 1200/d.;positive
3197;"I had been blowing my nose and itchin my throught frequently.so i went to a docter in 2008 and they said i grew into having ""allergies""....which was strange cus i had never had allergies before.i took the medicine they gave me which calmed the itchy throat but did not cure it! so 2010 comes where i have better insurance now and i went to a doctor had some xrays done andi was told i had a sinus infection.....i started the cedfiner on a satuarday night.but sunday after noon,i was miserable,congested,coughing,sneezing,and a little sniffle.....by 12am that night,i was contimplating on going to the hospital.by 4am i was in the e.r....my feet had swollen.my sinus/nose area under my eyes were red and swollen,eyes were dry and red.nose just kept running chronicley.naseaus,dry throat,head ache,stomach cramps.urinating 3x a hour for a few hours.my ears felt soar in the inside,as if they were swollen........the medication was horribbbleee.but the docter had gave me another antibotic when i went to the e.r.......im scared to take it.so i stopped the medication after 3 capsules.i stoped the medication and its been 36hrs,i feel weak,feel chills through my body,dry throat,no taste buds,no scents,ears feel like i just got off of a plane,joints are sore......i do NOT recommend this medication to anyone of the human kind";negative
3006;Cipro was started while waiting for the results of a urine culture after it was found that I had blood in my urine and I had a high white blood cell count in the urine specimen. The thought was I had a severe infection so she opted to hit it hard with the most potent medicine available;negative
1969;am not sure the benefits are worth the side effeects. has caused a terrible change in my life style. the relief from the pain is good enjoying but the side effects keep me from enjoying the things i love, i just want to lie on the couch and sleeping all the time and the depression is terrible even though i take an antideppressant;positive
1732;Started at 25mg 2x a day for several days and started titrating up by adding 25mg to the evening dose every 3-4 days, depending on how I felt. Got up to 100 mg. a day for the first year. After moving and talking to my new doctor, she suggested increasing the dose to see if I could have less migraines than the 10-12 I was having so I titrated up to 200mg a day and my migraines went down to 8 a month.;positive
3216;Topical application did not work. Tried other prescription drugs as well (topical) but did not work. Finally was advised to try a 1:5 solution of white vinegar and this cleared up the issue. The vinegar made the nail bed inhospitable to fungus and nails grew in perfect, solving this 20+ year problem that plagued me. I recommend anyone suffering from nail bed fungus to try this. I put the solution in plastic bags tied with elastic bands and walked around with them for an hour a day. Small price to pay for relief of this nasty affliction.;negative
1531;I saw the primary care physician for neck and hip pain, she prescribed skelaxin and physical therapy. The physical therapy was the treament that worked, along with simple ibuprofen. Skelaxin did not help with muscle relaxation, and I did not refill the prescription--at over $100 for a 30 day supply!;negative
1919;The doctor thought I should try the patch because it would bypass my liver. I have been taking pills for eight years and didn't really have any side effects - so I returned to my original treatment of estradiol and provera.;negative
1684;discontinued use and within 24 hours thew side effects were subsiding, and completely resolved within 3 days.;negative
1934;I took 2 pills on the 1st day, then 1 pill each day for the following 3 days.;positive
3200;We are seeing some improvement with avoiding foods such as milk and egg as well as diligently taking probiotics and vitamin c.;negative
3850;i've had knee replacement due to arthritis having deteriorated the joint. This drug reduces the effects of the pain of the joint pain throughout my body which results from hereditary osteo arthritis. I've tried several times to stop using the voltaren since the joint replacement but the pain becomes too severe and so I resume taking the medication.;positive
1157;She was given an oral suspension (8 mg/mL trimethoprim and 40 mg/mL sulfamethoxazole) of which she needed to take 7 mLs 2 times a day for 10 days. She took it once in the morning after breakfast, and once before bed.;positive
2857;When I have an asthma attack, I use my inhaler to help open my airways and make it easier to breathe. I shake the inhaler vigorously, then prime the inhaler by doing two test sprays into the air. I can then use it by taking two sprays a minute apart, being sure to inhale as deeply as possible.;positive
2444;Effexor and Wellbutrin kept my depression under control - I took more during the winter months and less the rest of the year.;positive
2961;I took this drug to quit smoking. I am a female and was 28 years old at the time.;negative
685;"I am 43 now but took Accutane back in my early 20's for moderate cyctic acne. I took a second course in my 30's for mild/moderate non-cystic acne which was probably hormone related. I absolutely loved taking Accutane and wished that I could take it again at a milder dosage to treat blackheads and have that smooth ""poreless"" skin again. It seems to speed up skin cell sloughing and I didn't need to exfoliate, just use a good cream. After years of taking antibiotics and using awful creams that made my skin dry and red, Accutane was a godsend. My older brother and sister have terrible deep scars from cystic acne (my sister had dermabrasion many years ago before the age of laser) but I do not have one scar from my cyctic acne.";positive
1491;My dermatologist doctor has yet to find something to help me. I have also had laser treatments that are suppose to calm the skin but to no avail. There is a new medication out that is like doxycycline but is suppose to help the redness of Rosacea. I can't remember the name of it. But I tried that also and was on it for two months. With no improvement, the doctor stopped me taking it.;negative
1282;I take 200 mg arounfd noon and another at 4pm. I sleep really well and can honestly say the provigil helps in my recovery process.;positive
3275;As said, this patient has been taking this in hopes of fighting depression he is dealing with while going through cancer treatments.;positive
2186;i am being treated for several disorders and will most likely remain on meds for life as i have recurrent depression and chronic insomnia. The phobia seems to dissapate but it can also return again as i have developed it twice, or i could develop another phobia. In essence i have relapsed seen a psychiatrist, a counsellor, and my doctor along with the medications as part of my treatment program over the last 1.5 years;positive
2626;I recieved the shot at family planning about 3 years ago. Please do yourself a favor and look to other options before choosing this drug. My experience was the hardest 3 months of my life both emotionally and physically.;negative
2143;Unpleasant ! By the way is it normal to pay to see the psychiatrist around 150 $ for monthly renewal and says he does not take insurance. How do other people handle this. I invite you to answer me at fionahopes to hotmail;negative
4102;aFTER TAKING CHANTIX FOR TWO WEEKS THE CRAVING FOR A CIGARETTE WAS ALOT LESS. aFTER i FINISHED TAKING THE TABLET FOR 2 MOS (I WANT SAY THAT i HAVEN'T THOUGHT ABOUT SMOKING) BUT IT WAS SO MUPCH EASIER NOT TO PICK UP ONE;positive
2208;I took this for maintenance to prevent asthma exacerbations. I used it every morning by exhaling first then inhaling the medication from the disc. It worked well when I used it.;positive
1434;At 14 I was diagnosed with hyperthyroidism and this was corrected through medication (thyroid disorders are prevalent in my mother's family). I was diagnosed with hypothyroidism (TSH 14.5) this past December and evidence of an auto immune disorder. Since, I have been on 50mcg daily, my TSH tests normal but there has been no improvements in symptoms.;negative
2950;I took the Zyban for three weeks and it helped me to quit smoking, but the side effects/allergic reaction was to severe to continue.;negative
3647;I applied Tretinoin every evening to entire face + eyearea. I have been using it for 8 years and the results are astonishing! I always use a sunscreen with high SPF+ full UVAII+I protection (Mexoryl XL or TinosorbM+S containing filters).;positive
1479;i started on 30mg once a day. i take it at night when i go to bed otherwise it gives me restless legs. after 2 weeks i started on 60mg. that has only been 2 days so i don't know how that is going to affect me yet. i do feel a little more light hearted.;positive
939;About 5 years ago I had a serious recurring respiratory infection. I could not shake it, so my doctor - after using Augmentin and Septra, put me on Levaquin. The first course went well, with rapid resolution of my symptoms, but a few weeks later when the symptoms returned and I was given a second course of Levaquin, I began to have joint aches and pains which I attributed to my illness. By day 3 I could not rise from a chair. Both my mother and a close friend have had bad side effects as well. After treatment with Levaquin for 4 days, my mother began hallucinating and then had a heart attack and stroke, My friend has severe intractable pain which requires methadone for relief - after 1 course of drug.;negative
3008;For UTI, take one every 12 hours for prescribed number of days. (And finish the whole course!);positive
2788;pt started on 150mg daily for 1 week then increased to 300mg once daily. Pt continues on the regimen today (has been for years 5+);positive
1563;blood tests done 2 months after initial use showed dramatic drop in ldl and small particles. Its unknown what synergistic effect , if any can be attributed to Clomid for low T and levoxyl for low thyroid function, which were prescribed at the same time as the trilipix.. Both Testosterone and thyroid function were normalized simultaneously with ldl reduction. No severe side effects have been noticed from any of the drugs.;positive
3074;I had been taking Effexor, Welbutrin and Ritalin for over three years. The combination worked better then any other cocktail I'd taken. I complaine3d to Doctor that I was feeling lethargic so he switched me to Emsam. After a month he increased the dose. I attempted suicide. Found a new doctor.. Now taking cymbalta and welbutrin. Which seem to be working OK but they ain't no miracle drug.;negative
3746;I'm not for sure about the side effects. I sure hate the thought of life without Lamictal!I am really suspecting it, though.;positive
713;I am only 15 and wanted to not have to fight acne for the rest of my teen years. I have tried multiple amounts of acne medications, but were all ineffective and I suffered more than I did on accutane. Yes, the side effects were odious, but it was nothing that I couldn't handle. The worst was probably the dry lips, in which I soon discovered that the classic Cherry Chapstick was sent from heaven (and must be applied consistantly). I got a lot of bad sunburns & rashes, and my face was constantly red and peeling. I had to get a quality moisturizer and apply throughout the day, and even that wasn't efficient. I eventually had back pains and wore out easily, red eyes, nosebleeds, and minor depression. In addition, IPLEDGE and the monthly blood tests are a hassle. But from the first week I started to clear up continually without initial breakout until now I am 100% acne free. I used to have very oily skin and hair, which now I don't have to worry about. I know results differ from each individual, but I wanted to spread the word that it can work, and I have a lot of friends that have benefited from this product also. Acne is not the end! Accutane can really boost your self confidence. I would recommend on giving it a try. It could change your life forever!;positive
783;I couldn't lift anything heavy cause of the inflammation in my chest or breathe in really cold air. The doctor told me instead of using Naproxen I can take a hot shower, use a heating pad or to take Ibuprofen to alevate the pain I was feeling when the inflammation would come back or get worse.;negative
3040;I took 200 mg at night at first. This was then decreased to 25 mg at night to help me sleep.;negative
3219;"Very simple once you establish a simple routine. ""Shared Solutions"", the company behind Copaxone provides you with everything you need for each injection, including; in home injection training, which I was able to get down with just one session, but they will come as often as you need. You load an injection tool with a syringe. Remove the cap from the syringe (simple). Wipe the inection site with a kind of cheap, provided alcohol wipe. Let the alcohol dry (30-60) seconds. Place the tip of the tool on the injection site, press a button and the tool injects the shot in about 7-15 seconds. It varies. Yeah, I called them cheap alcohol wipes, but they are good enough and I'm picky. I buy my own because they are inexpensive. Most important as stated earlier by ""49 year old female"" rotate the injection sites. Rotate, Rotate, Rotate. No tissue damage for me so far from Copaxone, but minor damage from Avonex on leg. Rotate!!!!!!!!!!!!!! Shared Solutions offers great support via the phone or website. I used them a bit in the beginning, but not much since, but I do know that they are available until late evening with knowledgeable, understanding and sensitive ""NURSES"". They deserve the ""Atta Boy-Girl"" this paragraph took up.";positive
2768;once a day I had to a tiny amount of the cream on my face after cleaning. That is all, and it worked.;positive
693;I was started on a low dose, which cleared my acne in a couple of months but my doctor then had me repeat another 4 month session to make sure the clearing of my skin was permanent. I know there has been a great deal of controversy about this drug and its side effects. But for me, it is the one medicine that I have taken that made an enormous difference in my life.;positive
4116;I followed the recommended drug regime, until I reached a dose of 1 mg a day. I did not feel the need to increase dosage beyond that, as I stopped smoking, and was having side effects of nausea, stomach cramps, kidney pain, as well as mood changes, which I had anticipated, and thought were normal.;negative
3500;One tablet is taken whne required and a second one can be taken after two hours no more than 2 to be taken in 24 hours;positive
330;Taken for anxiety,initially in an acute stage. This was followed by a decision by patient (myself) to continue for 3 months in order to reduce arousal levels whilst undertaking therapy using the theraputic model ACT.;positive
400;"Treatment consisted of a morning and evening dose of lantus split up as 30 units in the evening and 15 units in the morning. It took approximately two years of playing with the dosage amounts to find this as the ""best fit"" as all dosages either resulted in extremely low evening blood sugars or extremely high morning blood sugars. Also, changes in activity result in severe blood sugar swings as well.";positive
1502;Metrogel was applied after cleansing, before applying moisturizer. This was done twice a day, morning and evening. There was no change in the 'bumps' that were on my face, and there was no change in the progression of others that were forming. I religiously used this get for two years before stopping treatment. Using Metrogel was a complete waste of time for me.;negative
3947;I was given Prilosec prescription at a dose of 45mg per day. Medication was taken once, every morning before eating. Each treatment duration was for 6 months.;negative
849;I would set the alarm for 6am, take ritalin, go back to sleep until 7am. This gave the ritalin time to kick in so I could feel awake when I arose. Just after lunch I would take a 2nd dose of ritalin 20mg SR to keep me awake and able to concentrate through the afternoon.;positive
4154;This lotion was applied to cleansed skin topically twice a day for a period of one year. The result was the drying of and reduction of very bad acne and skin boil breakouts with the side effect of red, dried and slightly sensitive skin. This was reduced by using a non allergenic topical skin moisturizer which alleviated the side effects;positive
145;The first day, you take 2 pills and then for the next four days you take 1 pill. The packaging is excellent and tells you exactly what pills to take and when to take them. As previously stated, no one in my family has experienced any side effects from taking this medication. We have taken both the Z-pak and the generic form. It works incredibly fast and has saved us from many vacation disasters!;positive
3116;28 day pack, 1 pill a day for prevention of pregnancy. Prescribed 28 pills to take once a day for a year supply through my doctor till the next annual exam.;positive
4000;Surgery and rod implanted in my right leg, thigh to knee. It is also a long recovery and rehabilitation from walker to crutches and cane. I am taking calcium (Jarrow's Bone-up) twice daily, 50,000 units Vit D weekly, and will have a variety of tests regarding Niacin in about 2 weeks as a follow-up with my primary physician.;negative
1962;I started on 50mg twice aday with out any pain relief. The dosage was increased to 100mg twice a day with some pain relief but the side effects began;negative
839;I have fibromyalgia, and was having a hard time with the high fatigue levels and difficulty concentrating. At first I just took Wellbutrin to help with these things, but a doctor suggested trying Ritalin for better results. It does work much better than the Wellbutrin for these symptoms.;positive
543;75mg. before bedtime and I sleet thru the night every night for 18 years. Once in a while I would forget to take it and not know that until I woke early and concerned why it was'nt working that night, but next morning I would see the 1/2 pill still on the table with a glass of water. To me it was the best unintended test of whether I still needed it, I did.;positive
2888;I had used Differin in the past with good results but was considerably younger then--in this last round I tried it hoping to reduce wrinkles but couldn't proceed with using it due to irritation etc.;negative
95;Pristiq was prescribed at a 20 mg dose and then increased to 40 mg dose. I continue to take it as it has been the most effective medication for alleviating symptoms of depression that I have tried, including Prozac, Effexor, Wellbutrin and Lexapro.;positive
3480;The pain in my side was found to be viral hepatitis. I continued with Diazepam for two weeks. Treatment then consisted of reducing fat in the diet and not drinking alcohol for 3 months. I lost a considerable amount of weight as a result.;negative
4119;started with smaller doses and titrated up over time. It made the nicotine completely ineffective. the desire went down after several days. I don't really have much else to say.;negative
3195;He was supposed to take it for 10 days, but the behavior was out of control, so the pediatrition told me to stop it for 24 hours and see if the behavior changed. I stopped on day 7 and within 18 hours, he started to improve- within 24 hours he was almost back to normal. The pediatrition and pharmacist both say that it doesn't go to the brain, and therefore can't cause behavior changes, but SOMETHING in that drug definitely effected him. I know my child and I watched him very carefully, I KNOW it was the antibiotic. I won't be using it again for either of my children.;negative
259;I was told by my doctor and pharmacist that this was a non-addictive medication, but when I quit taking it the withdrawal symptoms were extreme. I had cold chills,severe body aches, diarrhea, nausea, headache, heart palpitations, anxiety, sweating, dizziness, vomiting and depressed feelings. I got a refill prescription to gradually come off of it after that and it occurred once again. I have never had substance abuse issues but after doing some research learned that it is opiate-based and highly addictive. I have never felt that kind of pain and sickness in my life and pray I never do again. I have heard similar experiences from others as well. I would not recommend this drug and do not believe that it is not addictive. From now on, I will do my homework before I take anything else. I now use OTC pain relievers and I encourage everyone who reads this to do the same before beginning treatment with tramadol or any pain reliever.;negative
322;Treatment to get off Ativan was to take .25 off per week for several weeks.;negative
1453;Cymbalta 20 mg 2x a day for one weeek to get acclimated to it. Cymbalta 60 mg 1x a day.;positive
1815;Many creams all were ineffective. Because of the autoimmune disease process, light therapy could not be used. It more or less ran its own course. Took over 6 months for all rash and outbreak to subside.;negative
1493;Thin layer of Metrogel over affected areas of face 1x per day after face has been washed and is dry.;positive
2390;"I had long complained of fatigue, listlessness, disinterest. I exhibited classic symptoms of hypo-thyroid, but did not check out as such in the standard blood test. A new doctor understands that not every person will fall within ""standard"" test results. God bless her. The results were rapid and positive with an increase in energy, loss of about 10 pounds of excess weight.";positive
2196;Morning and evening, one tablet, 2 mg. There is a buildup period and until the body has adapted there may be some drowsiness or motor control deficiency. These are gone after a month or so.;positive
3481;"Many people I know - I now work as a health care professional - erroneously believe that Valium, Xanax, Ativan, and other benzodiazepines must be used ""as directed"" and have enhanced benefit if ""built up in the brain""- ie: in ways similar to SSRI's effect on the brain over time. I was entirely aware that diazepam is a ""prn"" medication, and chose to use the prescribed dosage on one particular day hoping it would carry me through a difficult situation. Unfortunately, I suffered a ""paradoxical reaction"" which cost me dearly in many tragic ways. I was in a state of severe psychosis for days- because my ""benzo"" level was low when admitted to the hospital, I was given diazepam for an additional two days, whereupon I apparently refused to take any medication at all, and recovered as I ""detoxed"". I have absolutely no memory of five days of my life. I have done research into this phenomenon, and must warn all that this seems to occur most often in indiviguals with dopamine/GABA reuptake variants- such as those with ADHD, Parkinsons, and also PTSD. Diazepam is a ""bandaid"" and offers no long-term therapeutic benefit whatsoever. In fact, ""rebound"" anxiety and profound depression are common. What is most ironic is that in the medical setting, this occurs often after administration of ""Versed"", is recognized quickly, and fluzanimine is given as an antidote. Outside of this scenario, the patient is blamed, treated as a suspected drug addict, and stigmatized.";negative
2687;Patient was taking a low dose of Lisinopril 1 pill a day for slight high blood pressure. She took the medication on and off for 5 years. She would take it when she felt she needed it. Sometimes for about 3 months in a row and other times just 1 time a week. Sometimes she would stop taking it for a couple of months.;negative
2488;Did little if anything for depression and anxiety. On 15mg things got worse and I got angry so easily but this went away on 30mg. I didn't put any weight on and I didn't feel very hungry on this drug and I thought that was supposed to happen.;negative
913;Took him to doctor a few times for deppression. Doctor wrote a perscription. He was just a M.D., did not get a syc eval.;negative
1991;Vicodin (Hydrocodone and Acetaminophen) was prescribed at one to two 500mg tablets every four to six hours. The drug induced deep sleep, followed by restlessness, heavy nausea, and extremem dizziness. Discontinued use of the drug after three days due to severity of side effects.;negative
2498;I just started treatment for severe depression. I sleep okay, but have nightmares all night, which is why my doctor recommended Remeron. I am going to ask for a change in this because even though it has only been a few days, I am barely functional.;negative
242;The wellbutrin helped me regain control of my appetite and as a result i took back control of my happiness and wellbeing.;positive
1820;This drug is amazing! After being in almost constant neck and shoulder pain for approximately 2 years, within 4 days of my first injection of Humira, I was practically pain free. I am also taking Etodolac and am planning to taper off this anti-inflammatory in the next couple of months if possible.;positive
3196;Son has been on several antibiotics but this one has seemed to cause major behavioral changes. He became irritable, aggressive and uncontrollable. If you use this for your child please stay aware.;negative
1624;I began taking estrogen replacement after my hysterectomy. Due to having to have both ovaries and womb removed. I take estrogen once a day everyday and have been taking it since 93. I believe I have benifited greatly from this hormone replacemend;positive
470;First two times had the IV steriod for an hour or so. Last two times took benadryl before. Recieved Remicade IV for 2hrs. Always slept after. Nurse would check on me during treatment everything was normal.;negative
2414;After finding through a blood test that my thryoid levels were off, my doctor prescibed this medication for me. Within just a couple of days, I noticed a marked improvement in my energy level.;positive
472;The treatment is was fine how ever the side effects where much worest than the treatment. Johnson and Johnson sent me a certified letter pertaining to my problems with the side effects and I answered their questions but they never did get back to me at all about my condition.;negative
1798;Have now been taking off the drug as my GP thinks I have an intolerence of the drug of which I told them off in the first instance. Feel worse now than I did initially as now so tired and unable to hold down my job, or in fact function in any positive way at all right now. Further advised that if I still feel depressed in a couple of weeks they will try prozac!;negative
106;I have been taking Celebrex now for over five months. I am very pleased with the drug it has helped to relieve my stiffness and pain with no bad side effects. I was concerned about taking this drug on a daily basis or extended term but my experience with no side effects has lowered my concern. I will continue to take it as I do see a difference when I don't, my knee is more stiff and difficult to walk at times. I have tried naproxen but for me celebrex works better.;positive
3765;Sprironolactone taken once a day in combination with antibiotic erythromycin to clear up acne that was triggered by hormones and antibiotic alone did not clear up.;positive
3895;I can't remember quite well but it was to take it after each meal 3 times a day.;negative
1809;take 60 mg oxycontine every 8 hrs and one Traumeel at same time taking oxycontin. Traumeel tablets are to be taken sublingually, under the tongue to slowly dissolve. After a one week period of taking the Traumeel with the pain killer, i noticed substantial results.;positive
2767;Had to apply the cream to dry, washed skin every day. It was supposed to show improvement withing a week or two, but it never helped very much at all.;negative
3199;The antibiotic significantly diminishes the immune system, allowing severe sensitivity to take over body and consumes productivity of your overall life. After four months, I still flare up from simple triggers and makes life pretty much stagnant.;negative
800;Although this medication was immediately effective in treating insomnia, it was also temporary. More dosage was required after a few weeks, and addiction was possible. Off the medication, insomnia returned and was more severe than prior to taking this drug.;positive
680;I took this drug twice - both times for 3 months at 30mg a day. The first time I took it my skin cleared up in 3 days. Not only did my acne disappear but my excessively oily skin turned normal in 3 days as well. Things were great for the time that I was on the medication but about 1 month after finishing it my skin returned to its old self - moderate/severe acne and extremely oily. I took the second course of this medicine about 1 year later. The second time was the same dose and time - 30mg per day for 3 months. It had absolutely no effect on my acne or oily skin the second time around. I am still battling this problem 10 years later.;negative
2541;I took one pill a day, at night for 90 days with a big glass of water and never skipped a dose. I had a few nights where I had some wine and champagne but never overdid it and tried to steer clear of alcohol as much as possible.;positive
2844;My maintenance daily dosage: AM - Meptin 25mg , Ansinar 200mg PM - Meptin 25mg , Ansinar 200mg, Kastair(Montelukast)10mg;negative
2093;take two and half tablets in the morning for two weekds then three tablets for two weeks then increas to 3.5 each morning (5mg)tabs;negative
978;only took it 5 days and felt so much better when off this stuff even though i still have a uti;negative
2920;I only was required to take one tablet in the evenings, this was easy and I never forgot.;positive
1778;I took one dose a couple hours before bed each night. I also have regular therapy, yoga practice, daily exercise and healthy diet.;positive
1177;"I began taking 10 mg. in the morning and 10 mg. at night. THis was the best dose, but as I began to feel the need to get off the drug I eliminated the 10 mg at night. I felt a slight drop in well-being, but adjusted to it. THe withdrawal rom only 10 mg took several months and required the substitution of wellbutrin on order to get through it. I now take 150mg of wellbutrin which has a mood stabilizing effect, but not the feeling of ""well-being"" I had from prozac.";positive
2341;Given 1mg Propecia for ~one week in 10/05, noticed instant compromise of sexual capacity and an increase in anxiety & confusion. Stopped because of this experience, however did not completely regain libido, sexual function or mental sharpness as promised. Tried treatment again two years later thinking my experience was normal and would subside with continued use (as indicated in drug info), until the same exact thing happened. I researched the symptoms and learned I was not alone thanks to propeciahelp.com, I stopped once again and have strived to reverse the damages since to no avail.;negative
3016;So I think I have described the details as I can or needed in the descriptions listed above. complely;negative
1115;I started on effexor after a serious suicide attempt following chronic sleep deprevation. The trazadone was quickly added. I effectively slept and within several weeks of taking both medications (taking the effexor and trazadone at bedtime) found my depression relieved.;positive
4068;The treatment being described as above. I consider it to be a mis-diagnosis and was quite disappointed that a Medical M.D. who not consider that I knew my own body well enough to know what was really wrong. Hence, I was diagnosised and prescribed incorrectly. Knowing this I did not follow through on the treatment plan. The only reason I decided to take the meds in the first place was because a nurse friend of mine also convinced me I should take the meds. They were both wrong.;negative
1229;NO DETAILS REALLY, JUST TAKE PILLS AS PRESCRIBED, TRAMADOL 2 A DAY AND CYMBALATA 2 A DAY. I CAN ADD A TRAMADOL IF I AM HAVING A FLAREUP. I'M LEADING A PRETTY NORMAL LIFE. I DON'T HAVE AS MUCH ENERGY AS I WOULD LIKE BUT I SURE HAVE A LOT LESS PAIN.;positive
931;"I began having very irregular heart rhythm within about 2 1/2 weeks of taking this medicine. I began feeling like I was going to pass out or maybe my heart would stop beating & I would just keel over & die if I didn't immediately start moving around. I could be sitting or laying down in bed & these ""spells"" would come on out of the blue & very regularly. I spent one night up all night laying on the couch because it was so bad that I was afraid that if I fell asleep I might not wake up. I tried to pretend it would go way at first but then made an appointment with my Dr. first & then a cardiologist, it was just too scary. My Dr. didn't believe that it was the medicine. By the time I could get in to see the cardiologist & have the heart monitor holster, echocardiogram etc. done I had been off the medicine for 2 weeks & the symptoms had lessened & of course did not appear while I was being tested. The Dr. thought I was crazy & that there was no way it was the medicine & that maybe I was having panic attacks. I have never had a panic attack in my life & I have had similar heart rhythm symptoms with other meds that quit when I stopped taking them & I know my own body. It WAS the lovastatin. It took a year & a half before I started feeling normal again & didn't have these attacks come on sometimes. I truly believe the lovastatin had an affect on my heart that took that long to get better. I will NEVER take another cholesterol med again that has the possible side affects of affecting muscles. The heart is a muscle. I also found that other people have had this same experience while taking statins while I was researching this on the internet. Neither Dr. would even look at the article I printed out about it & it was even written by another Dr. who was researching statin side affects.";negative
4103;The side effects, aside from the weight gain, were tolerable enough to enable me to quit. I have back slid a couple of times and found taking the pill for a few days resolved the problem. It has been a year since I first started taking the drug.;positive
1266;"My ER doctor immediately paged the cardiologist on call. Arriving quickly, he assessed my condition and determined that my only chance of survival was a transport to a regional heart center 35 miles away. As he awaited the ambulance, he took me to my local hospital's heart catheterization lab, not to put a stent in, but to push a tiny balloon through my femoral artery to a destination next to my aorta, after which a tiny battery powered air pump was used to inflate the balloon and keep it inflated. The balloon (called an intra-aortic balloon pump) works by temporarily filling the empty space around the heart, then applying continuous gentle pressure to my aorta in an effort to keep my blood pressure from additional falling past the small amount that would otherwise kill me. Arriving at the heart center I was unconscious and would lapse into a coma for 9 days, kept alive by mechanical ventilation through a tube inserted through my throat to my lungs (""I'm in"", the TV doctors always say when the get the insertion right).";negative
2862;There aren't any treatment details. The pain management physician prescribed the medication each monthly visit and increased the dosage not long after introducing the drug as treatment. These kinds of physicians are really drug dealers cloaked in an DEA approved office.;negative
1021;Vyvanse is a new medication used to treat ADHD. It is a time-released capsule. It is easy to swallow (no bad taste like pressed pills), and does not upset your stomach. I took one 70mg pill in the morning. The pill releases the drug slowly, so ur not hit with all of it at one time. This allows for the medicine to be equally effective all day, not just for a few hours. I did NOT have any of the normal ADHD med. side effects, such as: rapid heart rate, anxiety, jittery feeling. The only downside to this medication is the cost. Since Vyvanse is new, there is no generic for it. I paid $160/month for 30 pills! I was self-pay though, so I'm sure having insurance would be ideal! Although it is very expensive, it is well worth it.;positive
2664;Daily dosage of Lisinpril with HCTZ (water pill) 20mg. Reduce / limit intake of all forms of dietary sodium to 1000 - 1500mg. per day to reduce pitting edema. Brisk walking exercise 3-5 times a week for 45 minutes per session. Baby asprin daily and Vytorin to effect cholesterol levels.;positive
3659;150 mg capsule taken with breakfast and 75mg with evening meal. This was accompanied by psychological counselling, mainly cognitive behaviour therapy;positive
1766;My GP prescribed stemetil for the nausea associated with a migraine. 5 mg x 3 a day. After experiencing the symptoms as described above, I returned to the Doctor. He injected me with something? which counteracted the uncontrollable cramping I was experiencing.;negative
3871;Initial dosage 15 years ago was 150 micrograms/day. Increased steadily for first 5 years to 300 micrograms/day. Has remained at 300 micrograms per day for last 10 years.;negative
3409;The patient was given a daily dose. After transfer to a care facility, the regimentation in taking the dose was firmly set in place. Staff medical personnel on site did not observe any benefits, and as a result, after about 6 months the prescription was terminated. During the time the drug was used, there was a patient review every other week to ascertain whether there seemed to be any improvement in the patient. Memory tests were administered and one-on-one interviews were executed by medical personnel. The results of the memory testing showed no net improvement nor was there any identifiable changes that might be considered positive. Ultimately her psychiatrist in consultation with the family decided that the drug did not seem to provide any net gain.;negative
1104;Though starting at 37.5 mg, the psychiatrist quadrupled the dosages within one month's time to attempt to make a dent on my emotional condition. The month was ended abruptly due to hospitalization for attempted suicide by overdose. I was not weened off of the medication. The doctor was then brought before a committee for misconduct in prescribing Effexor to a minor as well as disregarding warning signs of a suicidal youth. This was the worst month in regards to my depression and anxiety, and was a definite reversal in any progress that was accomplished with a different doctor on a different medication.;negative
107;The knee pain became progressively more severe over the course of 2-3 months. My family doctor sent me to physical therapist who stress tested the knee, and the physical therapist determined that I should see the specialist. A consultation with an orthopedic doctor was scheduled with an MRI performed. The MRI showed some swelling in the knee joint ligaments under the front of the knee cap. No tears or spurs were visible, thus the diagnosis was possible early stage of arthritis and/or minor injury. I felt the arthritis was not completely impossible but more likely that some possible injury was probable owing to my daily work activity but no exact injury could be documented. After the week of celebrex usage, without any noticable relief, I chose to discontinue the medication route in favor of some time off (2 weeks) with ice-pack heat-pad therapy to reduce swelling and pain. Next I self applied sparingly over time some physical therapy at the local gym, to strengthen any possible sprain-injury situation that may have occurred. To date my knees have been relatively trouble free when i adhere to age appropriate work and leisure pursuits (reducing strenuous projects as i get older). My construction business is slowest in late fall and winter, during which i continue my physical activity at a local gym. Thus avoiding future injuries.;negative
2513;"Not sure what this section requires ? It's a straight forward case of pain relief in response to the flu virus. the symptoms and the side effects became inter-twined, so it was not apparent that this drug was causing a reaction and worse than that I continued taking it as I became more and more ill. This is an over the counter drug, I would have appreciated more information from my pharmacist. I have tried to tell as many people as possible about what happened. After I have stopped taking the treatment I am left with a susceptibility to asthmatic type symptoms, it was also scary as I instinctively knew I was getting worse and became concerned something very serious was going on. I have never experience that type of ""illness"" before, normally I take time out and get well... this was an eye-opener.";negative
2059;I take the prescribed dosage every day, get annual breast exams, pap and BMD tests. I try to stay physically active and eat healthy foods.;positive
2601;My sister is also on this pill (for birth control) and she has experienced many side affects from it, too.;negative
843;before ritalin, artificial stimulants were required to be effective, withour stimulants I was unable to motivate myself to do the things that needed to be done & was very ineffective. Cocaine got me through grad school & my thesis, but ritalin allows me to function with out illegal stimulants -- problem is finding a doctor who will write rx for the dosage that is most effective (i.e. 20 mg 5x / day). I am interested in a study that monitors efficacy / tolerance in patients who need / take high dosage on a long term basis.;positive
2565;I could not take any anti-depressant medications. I tried them all but had terrible side effects. My doctor is extremely good with medication therapy for depression and anxiety and decided I have a serotonin sensitivity and so put me on this drug which works on a different endorphin pathway called gabba. I have had terrific success on it and although it too has addictive properties like other Diazapenes, I have not had to increase my dose at all therefore he doesn't think true physiological dependence is developing.;positive
2680;One daily dose of 30mg at night, never skipping a day. I go 3 to 4 times a year to my hypertension ist for checkups.;positive
3096;when i first started taking the medicin, i had very severe acne. the change in my condition was notisible after about 1.5 months and after 4 months i had mostley red marks who were left after the pimpels. today I still have some acne and once at a while a big pimple pops out, but i am satisfied because the proces was very easy and as i sed i had no side effects.;positive
2890;Relieved my symptoms of Interstitial Cystitis significantly after 1 year or so on the drug. Even within 3 months it greatly reduced the pain associated with the disease and decreased the number of times I had to use the bathroom from 40 per day to <20 per day. With continued use, I believe it helped reduce inflammation/mast cell production in my bladder, and along with dietary changes and treatment for infections to my bladder wall lining caused by Lyme disease related organisms, Elmiron allowed my bladder to heal to some degree, reducing my symptoms further and my incidence of urinating to <10 times per day on average.;positive
1889;I had to take 2x 100mg tabs on the 1st day & then 1x 100mg tablets for the following 6 days. Although at one point the bringing up of rubbish was reduced, it didnt last very long & my chest is still feeling like I have an anvil on it =( I found that I had to eat 2 rounds of dry toast 30mins before taking the tablet & ensuring I was upright for a min of 45mins after taking the tablet to ensure I wasnt sick.;negative
3192;I took omnicef orally for 10 days. After the clostridium difficil was diagnosed, I had to start a new course of drugs which had to be repeated before the new infection/condition was cured.;negative
773;I would never take Naproxen again without having a LONG discussion with both a doctor and pharmacist.;negative
2805;I took the drug for many years before it became a problem and I had to stop. I'm not sure what you want me to describe here.;positive
790;Take one tablet nightly before bed as needed and when you are sure that you will be getting at least 8hrs. sleep. Do not drive or operate machinery while taking this medication. Use care until you are familiar with effects.;positive
3719;I was seeing a therapist and psychiatrist for over a year and had tried 4-5 medications for depression, some worked temporarily, some not at all. Both therapists thought my symptoms indicated Bipolar II and I should try a different approach. I stared on a very low dose, as indicated, so the benefits took a while to notice. When I reached 150 mg, thought it was too much so dropped back down to 100mg and have been on this dose for about 18 months. i have a med check 3-4 times a year.;positive
3231;simply putting it in forgetting about it for 3 weeks and then take it out and be without for a week. simply doesn't get any easier than that.;positive
3245;Doctor inserted the NuvaRing during the office visit. No literature was provided so was not given the easy opportunity to read about side effects. There was no discussion with the doctor about side effects.;negative
422;I have taken both the shots and the pills (separately) and they both worked well. I would need to take the pills before getting sick to stomach, because if after, I could not keep pills down. The shot worked regardless of when I took it.;positive
1092;"I'm not clear on what is wanted in this section. I will do my best, and if you wish to email me with a request for specific info, I will be happy to help. I was seeing a psychiatrist 9 years ago who thought Effexor was worth a try. I had been on Prozac a few yrs previous, and although it worked really well, after taking it for two years I developed the side effect of experiencing arthritic pain in my hands. That was the reason I discontinued the use of Prozac. After being off the Prozac or any other meds for a year or two, I could feel myself sliding back into the black hole of depression and severe anxiety. I found a doctor (psychiatrist)and he put me on Effexor. It was a miracle. I was soooo happy to find something that worked so well, and on the first try. (Several years before, I had gone through what my family refers to as the ""year of hell,"" when I first began the journey of searching for an anti-depressant that would work AND not have side effects that kept me from functioning normally.) My treatment consisted of: Taking the 300 mg of effexor, and monthly visits to my psychiatrist to determine how well my effexor was working and to discuss other treatment options. Although I could notice a marked difference in my mood, I still felt that I wasn't nearly as healthy mentally as I needed to be. I would still have days when I felt ""paralyzed"" and very anxious. When I discussed the problem with my psych., he suggested that I add Luvox, another anti-depressant, to my regimen. That helped as well, although there were two unpleasant side effects: 1) loss of sex drive and difficulty achieving orgasm, and 2) night sweats. My doc prescribed 1 mg of hytrin for the night sweats; it worked, and he recommended 60 mg. ginko biloba daily for the loss of sex drive. It may have helped a little, but I was never quite sure. One other thing I found beneficial for my anxiety was 10 mg. dexadrine. It seemed contradictory to me that a stimulant would calm me down, but the very first day I took it, I felt calm for the first time in my life. Up until then I didn't realize how severe my anxiety was, because I had never known what it was like to be without it. But that very first day I took it, I felt a calmness come over me that was such a relief. Always before, I had a feeling inside that I can only explain as the feeling one would get if one was late for an important meeting with one's boss. Sort of like, ""I'm late! Gotta hurry! oh, no!"" That was a feeling that I had always had, and it had nothing to do with what my situation was-- late or early, it made no difference. For the first two weeks I took the Dexadrine, I didn't pull my hair (trichotillomania)at all, nor did I even realize I wasn't pulling, as I didn't even think about it. Unfortunately, I did go back to pulling after that. The 2 side effects I experienced with the dex. is that 1) it made me drowsy for about the first hour after I took it, and 2) it made me feel like I lost my spontaneity. I got a lot more done, and I didn't feel so panicked, but I wasn't as much fun. For that reason, I stopped taking it regularly and took it maybe only half of the time. After maybe a year or two I quit taking it altogether and when I went back on it last year after having been off of it for about 5 years, it no longer worked as it had before. It made me feel jittery as though I'd had way too much coffee. It just made the anxiety worse. I'm not sure if I was supposed to tell about more than one medication for this survey. However, these four meds I've mentioned were all sort of intertwined, so it seemed appropriate for me to do so. I have taken a myriad of other anti-depressants in my quest to find one that would work, and I would be willing to share my experiences with those other meds as well. Just let me know if you want mori info.";positive
283;I take this medication for severe narcolepsy. It has helped with the feeling of not sleeping at all when I would wake up the next morning. However, if you do not get into bed and STAY for about 3 hours you can fall and do things you don't even realize you are doing. I got up to use the bathroom a few times on this medication and once I fell into the bathtub and also have fallen asleep on toilet if I have gotten up to use the bathroom. It can take affect VERY quickly if you have an empty stomach. There was a time I thought I had at least 15 minutes before it put me to sleep but I hadn't eaten much and it kicked in in 5 minutes. I fell asleep talking to my Fiance. It literally knocks you out like when you are put under anesthesia for surgery. It can be very dangerous but it is quite affective for helping you sleep and go into the refreshing cycles of sleep.;positive
2079;Besides taking this drug my treatment regime also included diet change limiting carbohydrates, increasing fiber, and portion control. I increased my activity level by using a treadmill daily. This combination resulted in not only regulating my blood sugar levels, but also a weight loss of 20 pounds.;positive
1182;basically you need to see a psychiatrist as often as your condition requires. i also recommend concurrent visits with some type of therapist or counselor, as this will increase the benefits you receive by taking the medication.;positive
232;In conjunction with taking Lexapro for anxiety, Wellbutrin XL was taken (150 mg/day) to reduce depression and balance the side effects of Lexapro, including lethargy, weight gain and sexual dysfunction. Lexapro was taken in evening, Wellbutrin XL in the morning.;positive
3283;I was supposed to take a pill every morning with water. I felt better once I stopped taking the pills and actually just started working on myself and my goals and then also wehn I started doing volunteer work to help children.;negative
815;The treatment does not require very much other than taking the prescribed drug as needed. However, if you take it a few nights in a row, it it difficult to stop. But you should stop because it makes you very groggy and gives you headaches during the day. It is good for a sleepness night when back from traveling so that you can get back on a regular sleep schedule. It should not be taken on a regular basis.;negative
3292;Initial dosage was 50 mg gradually over two year my span dosage increased to 200 mg. I still am taking Zoloft. I am somewhat fraid my symptoms will resurface. I am also concerned about any withdrawals or headachs.;positive
3182;I take 1/3 to 1/2 of a tablet each night about 20 to 30 minutes before going to bed.;positive
917;I take 20 mg once a day first thing in the morning, and it no longer keeps me awake late into the night. I overall would recommend this drug to others. I take the generic.;positive
1544;I started with 4 tabs and increased to 6 as the all over body pain increased and then they were going to put me on prednisone. I opted to turn to homeopathic treatment and weaned off the methotrexate. The all over body pain went completely away but the psoriasis was exacerbated. I'd rather have that than not be able to walk or move.;negative
1955;I was prescribed 75 mf of Lyrica to be taken twice daily for seven days with and increase to 150 twice daily to follow. Due to the side-effects I was experiencing my doctor discontinued this medication on the seventh day of treatment.;negative
4001;weekly by pill no food for at least 30 minutes said to remain resident in the body up to 10 years initiated weekly exercise - weight bearing to improve the potential for success;positive
2672;'Heart failure' probably due to muscle wastage, as concurrentl seen in external muscles, as a result of malabsorption leading to gross malnutrition. Change successfully effected with food intolerance testing and susequent dietary reform.;negative
1147;This is the most remarkable drug available! Insurance companies REALLY NEED to cover this again!!!;positive
3532;Was told I fall into the low percentage of people who have these same side-effects. Taken off Lunesta and cannot take Ambian for the same reasons. Tried Melatonin, 5mg a night...works like a charm and I haven't been in the kitchen baking!;negative
2971;Niaspan ER 500mg twice a day was changed to Niaspan ER 2,000 mg every night, then changed to Niaspan ER 1500 mg every night.;negative
143;I got it from a girl I was dating on and off who didn t tell me until I confronted her about it she denied it at first but came clean after about a week. The first month was the hardest, not knowing what to expect or how people would treat me. After I joined HerpresFish.com, I learned to except my situation and not let it burden my life. To those who are new to this it gets better after time less stress equals less outbreaks. I want to commend HerpesFish.com for giving people like us a platform to share or stories with people living with the same conditions.;positive
1018;i started 5 years ago due to hystromectery I hve a mood disorder and it was felt that menopose would complicate that. Since then I have thought it was the right decision and have been grateful foe the doctors suggestion.;positive
2940;started at 5 mg then increased every 5-7 days up to 25 mg. Hyperactivity decreased with longer treatment;positive
81;two puffs as needed every four hours. I have taken albuteral and it does help but this is awesome. It works within seconds and you don't get shaky;positive
3137;The pills were taken three days before the flight to South Africa, specifically one pill a day for ten days or duration of trip. Upon arrival home to the United States the pills were taken for a few more days.;positive
1617;I was starting menopause and was having hot flashes and disturbed sleep, and migrane headaches. the doctor prescribed premerin and I only took it for 2 months. I saw a natural medicine doctor and started on a natural hormone therapy that worked very well. My headaches stopped and My sleep pattern returned to normal and I lost the weight I gained while on the premerin.;negative
377;My doctor put me on this and told me im bipolar. However I feel more bipolar with it. I did well on cymbalta but it raised my blood pressure. Lamactil has made me very agressive and angry! I cry all the time and my doctor told me he wanted to up the lamactil, and I said, but dr. I didnt feel this way before. And he uped it anyway. I am not taking the new dosage bc I have a child who is possible schizophrenia but is too young for the diagnosis and two angry people is not a good mix. Also I have taken vyvanse for over a year and its a stimulant as well in the past ritalin and adipex for weight loss, never have I experienced anger like tjis!;negative
1615;use every other day a pea sized amt to entire face. Don't use more than this or you'll get peeling, redness and irritation.;positive
43;My psychiatrist prescribed Zyprexa to help with the mood swings of Bipolar Disorder. I am classified as Bipolar Type II because I do not experience the extreme highs of mania (manic episodes) that accompany Bipolar Type I. I do, however, experience hypomania (hypo meaning low) so my moods still swing from highs to the extreme lows of depression.;negative
2094;with nasacort it is usually taken on a daily or semi dailhy basis. if applied correctly i can go two weeks without using this very expensive medicine. Vicodin is only taken when i experience headaches which i am told has nothing to do with my perenniel rhinitis... It works best if I take it as soon as i experience the apparent signs of a headache.. then, i don't usually have to continue taking it at the prescribed dosages of every 4 to six hours.. i have been taking vicodin or the generic for more than 10 years...i do not take in at night because it seems to cause insomnia.;positive
2936;As soon as the prickly heat starts I had to take 6 tablets daily for a maximun of 10 days I have never had to take the tablets for more than 3 consecutive days;positive
204;Once I applied it for my dermatitis (the doc. prescribed it to me because she said it was non-steroidal), there was redness and tinging on the side of the application, which I thought was a normal side affect that should go away on its own. I kept applying it diligently as prescribed. In c couple of days there was a rash on the area ( I called the doctor about it and she said to stop using it for a couple of days and then apply it , since that might have a been a normal side effect). I did what she told me to, so I reapplied the drug again in a couple of days, there was redness and irritation and then later on the following day I had a cold sore developing on the spot (the affected area where I was applying the cream was the upper lip and the noso-labial folds). Plus to everything else I had a bad a headache, which as I found later could have been the side effect of that medication. I went to another dermatologist and she said that she would have never prescribed that medication for the face especially if I have a tendency to develop cold sores because that medication serves as a immunosuppressant.;negative
1510;I have taken this drug daily for three years for hypertension in combination with Lotrel. My blood pressure readings have dropped from 160/120 to 120/80. The drug has been effective and well-tolerated.;positive
2600;Upon having irregular periods, my doctor prescribed the pill to regulate them. Upon taking the pill for a month, I found that my periods did become regular. In addition, the pill has so far prevented unwanted pregnancy. The only side affects I found were slight weight gain. However, this is easy to overcome with excercize. Therefore, I feel the benefits outweigh the side-effects of taking this medication.;positive
2709;Divigel is a topically applied Bio-Identical Hormone ( Estrogen) which I Highly Recommended. The product is applied topically at night to top of (leg) thigh. My benefits were improved mood, clarity of thought, increased energy, better sustained sleep, and mproved skin firmness and tone - even facial skin.;positive
3915;"1 dose per day completely eliminated acid reflux. From Nexium Take this medication by mouth usually once daily at least 1 hour before a meal, or as directed by your doctor. Do not crush or chew the capsule(s). Swallow the capsule(s) whole. If you have difficulty swallowing this medication whole, the capsule may be opened and the contents sprinkled onto soft food (cold applesauce or yogurt), or emptied into a small amount of water, orange juice, or apple juice and taken as directed. Rinse the container with an additional small amount of liquid and drink the contents to make sure the entire dose is taken. Do not chew the food/medication mixture or prepare a supply in advance; this may destroy the drug and/or increase side effects. If needed, antacids may be taken along with this medication. The dosage and length of treatment is based on your medical condition and response to therapy. Use this medication regularly in order to get the most benefit from it. Remember to use it at the same time each day. Continue to take this medication for the prescribed length of treatment even if you are feeling better. Inform your doctor if your condition persists or worsens.";positive
890;"I'm not sure what you mean by ""treatment details"" but I saw a psycotherapist for several months and she prescribed the paxil and ok'd the paroxetine. I share my treatment with anyone because I think that depression is not the best descriptive word for what was troubeling me. Thanks for your work!";positive
1100;I take 1 pill 37.5 mg each morning, they will up me to 75 mg and i will see if i feel better than better.;positive
2353;Took one pill orally in 1mg form, generic - daily for 6 months. (Am still taking....) At the 6 month mark I've certainly not lost more, the hair looks thicker, and longer. I do need to admit that I'm also using Nisim shampoo. Which has a clinical study reported to be successful. While it only has one ingredient which is thought to regrow hair, Saw palmetto , it's clinical trial after 5 months saw over 80 percent of men regrow hair. It's a stimulant that appears to work, while the shampoo appears to thicken hair. I think it is working in conjunction with propecia to restore my hair.;positive
3684;.. well I was taking this after breaking out of a relationship that I was in for 3 years. I was depressed living in a room that i rented off a friend. I was living before with the boyfriend in a home he owned but we bought together. I was working full-time and continued to do so after i moved but felt very alone and started to have panic attacks sorta in a mall.. trying to shop was impossible and I never left the house, only to work.. when i did go to the mall;negative
3385;"I was prescribed Baclofen with a number of other drugs to treat muscle and joint pain and stiffness due to fibromyalgia. When I first began taking the medication, I slept ALL the time--as much as 22 hours a day. I literally could not stay awake. This may have been due not only to the drug's sedating affect, but to the vast sleep deficit of that years of pain and insomnia had produced. As time went on, I slept less, and was less dependent on the Baclofen as a ""maintenance"" medication--I began to ""save"" it to take in slightly more concentrated doses when a severe muscle spasm or strain, or a ""flare"" occurs, which happens frequently in fibromyalgia patients. I have noticed that the drug is less effective than it used to be, requiring higher doses to treat the same level of stiffness or cramping.";positive
940;By day 3 on the pills I was losing touch with reality. By day 5 I was hospitalized in intensive care.;negative
1835;Got on Yasmin to weaken my flow, my acne from the previous pill went away (ortho tri clyclen-lo), everything seemed great. I was slightly discouraged about my weight gain, a few pounds here and there, but 2 years later I am 40lbs heavier than I was when I started this pill. I do not solely blame the pill for this but I can imagine it has aided me in packing on the pounds. I exercise regularly and try to watch what I put in my mouth. I have random weird mood-swings that only seem to be getting worse. I stopped taking this pill the other day because I couldnt stand always being tired, fatigued, moody, and the headaches were unbearable. I have had a few since that day but hopefully everything will start to get better. I am looking for alternative pills because most of them make my acne really bad, and I have never had acne as a teenager. My mothers friends daughter was only on this pill 3 months and had liver problems. My health isnt worth it. I would rather bleed for 8-9 days than possibly die. Be careful ladies.;negative
1741;I took 1 x 25mg per day which built up to 4 x 25mg per day over 4 weeks;negative
2550;"My sister was diagnosed with ADHD and so was my brother (Both were much younger 11 and 7 years younger) Both suffered from learning disabilities. I drove my sister to an appointment and due to my family history I was asked to take a questionair. I was then told that while I was not learning disabled (A Student), I was hyper and did I want to try the above drugs. They said I would never know how bad off I was until I knew what it felt like to be normal. I was given two perscriptions and was told to start with one dose of the dexedrine in the am and to take the Depekote and dexedrine in the afternoon. If that didn't do it they would up my dexedrine. With in about two months I felt like jumping from my skin and decided that organization was not that worth it. My skin still shows the scarring from all the picking and squeezing but my tone is no longer ""death warmed over"". PS the doctor that prescribed this to me was investigated, tried and convicted of over prescribing, drug dealing and improper relationships with patients. (I can't remember the exact charges but he did get about 16 years for dealing controlled substances and was turned in by two female patients who said that he took advantage of their situation and slept with them.)";negative
1995;I had severe diverticulitis with a kidney infection. I was hospitalized for a week and taking antibiotics and pain medication for two weeks after my release. Of course in the hospital morphine was administered for the pain management, but hydrocodone/acetaminophen was prescribed upon my release. I took the 10/500 which was more cost effective because I was able to break them in half to be less damaging to the kidneys and liver. I have taken other pain medication which gave me hives, made me have nausea or become jittery. I had no side effects from taking this medication or addictive desires to continue it after the infection was cleared up.;positive
3356;As previously stated, because my cholesterol levels were high, the doctor said I should take Lipitor for one month and then we would retest the cholesterol levels to see if the medicine was effective in lowering the levels. But, because I was unable to take the Lipitor for the entire month, the second cholesterol test was never taken. After taking the Lipitor for about 10 days, I stopped taking it. A few days later, I did try to take just half a pill. But within days, the side effects started to return.;negative
653;I wouldn't take this pill if you are susecptible to depression or anxiety, or if you are a fitness-minded person and care how you feel in your clothes. Very expensive as well. My health insurance doesn't cover scripts, and even with a $50 coupon from my OB/GYN, I still paid $160!;negative
2135;Medication was prescribed while in second grade. Socially and academically it helped her quite significantly. In school she was in special classes and the medicationhas helped her get mainstreamed into regular classes. She is able to soialize a bit better along with therapy. Her level of anxiety is better making her behave a little more relaxed and controlling regular outbursts. It also helped her in her weight due to the anxiety control. Definately able to see the difference when not taking the medication. Difficult to be in school without it.;positive
4034;I basically bought Tri Luma to treat a cosmetic issue. It helped relieve the problem a bit, but it created additionaly cosmetic problems. I am more embarrassed by the redness at my mouth than I am by the discoloration...actually, I don't know which is worse. I do not know if I would recommend the product to those with normal skin, but I would definitely not recommend it to those with sensitive skin.;negative
908;For depression take 20mg once a day. Will now come off and try another. Didn't work for me.;negative
2973;Started at 500mg with most of the symptoms, increased to 1000mg and developed constant itching and skin disorders;negative
1238;I stopped taking Asacol because of the intense stomach pain it caused me as well as the nausea. I found that while taking Asacol, my falre-ups did decrease but the side effects outweighed the benefits.;negative
1867;Twice a day for 5 days with large glasses of orange juice, which cuts the nausea.;positive
3853;Just take the pills every 8 hours to tame the pain because of the root canal procedure that was done partially, not totally because of the inflamatory process.;negative
1307;Perscribed to help with the following symptoms: drippy nose, sinus congestion, post nasal drip, coughing, and sneezing. Medicine was taken as directed with no real help. The only side effect was being a little dry.;negative
2770;I was prescribed to use 2 cream gels - duac and tazorac. I was using small amount of each: duac as night cream, and tazorac as a day cream.;negative
3479;Switched from Adderall to Dexedrine to compare the effects. Dexedrine is simply dextroamphetamine while Adderall is a mixture of Amphetamine salts. This might explain the increased effectiveness of the Dexedrine contrary to popular belief. I found it important to take several relatively low doses frequently to achieve a balanced effect.;positive
3502;In the 70's and 80's I just had to suffer from the pain and miss work days and cry in a dark room. I would take OTC sleep aids just to escape the agony. Found a Dr who prescibed Imitrex about 1989 which helped, but then in the late 90's my new doctor who also was a migraine sufferer suggested I try Maxalt and it has been what I prefer. My headaches are fewer now, probably because of Menopause which I am now using bio-identical hormones, biest and progesterone.;positive
2239;"I am to take this in the morning daily. I am afraid to stop it because I fear the hives will return, but the sleepiness and lethargy in the afternoon is not pleasant. I am considering cutting the tablet in two. I have stopped the pill altogether for a few days to see what happens since I was told to ""take as needed"".";positive
4081;I am to go back to orthopedic surgeon in 2 weeks (I thought I had carpal tunnel- but it was arthritis). At that time hopefully my wrist will be better and I can lower dosage to 7 1/2mg.;positive
1701;After washing my face in the evening before bed time, I would apply a thin layer.;negative
404;This medication is very expensive. Without insurance expect to pay between $270 - $300 for a month supply, depending on which pharmacy you use. Even with insurance it costs me $68 a month. If you read the insert that comes with the drops it states that clinical trials show only 15% of patients show improvement. Had I read that BEFORE I wasted the money on 3 montjs worth of this stuff I wouldn't have even bothered. Waste of money!;negative
570;Overall, Atenolol works to lower my blood pressure, which in turn helps limit my number heart palpitation episodes.;positive
606;My doctor recommended this course of treatment after several visits and it has worked very well for me.;positive
1863;I took him back to the doctor and this time my son was diagnosed with pneumonia and dehydration. He was admitted to hospital immediately.;negative
104;I have had severe pain in my joints, of the knee, back wrist and fingers, for about 10 years. I've had problems finding something to handle the pain aspirn and other such pills had little or no effect on the pain. I took vioxx until it was taken off the market, then tried a few others prescribed by my Doctor, none of those worked until celebrex. I'm sure there are side effects maybe long term however up to this point I haven't had any short term effects I'm aware of. If I don't take my pill in the morning I can always tell by afternoon and know I forgot to take it, the aches and pain becomes terrible. Frank Samuell;positive
1757;Topamax 50 mg was prescribed at bedtime for reduction of severe vocal tics. Medication was prescribed by a neurologist. The side effects far outweighed the benefits of this medication.;positive
617;I was already pretty clear from going to an esthetician at an acne clinic, but I was just looking for an additional boost to the results I already had. I previously discovered that I could not use anything other than very mild OTC retinoids, as they tended to make my acne flare up. Finacea did not do this. The Finacea was a good addition to my skin care regimen and has decreased the frequency of inflamed pimples and the tiny pustules I sometimes get around my nose. Now I use Finacea in the morning, and Vivant's Derm A Gel in the evening, along with 5% benzoyl peroxide on my more acne prone areas (chin and jawline).;positive
1645;Treatment, self explainatory, I feel better with the imitrex and do not know how I could get by without it.;positive
234;"I don't have any details. Have thought about asking my doctor to up the dosage when I was having a bout of feeling ""down"" but it passed and I didn't.";positive
1211;I have a long history of depression but had never taken medication for it. I asked my doctor to prescribe Prozac. For the first week I felt the same, but I slept almost 24/7 and barely ate. After that I did get a significant relief from the depression. Unfortunately, as I noted above, I don't like the way I acted during that time, and still cringe with embarassment and/or regret over things I said and did. But at the time everything seemed so rosy, that none of my behavior bothered me. Unfortunately, life is not perfect, and as adults we must take things seriously and deal with them. Prozac kept me from acknowledging that. Looking back, if I had faced my depression head on, and let it inspire me to make real changes in my life I would have been a lot better off in the long run.;negative
2585;The drug in drop form was put in each eye three times a day. It was a nuisance to have to carry it with me for mid day application. The chemicals in the drops sting and leave your eyes watering for a minute or so. Otherwise it was easy to use, although the proper technique for putting in the drops without touching the eyeball takes a little practice and a steady hand;negative
396;"Relpax was prescribed on an ""as needed"" basis for my migraines. It was taken after the onset of migraine, usually when I realized that it would not go away via conventional over the counter headache medicines. It starts to take effect at approximately 1-2 hours after I take the pill. This medicine has been a ""life saver"" for me. It allows me to function and go on with important things in my life even when I get a migraine.";positive
776;I discotinued the naproxen after 2 weeks and started taking 3 ibuprofen every 5 hours with no disturbance to sleep and better pain management.;negative
2781;Started taking after brain injury due to AVM and radiation treatment. First seizure was major, requiring hospitalization. After taking Keppra, a susequent seizure was very mild.;positive
2254;This may be a marketing oportunity for you as re-growth is often more of a problem than treating the original wart.;positive
955;I refused the drug treatments suggested by my neurologist. The potential side effects were just to much for my taste. As a Pharmacist, I've opted for 2 different treatments. One is a product called Solleve, which are vibrating insoles for your shoes. I have found some relief as well as reversal of my condition after 2 weeks of treatment. I also put myself on a daily specific vitamin regimen. I am also going to add a product called the ReBuilder to my therapy.;negative
4060;Was supposed to take the drug for 2 weeks but had to stop after 3 days because of itchy rash and difiiculty breathing.;negative
304;I was told to use this once in the morning and once before going to bed. I had to use it on clean skin, and to make sure ointment fully absorbed. I started to see improvements within days. I was warned that I might have recurrence of eczema after a few months, but I didn't.;positive
1710;I use this product every night. I would have liked to use a moisturize in conjuction with the product, but the company that produces Retin-A micro discourages it.;positive
140;Once a day, everyday for the next four months to see how well it works.;positive
1273;I was only on this medication for a very short time because after 3 days my doctor took me off of it.;negative
3430;I was prescribed Tazorac after requesting a Retinol treatment from my doctor. I initially asked for Retin-A, but she suggested Tazorac as it was better suited for my skin type. (Fair, sensitive skin). I initially used the cream every night, but decreased to 3 times a week after experiencing dryness and peeling. I also felt a burning sensation after applying the cream, but this too has subsided.;positive
2044;Patient began to experience menopausal symptoms in early 40s. Prempro was prescribed by physician to treat hot flashes, sleep disturbances, and signs of early vaginal atrophy. When heavy vaginal bleeding continued to be problematic, hgher doses of progestins were tried. The result was increasing severity of the sleep disturbances although the vaginal bleeding subsided. After the patient developed FMS, Prempro was discontinued by another physician and the patient placed on bioidentical hormones. Breast tenderness subsided and sleep patterns improved. Patient later developed bladder cancer, although no familial or behavioral risk factors were present.;negative
1249;I wanted to stop hot flashes without going on HRT medication. My doctor recommended trying Clonidine;negative
2946;Subsequently: he got DBS implanted and has been able to reduce the Mirapex - BUT THE DAMAGE IS DONE;negative
112;MRI,physica The doctor gave me a shot of cortazone.that quickly reduced . I was sent for therapy for about ten visits. I was also prescribed celebrex. However the celebrex actually made me feel worse. My heart was racing and it hurt my throat when I swallowed. It felt like I had a marble logged in my throat.my blood pressure was sky rocketing. The pain was gone but I felt terrible. l therapy,cortisone shot,celebrex;negative
3252;Application of creme to clean skin in the morning and evening. It was the most effective acne treatment I have used that didn't cause excessive drying or irration to my skin.;positive
3009;After beginning treatment, I saw improvement within 2 days, and the urinary tract infection cleared up within 3-4 days. I continued for another couple days to make sure it was gone for good.;positive
502;A single 10 mg dose was taken daily. I logged my progress by journaling my emotional and physical state at various points in the treatment.;positive
345;I have a torn lumbar disk. I have pain in my back that is constant and gets worse with overwork and high humidity. I have no feeling in my feet. My right leg does not work correctly. The Neurontin is mainly attributable to the quality of life that I have today. Then the other medications I take all do their part. The Nerontin blocks the pain nerve signal from registering in my brain. The Methodone deals directly with the pain as does the Lidoderm Patch. The muscle relaxer keeps my muscles from spontaneously contracting, which they will do without the medication. The anti-depressents help me stay positive, which is where I want to be. I usually have a sunny outlook and the medicine helps me keep it. When my last medicine stopped working, I was depressed for a total of 6 months. What a waste of time.;positive
493;I took one Meridia first thing in the morning and then stuck to a sensible diet for the day. If I took the Meridia too late in the day, it did keep me from sleeping well that night.;positive
2842;After many tests and a variety of test treatments my dermatologist determined a course of Singular would be the best course of treatment for the chrnic hives I was suffering from. I began taking it as per his instructions (one tablet nightly before bed). Within a matter of 2 days I began to feel incredibly tired. By day 5 I found I was falling asleep at odd times throughout the day. I called the dermatologists office and was told to expect some tiredness and to continue with the treatment. At the end of one month the tiredness still hadn't subsided. I returned to the dermatologists office and informed him I could no longer tolerate the side effects. He stopped the treatment of Singular.;negative
3251;"Received IV in hospital x5 days for a very severe abscessed tooth leading to bone infection; developed hives with first dose, so they gave me benadryl every 6 hours. After being discharged, I took the oral Cleocin for about 5-6 weeks, along with benadryl. I developed severe itching (mostly in the legs and back, some in the neck area) and severe bruising as a result of trying to relieve the itch. The itching, hives and bruising dissipated about 2-4 weeks after final dose.";negative
2547;Daily intake of 1mg tab. Viral load check every 3 months together with ALT, AST and complete blood count.;positive
2716;"I WAS ADVISED TO DISCONTINUE USE AFTER CONSULTATION WITH MY INTERNIST BY PHONE. I TOLD HER THAT I WAS EXPERIENCING A SIDE EFFECT OF THE ELAVIL THAT SHE PRESCRIBED FOR A MORE RESTFUL SLEEP PATTERN TO HELP WITH MY FIBROMYALGIA. I HAD BEEN TAKING 10 MGS. FOR ALMOST 3 WEEKS AND GRADUALLY INCREASED TO 15 MGS. AT THE 15 MG. DOSAGE I BEGAN EXPERIENCING ALL OVER BODY SHAKINESS--TREMORS -EVEN AFFECTING MY SPEECH. SHE ADVISED TO DISCONTINUE IMMEDIATELY WITHOUT ""RAMPING"" DOWN MY DOSAGE.";negative
3883;I am only taking ativan & getting psychological therapy & trying to get out of the legal mess the drugs seroquel & abilify caused me. It definitely made my life now & in the future much, much worse.;negative
79;Niacin taken in such a large dose opens the capillaries. This increases the blood flow close to the skin and releases histamines. The resulting hot flush and itching lasts for about 15 minutes. It is an interesting experience, but three times a day is a bit much, especially during my at work dose. The red face was alarming my customers and the itching was a bit too distracting.;negative
1887;After being on drip for considerable time now crush tabs and rub them directly into helm;positive
879;I was monitored on a quarterly basis by a psychiatrist who prescribed Paxil and Trazadone.;negative
1643;I take sumatriptan at the onset of a migraine. It works best if I am just beginning to notice the pain over my eye.;positive
1530;I take this drug only as needed, when my back or neck feels tight or in spasam. It is perfect for the weekend warrior, or someone who has occassional muscle soreness and tightness.;positive
2397;Patient has Hashimotos disease. Prescribed synthroid. Patient also working to follow a low carb diet, regular exercise, and normal sleep. Over time, synthroid dosage has increased, to 112 mcg per day from the original dose of 50. This is some cause of concern re: progression of the disease, but so far, no alternative approach/therapy seems to counteract this progression. Blood work required every 6 months in order to help ensure proper dosage.;positive
3550;1 2mg tablet at night. Must be taken at the same time as effects last only 22-24 hours. This medication is also used to lower blood pressure, but at the dosage I am taking, my BP remains in the normal range of 75-80.;positive
2927;Took Tramal for the first two weeks then switched to Tramada since the pharmacy didn't have anymore Tramal available.. Due to the apparition of rash the treatment was stopped on the suggestion of a skin doctor.;negative
1457;I have recurrent major depression. This medication was prescribed to deal with a severe episode. When I stopped taking the medication after at least a year, my memory rapidly improved and I felt more alive. I had a very bad experience with this drug.;negative
1830;Was put on low doasage, doctor advised to prescribe additional hormones to balance out levels. I opted out of taking it anymore.;negative
2127;After 5 years of daily use, I developed melasma on forehead after a single day of sun exposure. I sought treatment and used high amounts of prescription hydroquinine but the melasma is still apparent. I have been told I need light therapy to remove.;positive
307;Small amount of the ointment was applied twice per day for three weeks and the spots gradually reduced in size and dissapeared. Because this is a very strong medication it was applied somewhat sparingly to be conservative and it still worked.;positive
378;I was put on 12.5mg, then 25mg, and we were going to keep raising the dose slowly to minimize risk.;negative
3972;After using lisinopril and hydrochlorathiazide for many years and not seeing blood pressure lower quite enough ,I pushed to see what else would help to relax blood vessels to lower blood pressure.Fianlly camup with Zorvasc.Treatment was a sucess within days.;positive
1299;I told the doctor of the problems, and he immediately changed me over to atorvastatin, 20mg, and the pains have disappeared.;negative
666;This was prescribed to me for possible whooping cough...due to exposure to Pertusis through my daughter. Even though my older daughter had received the Pertusis vaccine she still was finally diagnosed as having whooping cough. It took several doctors to finally catch what she had. In the meantime she was very sick...had several z-packs and failed to respond. I came down with a bad cold shortly thereafter and as a precaution I was given the Erythromycin [different doctor than the one she went to].;negative
356;Standard treatment, 1st day 1 pill, 2nd day two, 3rd and thereon 3. The side efects started with the first pill and just steadily got worse to the point of suicidal thoughts. Even after being off the drug, the irritability and negative attitude have lingered, hopefully not permanently.;negative
2535;I had been having regular doctor check-ups and am healthy. During the 90 days, I was told to take the drug once per day and to also use lamisil cream on my feet every day. About mid-way through, the doctor ordered a test for my liver, which came out fine. Once the treatment was complete, my doctor suggested that I take one pill every month and use the cream on my feet twice per week.;positive
2312;Began at 5 mg, increased to 10mg after a few weeks. Have not been able to increase further because the side effects are so detrimental. I am weaning myself off Lexapro now and beginning Celexa again. I had a better experience on 20 mg of Celexa and it is far less expensive (because there is a generic).;negative
1398;It takes some time to build up to a clinical dosage. As I recall, my doctor had me take 15mg for a weak, 30mg for two weeks, 45mg for two weeks until I had built up to 75mg. I did not begin to feel the antidepressant effect until I reached 45mg. When I reached 60mg the antidepressant effect had kicked in fully and I even experienced a period (two or three weeks) of a mild euphoria, which I have been told is fairly typical. My doctor thought that a slow buildup of the drug in my system was the most effective treatment. He also had me taking Lamictal (150mg per day), which he thought might spark a stronger reaction to Nardil. There are also some diet restrictions: no aged cheeses and no aged meats. Also, some cold medications must be avoided.;positive
4009;I was placed ont this medication to help with lack of energy, inability to sleep, loss of appetite (depression symptoms). The side effects were so severe that I was only able to take the medicine for a week.;negative
643;"I have been on the Birth control patch for years and after switching to seasonique, the change is amazing. My mood swings have stopped, my sex drive is back and my period is almost non-existant! This is seriously going to save my marriage ;) Love this pill!!!!";positive
260;I took 1 to 2 tablets three times a day prior to surgery. After surgery I took and continue to take 1 to 2 pills a day as needed.;positive
3468;Taken to ER & given 2 lites of Normal Saline IV. I then became rational. I was unable to even name the president!;negative
3156;I was prescribed four tablets per day for the first week, then I needed to wean down to three tablets for three days, two tablets for three days and then one tablet for three days.;positive
1383;The process was slow for me, and it did not work in two or three days like the doctor said. I did notice that each day it became easier and easier to swallow things.;positive
2993;"I started off on a dose of 1 x 500 mg enteric-coated tabs four times daily (the doctor's recommended test dose to see if I responded negatively to the drug), but when I tried to increase this to 2x 500 mg tabs four times daily after one week, the side effects I had been experiencing increased, so I dropped back. I tried one more time to increase the dose more gradually (2 x 500 mg in the morning; then 1 x 500 mg at lunch, dinner and bedtime), but even this became too unpleasant to put up with (especially since I didn't have these symptoms before I started!). I perservered for 6 weeks, before deciding to taper the dose to zero over a couple of weeks, after which the symptoms disappeared.";negative
3956;When I first began having heartburn, my physician prescribed Prilosec D/R. I hadI took if for several weeks, but it didn't seem to control the heartburn. He then prescribed Ranitidine,300mg, which I took for several years with very good results. When I was sent for an upper endoscopy, the performing doctor suggested I take Prilosec. I tried it again, for a month, but I began having severe heartburn again. Now I am taking Nexium, which works very well for me.;negative
1782;"I believe that this, and the hydroxozine are a miracle drug combo. I have suffered from anxiety since around age 7 and I finally have a ""normal"" life.";positive
885;"I was diagnosed with mild chronic depression. I took Prozac for approximately two years but it began to no longer work, even after raising the dosage. My doctor switched to Paxil. I tried getting off of it on two occasions, but both times, after about two months, the depression returned. Paxil continues to work for me; however, I am concerned about potential long-term side effects.";positive
14;I went to the doctor for back pain. My UTI test came back negative except my leukocites were up. I guess she prescribed this to me to be cautious. I took one dose and ended up in the emergency room within an hour. I am now the proud owner of an epi-pen!;negative
534;50 mg taken with water directly before bed puts me to sleep within ten minutes or so. I wake up 7-8 hours later (unless forced to get up earlier by my alarm clock) without feeling drugged or groggy. The insomnia being treated was the kind where I was able to fall asleep after about a half hour in bed, but then I would wake up again after a couple of hours and be unable to fall back asleep. This mild, nonaddictive drug has successfully addressed the insomnia that has affected me since childhood.;positive
1871;Was supposed to take it to clear up my mastitis but couldn't complete the treatment because my abdominal pain was too severe. I was changed to a different antibiotic.;negative
2749;Only medication was prescribed. temisartan 80 mg a day. I have benn taking it for more than 5 months.;negative
230;Discontinued treatment due to side effects. I would consider taking again if the negative side effects were noted in literature as temporary and insignificant over the long term;negative
3784;Absoutely innefective. I easily could have been takign a sugar pill for those results. Bacterial infection became coniderably worse and was later put on another antibiotic to relieve symptoms.;negative
3559;Was to be applied externally to the affected area every night at bedtime afer washing.;negative
1237;Patient was to take 800 mg twice daily to treat ulcerative colitis but was found to be intolerant to Asacol and was discontinued. The side effects began about 7-10 days after starting the Asacol. The nausea and vomiting was not immediately associated with Asacol but was attributed to possibly having the flu. It was only until his urine became a brownish purple color that we thought it must be the Asacol and immediately stopped it. Symptoms went away when stopped.;negative
256;My doctor didn't know much about Fibromyalgia, so the only thing he prescribed was the Tramadol.;positive
403;Had very dry itching eyes. Difficult to determine if part was allergies. Was referred to retinal specialist by my eye physician because of severely decreased vision. Specialist prescribed the restasis and some different eye drops. Returned in about 6 weeks with distinctly better vision but continued burning and itchy eyes. Am to continue treatment and return in another six weeks. Have noticed a reduction in itchiness since last visit and a small improvement in distance vision.;positive
2727;I started to have it after a nervous breakdown due to panic attacks. First I had 3 tablets a day, but then, with time went by decreased a number of tablets. I still need it two-three times a week when I feel heaviness in my head and it helps in 1 hour after taking it. Highly reccomend for those in depression, with the tension headache and difficulties with sleep.;positive
80;"I added supplements after statins were not effective at raising HDL to ""good"" levels. Although excellent at reducing LDL. The most dramatic effect was the addition of Niacin. I've added other anti-oxidants and supplements since, but the measurable results from Nicin therapy were dramatic.";positive
853;had to apply with each diaper change, along with a otc diaper cream or applied with aquaphor, and twice a day had to add the otc hydrocortisone cream.;positive
811;Take one daily at bedtime for rest due to anxiety. This prescription was issued for six months and I am currently still taking it. It does not appear to be addictive as there are nights when I can sleep without it and do not crave it.;positive
23;I can take up to .5 mg / day as needed. I usually take .25 mg to .5 mg / day.;positive
654;I was very skeptical about taking Seasonique, because some friends of mine had taken it in the past and did not have good experiences. However, I had always experienced heavy periods and cramping, even after trying 3 different birth controls so I decided to give it a try. My doctor assured me that Seasonique was safe and I shouldn't have any severe side effects. After only a couple weeks, I started experiencing headaches and extreme breast tenderness. I didn't think much of it at first, but then I started experiencing more side effects. I have been blessed with great skin, only having a few pimples throughout my lifetime. However, after being on Seasonique for about a month, I started to notice my skin was frequently breaking out. I didn't want to stop taking birth control, so I figured I would give it a little bit longer to adjust to my body. About a month and a half into taking Seasonique, I began to breakthrough bleed. I had a full blown period for exactly 3 weeks. I consulted my doctor about a week into the period and she assured me it was totally normal. While on Seasonique, I could definitely feel significant changes in my body that were not normal for me. For these reasons, I would NOT recommend Seasonique to anyone.;negative
2386;"Compared to others who naturally have a functioning thyroid, it is clear to see that Synthroid is an inferior product to what the thyroid makes naturally in a healthy individual. I know that I still have minor hypothyroid symptoms even when my blood counts show that I have therapeutic levels of the medication. Additionally, generic versions of Synthroid seem to be even less effective at relieving all the symptoms, even though the blood counts could be normal. With hypothyroidism becoming a very common condition these days, one would think that new medications would be coming out, but the medical professionals seem content to stick with Synthroid because ""on paper"" it seems to be safe and effective.";positive
3433;each night, after washing face and drying face, apply/dab a tiny amount and spread thinly on the entire face, avoiding the eye and the mouth area. My cosmetic surgeon advised me that i could apply moisturizer or a night cream immediately after applying Tazorac on face at night. Every morning, it is extremely important to avoid sun exposure so application of a facial product that contains spf of at least spf 15 is done to the face.;positive
1561;It was given to me in the hospital in the form of an injection and they had to administer benadryl to counteract;negative
2514;Three two-hundred milligram tablets of Ibuprofen were taken for two weeks daily. The sprained-ankle caused substantial pain, discomfort and swelling. In order to begin the healing process and rehabilitation of the ankle's flexibility, Ibuprofen was taken. Ibuprofen allowed the lessening of swelling and also resulted in a subsiding of pain and thus a faster healing process. Side-effects were low and insignificant though there might be effects if taken in the long term.;positive
4063;They prescribed to me for my tooth infection , side effects set in after about 3 days if taking them;negative
831;The once daily dose was extremely effective in controlling the debilitating symptoms of gastritis and maintaining the symptom-free period while the treament was taken. There were no side-effects encountered which would have otherwise compromised compliance. The treatment is highly recommended!;positive
3567;differin did not help prevent acne or get rid of current acne. it worsened the condition though it was explained that as it helped the skin exfoliate, the impurities beneath the outer skin surfaced. however, there were no improvements after three months of application.;negative
2357;I take Propecia once per day to stop hair loss at the crown. I've been on it for 3 months and have noticed much less hair falling out.;positive
3875;I took mcg. of Levoxyl for 6 years after being on Armour Thyroid for 17 years. Nodules grew back and did not feel like my self. Back on Armour for just 5 days and feel so much better. INSIST ON GETTING ARMOUR. FORGET LEVOXYL AND SYTHROID. THOSE DRUGS DID NOT WORK FOR ME.;negative
1913;I think my doctor was very irresponsible to prescribe this antibiotic without first having me try something else. I am now taking Clarithromycin and am doing fine with this drug. The mental side effects of Avelox have now disappeared, five days later, but I am still very weak and my joints hurt.;negative
3679;Once a day dosage in the morning with breakfast. I cannot believe I ever lived a happy life before this drug.;positive
3215;"Paint the nail lacquer onto the infected nail, one coat a day, At the end of the week, remove it with alcohol and start the process all over again. Unfortunately, it seems like my nail isn't growing, which is why I'm afraid if I remove the nail (with a podiatrist) that it may not grow back-my dermatologist agrees I should not have the nail removed; she wants me to live with it. She says that even with Lamasil and all that expense and liver damaging drug, the fungus can still come back in 2 months.";negative
4062;I was told to take amoxicillin 3x day /claritin/ motrin and did all those things and seemed to work fine.;positive
110;An Mri. A shot of cordazone into my Bursa sack in my hip. Physical therapy, 10 visits of PT. and then Celebrex 2x a day.;negative
3190;I am supposed to take 50 mg a day. I was told to take 1/2 in morning and 1/2 at bedtime or 50 mg at bedtime or 50 mg in the morning. Whatever works. There are so many side effects that the good night sleep will have to be given up. I can't stand a drug taking control of my body. I hope there is a better treatment. I have a call into my doctor.;negative
2957;I took one 150 mg tablet for seven days, stopped smoking on the sixth day. As prescribed I took one tablet twice a day for six weeks. After consulting the doctor over my cncerns of the side efeects I took one 150 mg tablet a day for the next four weeks.;positive
2145;In place of the Caduet, which I stopped against the objections of my internist, I am using natural substances such as policosanol, CoQ10, and pycnogenol. I am also losing weight, and have professional therapy to try to regain strength in my knees.;negative
1487;i used the new metrogel. the old formula is no longer available. The new one doesn't work for me.;negative
3043;I am a 49 1/2 single women who prior to taking an antipsychotic criminal record was clear except for a rare speeding ticket. I also am a professional. I now have a record for criminal retail theft that was reduced to a misdemeanor. I tried abilify next, almost a year later & had the same side effect-memory loss & retail theft. All my life I have been a law abiding citizen with no criminal record until I tried 2 different antipsychotic medications & both caused me memory loss & had a effect on my reasoning. Yes, abilify made my feel real good, but it caused me to enter into a type 2 bipolar manic phase. I am now charged again with retail theft. I feel stongly that the antipsychotics cause these severe memory loss & lack of judgment for actions being commited. I am now 50 years old & can't get a job due to my criminal record.;negative
3492;"I used this drug after trying Wellbutrin, which made me too restless and hyper. It was proscribed by a psychiatrist, who was very well versed in pharmacology, for a depression that came about during menopause. I took it regularly for three years; it completely stopped negative thinking and enabled me to sleep deeply for the first time in several years. I had regular liver check-ups, but never had any decrease in correct liver functioning. After three years, I felt I was ready to cut back on the medication, which I did very, very gradually over the next year and a half so that there was no withdrawal period at all. I've been fine without it now for two years.";positive
2866;I started taking Spironolactone for hormonal acne about two months ago along with tazorac and a sulfur face wash. My acne remains the same with only a small change. I still have cysts but but not as many (reduced by 30%).;negative
2491;After trying many anti-depressants, anti-anxiety and panic drugs - sometimes alone, sometimes in combination, nothing really worked for years until i tried (and continue to use) Remeron. It has made a *world* of difference to me and my quality of life. Started out on 7.5 mg one per day - gradually increased it. Too much made me sleepy, but found a right balance. Wish i knew about the drug many many years ago.;positive
284;I take 3.25g at bedtime, usually 10:30 PM. This normally produces sleep until about 2:00 AM. I then take another 2.75g dose and sleep until 5:30 AM. On average, I get 5.5 to 7 hours of sleep and it is the best sleep I have ever known. I no longer stay awake for days on end and I never have to come home on my lunch break to nap. With the exception of the outrageous price, Xyrem is an amazing treatment for insomnia. It is a shame that the media has turned such a wonderful treatment into an evil 'date rape drug'.;positive
2462;Used morning and night after cleansing - acne healed quite quickly- even the the cysts under the skin surface-with no adverse reactions to drug- not drying at all even to my very sensitive skin.;positive
1974;I was first given 75 mg once a day and realized the medicine didn't last 24 hours so I started on twice daily doses and that helped. I needed a little more pain reliever and started Tramadol along with the Lyrica. I would take extra Tramadol if necessary, which provided relief at times when pain spiked.;positive
3418;treatment reduce the number and frequency of breakout, and blackheads. also helped to speed healing of acne and reduce fine lines. skin was smoother, complexion more even in color and pore size seemed to be reduce. as a result the overall appearance of the skin was greatly improved.;positive
2978;"Unfortunately I had a doctor who was uneducated about ADD and was very uncomfortable prescribing any medications for it. She put me on 10mg first.After 3-4 weeks I went back and asked for her to increase it. She prescribed 20mg,(which I found they don't make 20mg doses) Instead of changing it to a proper mg, she decided to have me take 2 10mg pills every morning which also doubled the cost and that amount was not enough to have much benefit. After about a year , I was finally prescribed a therapeutic dosage of 40mg. I had too many problems with the pharmacy ordering the right amount ( they had me take 4 10mg pills a day because they didn't order the right ones! I have no health insurance so was getting it on some program that made it cost me $6 but when they would screw up the order , I would either run out or have to get the full amount which was $130.00 at the 10mgs, so X 2 for 20mg, x 4 for 40mgs!! Just because of the way the pharmacy was doing it.Scamming the federal programs or something...so I finally just quit taking it. I definately had noticed that it made pee without barely any warning, and my eyesight got alot worse, and my fiance said it made me ""mean"". All that has stopped now that I am not on it. But my ADD is back full force!";negative
1232;Well, it all started back when I was fishing for jims and johns google which nothing seemed static relativity bound night train into fox holes stuck like glue into a world of hybrid horses, far from the eye can see in marlboro land once before the blue moon on the buildings outer limit limo taxi service system.;negative
1300;"For monetary reasons everyone in my surgery was prescribed Simvastatin. I had been taking Atoravastatin for years with no ill-effects. From May till September I was taking Simvastatin. Returning from a holiday (ruined by the dreadful side -effects of Simvastatin), I saw my doctor. After three sentences of explanation she stopped me in my tracks by saying, *Mrs ---. You are really ill! Right, you are off all statins for a month. Your cholesterol level is excellent so you have no need to worry on that score. As from then you will be back on your old Atoravastin tablets, the lowest strength, as usual."" I followed this advice and, a year later, feel GREAT!";negative
1312;Enablex was the 4th in a series of bladder control medications that I was given over a 2 month period. It had no effect whatsoever on my condition.;negative
657;"Ladies: I am sure you may have done lots of researches by now regarding taking Seasonique (PLEASE do before you try to take this drug), and there are lots of negative than positive comments on this drug. I would like to point out a couple of my comments to share with you. I normally have 4 - 5 days menstrual periods every month. But I was not happy and tried to be on this drug because it described 4 periods only per year (WOW! what a great idea, especially I have small child, school, work, and husband). Guess what happen since then? I have been bleeding almost 2 weeks now, and from light to heavy, the worst part is I get all these uncomfortable cramps, keep waking up at night, my personalities change from good to bad, I have not been in a good mood since then. of course not, how can I be in a good mood when my vagina keeps bleeding on me every single day (I am sure no woman likes that), and so on. I spoke with my OB, and she said it's normal. I don't think so, it is completely not normal to me. I have been bleeding, and ruin my daily life style. No wonder it is called Birth Control. How can you have sex with your partner while you have all these symtomps in your body especially bleeding? I stop this drug, and can't wait to have my clean dates back. Ladies: I am not saying all the women's body are the same. But if you want to be on this drug. I would advise you do more researches and read more comments before trying, and other advise is if you think it's a good idea for 4 periods per year, you may want to think twice. Because it's a mother nature for women that has 13 menstrual periods every year, trying to change it and playing with your hormones are the game, unless you like to gamble, then you may want to try this excitment drug, and hope you will win. Otherwise, please consider something else. I am so regret that I did not read all the comments and reviews before I asked my OB to put me on this drug. Therefore, I have to suffer what I deserve (I guess). I just don't want to see another woman to be suffered like me, as I finally found out there are lots of women out there are taking the same drug (before I made up my mind to throw this drug away) that are suffering the same symtomps but still want to continue and hopefully that will work one day. For me, ""no is no"". You can call me chicken or looser or whatsoever. But let me tell you, it is defintely not fun if the drug makes your life changes from okay to worse! Final words...... Good luck if you are on this prescription, and I hope you win, if not, you defintely need these words ""Good Luck""! :)";negative
3221;I have used it to take down, fever, headaches, PMS cramps, lumbago, the pain just vanishes.;positive
3803;As important as the physical action of the drug is, the psychological effect of being able to function sexually is the greater benefit. The increase in self esteem without the use of anti-depressants is amazing.;positive
2809;I have been on Zoloft with great results for over 5 years. I do not have a constant barrage of depressed thoughts or emotions when I am on the drug. When my husband and I decided to try to have a baby, my ob-gyn suggested that I switch to Wellbutrin. Some anti-depressants may carry a small risk of side-effects to the baby in the 3rd trimester of pregnancy. My ob-gyn felt that taking Wellbutrin may reduce these risks. After 1 or 2 months on Wellbutrin, I began to feel very irrtable and anxious. My chest began to tighten painfully with even the thought of something stressful. After 4 months on Wellbutrin, I had my first panic attack ever. I threw the pills in the trash and went to see a psychiatrist. The psychiatrist told me that there was no medically proven benefit to switching to Wellbutrin, and put me back on Zoloft. I feel much better!;negative
141;Take two 1 gram tablets at first sign of cold sore, take 2 more 12 hours later. That's it... cold sore is completely gone!;positive
1196;I took 20 mg. of Prozac once per day, in one tablet. It took about 6 weeks for the drug to reach its peak effectiveness, which is one of the drawbacks of this anti-depressant therapy. I tried others, but they didn't work nearly as well as Prozac.;positive
2376;This was taken in case atrial fib resumed, in order to keep heart rate down. Atrial fib did not return during drug treatment, so it is unknown if it would have help to keep heart rate down in the event of atrial fib.;negative
2109;apply cream at night-that is what i was told-i had used it years ago when i was much younger and it was fine then-just not suitable for older more fragile skin i suppose;negative
3807;I still have the drive and can have a erection just not full, so a dosage of 20mg just gives me back what is needed.;positive
2533;Take 1 pill a day for a week every three months. Finished with April and July. April July - Fungus has grown out halfway October January - At the rate it is moving, should be completely gone by January After seeing the doctor in July, he said if it wasn't moving, he was going to increase dosage, but thankfully, it is moving.;positive
941;I stopped taking the drug after 4 days. It took me 6-8 weeks to be able to walk normally again. In the 3rd week we had plans to go to a wedding out of the country, and I required wheelchair assistance at the three aiports we went through to get there. I would have missed my flights if I had had to walk.;negative
2337;1 mg pill taken daily for hair loss on the crown of the head. I later changed doctors and instead of prescribing Propecia he gave me Proscar 5mg, which i was able to take one-fourth of the tablet and save about $60.00 a month.;positive
2452;In April 2005, I felt some mild discomfort in my chest or precordium, which was did not simulate any cardiac pain, ECG was within normal limit, even then I was admitted in a Hospital. Trop-T test indicated Myocardial Infarction. Angiography revealed 90% block in Left Posterior Circumflex Artery, PTCA was done followd by non-drug-elluting stent.;negative
465;prescribed tablets by Dentist for gum infection. i was told i should take antibiotics but nothing about how it works or side effects. i took the tablets until finished while feeling worse, breathless, dizzy, pain left arm and fatigue but put it down to body fighting gum infection. the day after i finished the full course of tablets i couldn't breath and ready to pass out and went to Doctors and was taken to hospital with heart complications. I have no health problems until now.;negative
2486;Was prescribed as an alternative to Citalopram. Had virtually no effect on my depression whatsoever. In the period of winding down the Citalopram dose then the 7 weeks on Mirtazapine I went from mildly depressed / just about coping to suicidal, unable to cope and deeply depressed most of the time. Would advise anyone who gets rapidly worsening depression after a med change to see the doctor again far sooner than I did.;negative
3526;I'm still taking Lunesta but that's only because I am supposed to see my doctor this week to discuss modifications and adjustments.;negative
3669;had to stop the mediccine and go back to taking wellbutrin 300mg xl. the side effect of going off of the effexor included a lot of dizziness;negative
1051;A lower dose Femring was prescribed, 0.05mg/day, which does a good job of returning my horomones levels to close to normal.;negative
1091;The details in the treatment are just as I described shortly above. I went to the doctor, they prescribed it and I take it. Don't really know what else to say here for the treatment details.;positive
456;Take one 35mg pill in the morning and one after lunch to curb appetite. I fond myself able to stay more active and run longer at the gym. It's a toss up if the results were worth the side effects. It's obvious that a drug this strong that makes you want to run a marathon and not eat can't be good for you!;positive
2365;The cost is prohibitive for many. I took Propecia for many years (with great results) until I went to a new doctor and he offered to prescribe it's generic counterpart Finasteride. It costs about $30 for a six months supply compared to Propecia @ $85 for a one month supply. The only drawback is that the pill only comes in 5mg, so you have to cut it into 5 doses of 1mg. For that kind of savings it was no problem for me and it's been working for me for about 5 years! If your doctor won't do it, fire him/her as they are probably on the payroll of big pharma!;positive
2108;I took the medication for 3 months and my cystic acne disappeared. I had my liver function monitored during the treatment. All went smoothly.;positive
2286;"I was prescribed 10mg initially and this was not enough so my dose was increased to 15mg. I would occasionally take an additional 5 mg, totalling 20mg, but this was rare. I eventually weaned myself off of the medicine. My doctor said that it would be acceptable for me to do this myself as I felt ready; largely because my father had died and my mother had remarried and we both felt it was going to be a temporary need only. I took Lexapro for approximately 6-8 months.";positive
1923;500 mg of azithromycin once in a day...for three days gives total recovery from sinusitis.;positive
1431;My blood pressre dopped. I lost 103 lbs to date. I had increesed energy and had a better since of who I was and who I wanted to be.;positive
3529;One tablet, taken each night when I was already in bed and ready for sleep.;positive
3967;Additional medication was needed to control the edema and the Potassium levels. Triamterene was effective in eliminating the edema. Oral Potassium and Liprosonil were needed to bring Potassium levels up to normal range.;positive
787;take one as needed for insomnia. I took it every night. When it was gone, I discontinued use, as I felt that I was becoming dependent on this product.;positive
3855;I noticed reduction in frequency and severity of acne lesions during the first week of use. Application was done on clean dry skin and a non-oily moisturizer was applied after the product had absorbed. Sunscreen was applied for daytime use.;positive
1194;Took pill once a day and visited therapist once a month. After awile, I didn't go to the therapist anymore and I was extremely even with just the medication.;positive
1137;Ten Miligrams daily. Of course, at first you have to deal wiht the clinic, but take-home doses are easy to earn as long as you're doing what you're supposed to be doing.;positive
3312;I take it most days. At times I have stopped taking it for 30-50 days and the depression returns. I believe it is good to occasionally stop the medicine to be sure it is still needed.;positive
3455;no treatment was given except cold anf flu medication, just waited out the symptoms and side effects;negative
417;After over the counter medications failed to relieve headache pain I could tell if the headache was triggering a migraine and at that time take the imitrex pill and the migraine would be totally gone within 30 minutes. If the migraine was to strong with nausea symptoms and the pill didn't work, I would then take a imitrex 6mg shot for almost instant relief including nausea. Very rarely will the imitrex not work and then I have to go to emergency room.;positive
1909;I took 1 400 MG pill per day for 5 days and got plenty of rest and drank plenty of fluids. (My lymph nodes and thyroid glands were swollen and I generally felt ill.);positive
1655;Starting with the first day of menstruation as day 1, a daily dose of 150 mg is taken from day 5 to 9 of the monthly cycle. Chlomiphene citrate does first suppress estrogen in the womens body therefore the body reacts with an increased effort to build estrogen. After day 9 the increased effort to build estrogen comes effectiv in the ovaries producing more ovuls.;negative
2209;Each diskus has 60 chambers each containing a dose of medicine. Dial to the next chamber, open it, put your mouth over the chamber hole and inhale. I hold it in my lungs as long as I can then breathe out and rinse out my mouth. The dosage counter lets you know how many doses remain.;positive
389;You take one pill every day for 90 days, wait 7 days, and then begin the cycle again.;positive
2296;treatment began 3 years ago, 20mg/day was adusted to 10mg/day taken at bedtime for 2 and a half years. 4 months ago dosage was decreeased to 5mg/day at bedtime.;positive
2326;I take 1 lexapro daily. I have finished up with the therapist. I am feeling great.;positive
467;"I think I summed this up when describing treatment benefits. But I'd like to add here that much of my daytime difficulties arise from how quickly exhaustion sets in from the mildest activity, sometimes just walking across the room. On the rare days I can get out a run local errands I come back so exhausted & in pain, it causes me to avoid doing so as much as possible. Another issue is low blood volume-which means low oxygen available so have sudden and very high lactic acid levels from climbing a few flights of stairs or anything that demands immediate demanding effort. Low O2 to brain leaves me faint and lose train of thought, confusion, high agitation from over sensory load-like the brain short circuits. Could write EVEN more this is such a horribly cruel ""life-ending"" curse. I am not dead but I lost my life back in 97.";positive
4124;I was to be on this course of treatment for a possible 12 weeks....From the onset of treatment, I experienced every one of the adverse effects and was told that after a few weeks they would subside...So was not the case in my situation...I finally gave up as my life was severely impacted by using this medication.;negative
2425;Synthroid was prescribed as thyroid replacment hormone after total Thyroidectomy due to nodules, etc from Graves disease. Was determined that 75 mcg was the correct dose. However after 2 years of taking Synthroid and endocrinologist unwilling to try alternative medication, I found another doctor who did some additional testing. She found that I was low in Free t3 & t4 and the prescribed Armour thyroid. I feel much better on this thyroid replacement than I did using Synthroid.;negative
263;I wanted a non-addictive drug since I am a recovering alcoholic so my doctor thought this was the ticket. The withdrawal was not worth the pain it initially alleviated. I would not have taken it had I known this would happen. I would have simply dealt with the back pain by altering my routine and lifestyle instead.;negative
3373;I was advised to take 10 mg once a day in the evening after dinner. The only reccommendation was not to have grapefruit as that might affect the potency of the medication.;positive
8;Allergist prescribed Nasonex years ago to combat my allergies without drying me out like many antihistimes. I believe that this medication helped me avoid the recurring sinus infections that I had had in the past.;positive
2222;I was to take it twice a day, which I did. It was suppose to work for hayfever, watery eyes. With a severe hayfever attack the pills were of no value or effect. The pills don't stop the eyes from watering.;negative
3359;One tablet a day 20 mg then reduced to 10 after 3 months. No other health issues. I Stopped taking the drug.;negative
3301;Began with 25mg for 2 weeks and increased to 50mg maintenance that I am currently taking.;positive
280;I have been taking Xyrem for about 2 months. I sleep about 5 to 5 1/2 hours every night. I wake up between 3 to 3 1/2 hour after the 1st dose and then I sleep for about 2 to 2 1/2 hours after the 2nd dose and am unable to fall asleep. The weirdest thing is that I get a refreshing sleep every other day. On the days that I wake up exhausted, I am barely able to make it through the day and am hungry all the time. The next night, I usually sleep well and have a better day there after. I am going to stop taking it and I am going to explore other options such as Rozerem or Trazodone;negative
1322;I began experiencing serious stomach pains and persistant diarrhea. Friends and family suggested that I had irritable bowel syndrome and I thought I would just have to deal with it. My symptoms progressed to the point that I was barely eating and had lost a significant amount of weight. I consulted with a gastroenterologist who performed an endoscopy. I was diagnosed with multiple stomach ulcers and was prescribed Prevacid 15 mg capsules to take once daily. Within 2 weeks of taking the medication, I started to notice improvement in my ability to eat certain foods. Within one month, I could eat practically anything with only an occasional onset of symptoms. After 2 months, I was no longer having any problems. My doctor recommended that I continue taking the medication and I did so for approximately one year. I have had no problems since discontinuing the medication so it definitely resolved the problem.;positive
446;one half to one pill at the first feelings of panic. better to let it absorb through the tongue for faster results.;positive
9;Use inhaler twice a day once in the morning and once in the evening for a period of four weeks. It took approximately five days to week before lasting relief was obtained. Continuous use prevented the condition from recurring. Condition occurred on a seasonal basis in the mid fall and mid spring period. No symptons in Winter or Summer.;positive
1541;I took 1 every night for 3 weeks then every second night for 2 weeks then one twice a week;positive
3668;I want to say it was 50 mg. doses taken up to 3 times a day. It was somewhat up to me when I needed to take it. Mostly for anxiety attacks.;positive
113;Treatment details is as followed she took twice daily with food. sometimes she forgot to take her medication soon to realise that the pain was coming back. So hence she realised she had forgotten to take it. It clearly worked to relieve the pain of arthritis.;negative
2637;It was used for back pain . She did a severe reaction ( anaphylactic schock). We did the right treatment . We use adrenaline and IV solutions inmediately, we have to transport the patient to the more big hospital in our city and she was at intense care unit by 5 days. She is outside now , but she got as aftermath an Asthma and she is using Inhalator.;negative
3278;My depression is due to a chemical imbalance. I have been taking some form of SSRI for 20 years and I'm pretty certain I will always have to.;positive
3306;My family doctor prescribed it for panic attacks. I saw a psychiatrist years ago but it really didn't do much apart from giving me tips on what to do constructively if I have a panic attack. Which of course didn't help because when you're paralyzed with fear you can't do much of ANYTHING constructive with your time.;positive
498;one pill everynight at 9pm for as long as the treatment works, can be very long term.;positive
1641;One 1mg pill once a day for five years following treatment of breast cancer in post menapausal women.;positive
3612;Treatment was for sun damage to the skin. The retin-a was applied daily in the evening. It was advised not to use it durig the day since it could lead to excessive exposure of the sun.;positive
674;I have been taking cimetidine and medecines of the same family with no much improvement of my acid reflux and with a lot of side effects for about 2y then I tried Zantac and It feel like a miracle drug my acid reflux was under control and the side effects of cimetidine disappeared totally in about 3 months.no side effect with Zantac. Zantac the brand medecine is for me more efficace then the generic ranitidine but I am not sure of the reason;positive
3892;After I had the reaction to amoxicillin, I discontinued use immediately. I took 2 rounds of Benefryl and the rash cleared up. The doctor then prescribed a much stronger antibiotic, as my tooth pain was worsening - Cipro.;negative
3569;Application nightly after washing. The first 2 weeks were unpleasant as irritation and breakouts where the most severe, after 4 weeks significant improvement was noted, optimal effectiveness being achieved by the 10th week.;positive
2654;After realizing that I was more than just a little upset about my condition, I began to ask questions about the depression. My pharmacist and I decided I should discontinue and contact my doctor.;negative
1784;i have taken this drug just like i was instructed to, bu it did absolutely nothing for me. i would not reccommend this for anyone. i have found no effectiveness from this drug at all. i think it is a useless pill that should be removed from the market!!!!!!!!!!;negative
1361;Received one shot during each visit once a month. Then after the third shot started having severe memory loss. Could not remember where I was driving to while in my car, could not remember where I lived etc.;negative
2553;rec'd speed but no focus. I took the dexerine in morning and it wears off at night. I lost weight for the first time as the metabolism was great, sadly i gained 15 lbs off the same diet.;negative
1467;I was on 90 mg daily, one dose of 60 mg and one dose of 30 mg. It was prescribed to me for fibromyalgia and depression, however, I did not notice much improvement on this drug but I was not on it for a real long time either so it may just take longer to notice benefit but it definitely affected my liver. My mom also has the same problem with Cymbalta and her liver enzymes.;negative
3524;Due to having depression, Prozac and the anxiety would interfere with sleeping patterns. I take Lunesta as needed to try to correct my sleeping habits. Since I was sleeping too long and having difficulty waking up, I usually only take half a tablet of Lunesta now.;positive
2242;I was required to take Accolate for three months to promote softening of my Breast Implants. The 20mg tablets were to be taken twice daily along with continued daily massage of my breasts. My Doctor said that the treatment had more chances of being effective if used early in detecting the Capsular Contracture (My treatment was started 5 months after the breast implant surgery). If the treatment didn't work, he advised, I would need surgery.;negative
1679;Take 1 Claritin tablet every day during allergy season. I take the dose every moring. Again, 1 pill per day each morning during allergy season;positive
2638;Three dental implants were being implanted into the front, lower jawbone to anchor a bridge replacing 4 lower incisors and 2 lower canine teeth.;positive
1839;My OBGYN explained that this oral contraceptive uses a synthetic progestin known as drospirenone. He suggested that it might be the cause of my negative side effects. He also said that it was more appropriate for women in their mid-30's or those who have experienced adverse effects from other oral contraceptives. He switched me to ortho tri cyclen-lo and I haven't had any problems whatsoever. I also don't have the benefits either.;negative
3922;I am to take one a day every night before i go to bed so i don't experience acid reflux during the night. Which is a common time for the acid to come up in my esphogus and damage it.;negative
309;Thin layer twice a day to be used as needed.I also made a deliberate effort to use the Protopic as directed appying it twice a day as directed.;negative
4107;I tried on numerous occasions to stop smoking but was unable to remain smoke free. I read about Chantix in a magazine and set an appointment with my doctor to see about getting a perscription. I began my therapy, set a quit date for one week later. I followed the instructions and noticed at approximately day three, that my cravings had eased somewhat. In the days that followed, the payoff I usually recieved from the nicotine no longer had the same effect. This was somewhat annoying to me, however I continued with the medication until I finally quit smoking. I have been smoke free for over 6 months off the medication. Chantix is one of the most effective medications I have ever used. It really worked for me.;positive
1035;Compared to other ADD meds I tried, Vyvanse seemed to be the only one that didn't interact with the Prozac. Also, I think finding the right dose had a lot to do with that. Because I could easily split the pills I was able to take a larger dose in the morning and a lesser mid-morning and not have a big drop at the end of the day.;positive
3029;I actually ended up with motion disorders from all the other meds, the worst one being parkinsons for over a year. I had to take parkinsons drugs. It was so scary drooling all the time and looking stone faced, no expression. I dont feel any signs of this with the seroquel.;positive
131;You need to take the valtrex immediately after feeling the start of a sore for maximum effectiveness. If you wait until you have a red lump or blister, the valtrex will speed the healing, but will not eliminate the sore, which may last 7-10 days.;positive
3671;I was given Effexor to take once a day for depression. I did not derive much benefit. I received a lot of benefit from seeing a therapist and taking nutritional supplements.;negative
2150;I have taken this medicine once daily, in the morning for at least 5 years. It has been very helpful and does not make me sleepy. It does not, however, last the 24 hours claimed, which is why I also take benadryl at night to manage allergy symptoms at night.;positive
116;Patient became aggiatated,delusional and psychotic and needed to be medicated for safty of patient and others.Required seclusion for decrease stimuli for mediation to take effect.Patient was medicated and given the quiet of seclusion and was monitored for saftey.At the end of seclusion time was released and placed back into the facility mileu.;positive
1591;I first started taking this at 3 times per day with .25 mg pills. I was advised not to take as needed with my panic attacks as that would reinforce the idea of taking a pill when it's needed and not help me work around my anxiety. This is totally true. At first I wished to only take them as needed but with my doctor's advice, he was right. This really does work when you take it daily at 3-5 times per day. This way your body adjusts to what's going on with the panic and makes no association with taking a pill to prevent or stop it, they just don't start in the first place. Yes, I still do have minor attacks and worry episodes here and there but nothing at all like the many years before this. I wish that this extremely helpful medicine would not have such a bad name in media, news and pharmacies. This works wonders and there is no want or need to take more or become and addict. People and doctor's need to understand more on how to treat someone with something that just WORKS, rather than trying to give them SSRI's which are what the drugs companies push, all for money reasons. And, the doctor's out there who decide that SSRI's are the only option, they need to go back to medical school!;positive
3232;I'm married, I have both a full & part time job and I'm enrolled 15 hrs in school. The ONE LESS STRESS of NOT having to worry about birth control let's me focus on what's important right now. This is my method of choice and will be until I decide I'm ready for children. Nuvaring is reliable... you can't really mess it up. The fact that I don't have to worry about a little pill everyday makes my quality of life better. I have the Nuvaring timer, which you can order from the website, that aids in reminding me that it's time, whether it be insertion or removal, and can be reset for whatever day you choose for insertion. I can see how one might forget they even have it in them. I do not feel it, my husband cannot feel it, and it has not fallen out, like several other women have claimed. I'm very pleased with this and hope that it works as well for others as it has for me.;positive
2418;The drug does NOT seem to help with the symptoms that were evidence since realizing I had thyroid cancer, but the blood test results seem good.;negative
4157;"well ive been takin it everyday for 5 months and if one more doctor tells me ""its gonna take some time"" im going to break something. i start college soon (again, had to drop out due to my painful constant periods) so im getting real tired of feeling like dirt all of the time. its supposed to make everything better and it hasnt done jack crap. i also have to take opana for the pain (morphine pills) and im going into medical school and they dont like drugs in youre system";negative
919;I was subscribed this to help get me through my separation from my spouse. While taking it, everything I ate upset my stomach. It was hell when the time came to stop taking it. It's very addictive and I felt nauseous, dizzy and just plain horrible when I first tried to stop taking it. I went back on it and started taking St. John's Wart with it. This helped immensely when it came time to try to quit the drug again. After a few weeks of taking the herb, I slowly started reducing the amount of Paxil I was taking by breaking up the tabs and taking less and less of it each day. I finally got off it and will never, ever take it again. It was a nightmare.;negative
2142;"I think that you can use a drug like this as an adult and greatly benefit IF you retrain yourself behaviorally at the same time. The drug does not hold the key to your success, you do. It helps you if you work ""with it"" and relearn patterns and behaviors. examples are: time management and actually becoming AWARE of time for the first time in my life. I always wear a watch now and use alarms.I make lists,I plan short term and long term . It allowed me to develop some control over myself and my life; life no longer just ""happens"" to me. I am present.";positive
3858;i have to take a peel every morning at the same time.if i dont and i forget i get tired its a different kind of tired though.once they stopped giving me the pill for 7 weeks and my hair started falling out i was lethargik i thought i was moving fast but i was moving very slow.i bloated up,i started to think kind of weird.i wanted to sleep all the time i was a real mess.so i take the medication consistantley the best i can.;positive
3673;My Dr gave me a sample pack (containing 7-37.5 mg capsules & 7-75mg capsules) as well as a prescription for 75 mg. I was to take the 37.5 mg capsules then the 75 mg capsules. The dosage has been increased over time to 300mg.;positive
47;Treatment regimen was 1 5mg pill per day. Did not need to take with food.;negative
2504;took once a day for 2 weeks with good results of relief of back pain I also used exercise and ice when the pain was severe;positive
2428;I was able to find an osteopathic doctor who put me on a natural thyroid, not a synthetic, he calld it a dessicated thyroid which came from an animal source, so I was able to get off the synthetic. Then after being on that for a while, he was able to get me off of that and I took a natural supplement, L- tyrosine It was wonderful to get off of a prescription medication. I hope this information may be helpful to someone out there.;negative
3882;I take one pill of each 1st thing in the am.....I am feeling better than ever;positive
4128;I took the drug as prescribed but as noted above was not successful at quitting smoking.;negative
3914;The treatment details were that i did not need to change my diet, but to just take one pill every day and that would take care of my issue with my body producing to much acid.;negative
1495;My dermatologist prescribed clindamycin first for rosacea. I experienced moderate results from the clindamycin but not a significant improvement and still had significant breakouts from rosacea triggers. Metrogel rapidly reduced the overall redness of my skin and significantly reduced the breakouts in severity and duration.;positive
3329;I would apply it to my skin, after washing, either at night (best time), or in the morning. I would also use a good spf to protect my skin from sun in the day;positive
4033;I took one dot once a day in the evening before I went to bed. I used no other creams on my face. I took it every other day.;negative
3218;I was on copaxone over a year ago and quit because I found the reactions unbearable. My health has declined and I changed doctors and now that I have found the confidence to accept my disease and become more proactive, I have begun applying heat to the site prior to injection. The pain from the shots have practically disappeared. I actually purchased a massager (heart massager from pure romance) that self heats and I don't have to do so much work prior to injection. I still get large red lumps if I don't put ice on it after the injection.;positive
221;I tried to stay on the drug long enough for side effects to pass, but unfortunately afer I fainted at church, I figured it wasn't worth it. I do believe if I had been able to wait out the side effects, it would have helped to seasonal depression.;negative
1886;"the treatment benefits were good because i had mrsa and was hospitalized,then on pills and intravenous drips at the hospital outpatient for 6 days following release from hospital stay,then 2 more weeks on an oral antibiotic after finishing the infusions..that was a wide assortment of meds..mrsa was gone.about a month and a half later,i got mrsa again.but not as severe,but did catch it as it started to feel like a pimple,not a boil..(dont know how i keep getting it.noone in family has/had it.),and was put on doxycycline(reference above) for 10 days,2 x a day,at 100 mg.and followed the directions.i also used on occassion,an antibiotic shower wash,and 100 % pimple cream for the outside..i had 2 boils that quickly faded,and skin healed better,and seemed like it was wiped out.they were about the size of a small dime when started meds this time.by day 3,i felt a lot better,no longer severely itchy where the boils were(common symptom with mrsa),by day 10,they were the size of a grain of sand/rice..it seemed to be gone.now it is 2 weeks later.2 new boils on the same spot an old was ""supposedly healed"" and 1 new spot...so now on doxycycline again for 30 days and following up with physicians...this all started with what was thought a boil.1 boil on my junk,that had to be lanced.i recommend anyone going into a hopspital for a procedure,to be cut,opened,be put on a good antibiotic 1 week before having it done,and then be put on it afterwards for 2 weeks as well..thats my opinion,but maybe it'd help curb the spread.though they deemed mine being community aquired,i tend to doubt it.";positive
2103;apply small amount to affected area once daily. apply in circular motion until fully absorbed;positive
2255;These drops really helped with the symptoms but I did wish I could use it more often than just 2 times a day.;positive
3247;Put it in on sunday, three sundays from then you take it out. You'll start your period on wednesday, then put a new one in that following sunday. TOO EASY!;positive
2309;To treat the Major Depression Disorder and Anxiety Disorder, I visited my psychologies on a weekly basis, and my psychiatrist once every two or three weeks. The first drug that the psychiatrist recommended was Lexapro, and I started with the 5 mg dosage, after which I took the 10 mg for about three weeks. As mentioned above, I had to call my psychiatrist by the third week to request a different drug due to significant side effects.;negative
2362;Mostly generic Proscar - 5mg tablets cut into six equal pieces - 4 days on and one day off in a continuing cycle.;positive
1372;The treatment details using the combination of Biaxin and Flagyl together was to assist in the eradication of the cell wall deficient bacteria called Borrelia Burgdorferi. The Flagyl was prescribed to be taken in a five hundred milligram dose twice a day with food as was the same for Biaxin.;positive
4022;i only had to start taking 1 tablet a day, and after a little over a week, i could definitely tell a difference.;positive
1552;After starting RA treatment with plaquenil and feeling few changes, my doctor encouraged me to try methotrexate. My severe pain and joint swelling diminished soon, and I have had few painful moments (and nothing like the pain I had before my diagnosis). I have stopped taking plaquenil. The only side effect I have noticed is thinning hair. I miss having a glass of wine once in a while, but the lack of pain makes that sacrifice worthwhile. I take folic acid each day.;positive
523;Gradually increased dosage. After last overnight sleep study doctor increased by dosage to 3 mg. That's when the severe nausea and then followed by vomiting.;negative
3530;Was given a thirty day supply. Only took one night. The rest will be thrown out, I will never take this again. That bad.;negative
1780;i started on 20mg pd then up to 40mg pd i feel the exact same as before i started taking them.;negative
3782;I took the Keflex one hour before my dental appointment. I got my teeth cleaned. On my way home, I started itching all over my body and developed a slight rash with reddening. I also felt like I could not breathe or get enough oxygen. So instead of going home, I went to E.R. They gave me an injection (I don't remember the name) and told me to use Benadryl at home for a couple days. If it got worse, the doctor said to return to E.R.;negative
3241;insert one ring for 3 weeks, remove for one week and insert new ring for another 3 weeks;negative
1773;after 2 weeks stopped taking the drug - i felt ill for days afterwards then decided to improve my diet, exercise and attitude and now feel a lot better;negative
1738;i was to take one pill daily for the maintence of migraine headaches. i never could progress to the higher does to see if it helped b/c the side effects on the low dose was terrible;negative
4098;Choose a future date to quit smoking. (I picked a date 3 months in advance)Start taking the pills a couple weeks before the quit date. I actually started smoking less without trying. Chantix interfers with the pleasure receptors in your brain, so smoking is not very satisfying. I have now been smoke free for 1 month.;positive
489;Meridia combined with diet and exercise has made loosing weight a lot easier this is the boost that I needed to change my life style.;positive
3089;"I felt the medicine only slightly cleared my acne. I would say 30% clearer skin.; yet I did not want to stop taking it b/c I felt it would get worse. I also took Predisone 5 days before my menstrual cycle, as I tended to break out more, but did not see a difference.";negative
2494;Had virtually no effect on my depression and the side effects were intolerable. Took it at bedtime but was still quite groggy throughout the day. Gained about 25lbs before I stopped it.;negative
480;they didn't work even after dossage was increased, Monitored at home and in doctor's office, results were the same.;negative
2619;"I take Miralax in the evening, mixing it with a cup of warm water. After about three days, it starts to work. It does not ""clean out"" my stomach -- just helps me to have easy and regular bowel movements. I have to repeat the three-day program every three weeks or so. When I notice I have not had a bowel movement for a few days, then I take it again. For me, this is a great help.";positive
3862;Treatment of hypothyroidism is simple: one pill per day provides the thyroid hormones lacking. Furthermore, brand-name drugs are inexpensive, even when paid for out of pocket.;positive
3852;Approx. 5 weeks into course of VOLTAREN at dosage of 4/day, felt pain in right side which increased to severe pain within 1/2 hour. Admitted as Emergency into hospital(Australia). CT scan showed air in abdomen. Open surgery: small bowel resection - for lesion(wall thickened) plus perforation.;negative
444;My doctor prescribed ten 1 mg tablets to take on an as needed basis. The prescription was given to me in February 2008 and I still have 1 left and it's August 2008. So roughly, nine tablets in twenty weeks.;positive
277;Lack of sleep severely impacts my mood and none of the other sedative medications that I had tried worked, so I tried xyrem with beneficial effects.;positive
718;Had severe cystic acne. Went to dermatologist and received prescription for Accutane. Took 100 mg (?) once daily. Had check ups once a month and blood drawn once a month to check for any possible adverse effects. Did have raised triglycerides due to treatment. Acne began clearing halfway through treatment. Skin looked wonderful once treatment was completed!;positive
2939;start on 60mg second week 50mg third week 40 forth week 30 and had anough;negative
1492;I never had a problem with rosacea. I went to a dermatologist and was kept waiting two hours. I was embarrassed because I kept literally falling asleep in the waiting room. I asked the receptionist if I had time to run out and get a cup of coffee. After I drank the coffee, my cheeks flushed bright red--that was the only symptom of rosacea. After fifteen years and several changes of dermatologists, I got a new doctor and asked if the metronidazole could be causing enlarged pores. When she found out that I never had pimples or pustules, she suggested I try not using the metronidazole at all. I have not used it for the last six weeks and I see no change. I prefer using a lighter moisturizer.;negative
4050;Chewable tablets. It was like chewing up an ibubrophen tablet with a teaspoon of Hawaiin Punch. Bleh! DO NOT TAKE;negative
100;After two weeks of taking Celebrex I was able to walk easier but I feel the progress was due to staying off the leg and keeping it elevated. Celebrex did absolutely nothing for the intense pain. When the prescription ran out I started taking 800mg ibuprofen (prescription) every 6 hrs and within 4 days I was walking normally.;negative
2441;to take 2 daily, the results are meant to be felt about 1 month after starting treatment;negative
2207;In the morning I crush a pill and breath it in through the mouth peice. This is done at night as well. I continue to do this everyday day for about 5 years now.;positive
2200;In order to counteract the side effects I took Benadryl for a possible allergic reaction and Prednisone to reduce inflammation. Had to take 2 Tylenol every 6 hours for pain. This drug has not had anywhere near enough testing. In the aftermath of my experience I have now heard for 4 seperate people that they know or heard of someone with a bad Boniva experience. This drug was once a solvent / cleaning product in industry. How on earth did it ever get fed to mammals to see the effect on bone loss / bone growth? I will never take it again, even if I wind up only 4 feet tall. It is a horrible drug.;negative
167;I suffered with migraines since I've been 22 years old and now I'm 59. No matter what medication I tried, it never took the pain away. A little over 10 years ago, I had a severe migraine while I was at an Acupunturist for a back treatment and asked him if he could do anything for my migraine and after giving him more information he came to the conclusion that my migraines are hormone related and he couldn't help. He gave me a sample of Zomig and told me to try it and IT WORKED!!! I was in awe and called him immediately to thank him for introducing me to this drug. I've been taking it since.;positive
46;2 tabs to be taken 3times daily for the duration of the treatment alongside aspirin.;negative
1218;I started taking one 10mg tablet of Fluoxetine in the morning for three days and then changed to one 20mg tablet in the morning;negative
2968;Bystolic.one tablet at bedtime...not necessary to take medication with a lot of water in order for it to be effective Niaspan..2 750mg tablets at bedtime with full glass of water and 1/2 cup applesauce;positive
1055;"1 pill every morning at least one hour before eating. Topical medications were a hassle to use consistently, were seldom ""cosmetically elegant"", and did very little to keep symptoms from escalating. Dermatologist prescribed Oracea when it became obvious the the topicals were never going to control the pustules. Oracea cleared it up in a couple of weeks and gave consistent results throughout treatment - Rosacea was practically forgotten about - with no side effects. Several months after discontinuing use, pustles have returned but are nothing like before treatment and are manageable with OTC topicals. Expensive but Oracea does offer discounts worth looking into.";positive
2501;Tried various dosages from the lowest, to more frequency. It simply had little affect on inflammation or pain. No other pain medication was added to this treatment and no other medication was given. I had a car accident and suffered whiplash, thoracic muscle strain, herniation of entire lumbar region, etc. Inflammation was rampant from hip level up. Any relief would have been noted and appreciated. Another drug was later prescribed, another anti-inflammatory, which proved just how much the naprosyn did not work. I had immediate pain relief in 30 minutes and notable inflammation reduction very quickly. In fact, after a 3 week loading of this drug, I was able to get out of bed, move around, and be functional! The Doctor insisted on trying this level, Naprosyn, first and then changed after 6 weeks, to supposedly stronger medication in some kind of protocol progression. I now tell my doctors which medication works and refuse anything else. They waste time on ineffective medications allowing suffering. I saw the doctors within the 6 week period declaring and their noting how ineffective this medication was.;negative
172;I take 1 2.5mg orodispersible tablet. After 30 minutes to 1 hour the headache starts to subside. Sometimes I need to sleep after taking the tablet for the headache to completely subside.;positive
1086;effexor was for the depressioin part of a treatment plan to maintain stability in bipolar;negative
634;I decided to switch birth control after being on another brand, Yasmin, for several years. After just 2 and half months, the side effects were so severe I had to stop the medication.;negative
2991;The patient is being treated for bipolar I disorder, with the most recent episode severe depression. Being bipolar, she is not able to take anti-depressants as this may induce mania. Therefore strattera is an effective alternative which enables the patient to function at a higher level thus treating some forms of depression. Other drugs are taken in combination with strattera to help the patient function at an optimal level each day.;positive
2538;I contacted my pharmacist and she researched the Terbinafine I was taking and told me it could very well be what was causing this problem. Since I had no idea what else it could be, I stopped taking it on my own. I then contaced my physician and gave her the details and she agreed that stopping it would be wise at this point. We are hoping that this is what the problem is and that my sense of taste and smell will return. We just don't know when it will happen. Very unpleasant experience, I must say.;negative
1753;I started on the usual dosage of 25mg in the morning and evening, then after 2 weeks increased it to 50mg twice a day. Most people stay at this level, however, I seem to have a very high metablisim when it comes to medication, and anything I've taken for migraines always has to be increased beyond normal dosage in order to work. Therefore, my neurologist increased the dosage to 200 mg a day, and after about a year when that no longer worked, we went to 300mg a day, which I know is high for used in migraine treatment. However, I've been on almost every migraine medication there is over the years, and there is nothing else that works. I'm hoping for more breakthroughs in migraine research, before I end up at 400mg a day and forget half my vocabulary!;positive
2400;Patient was treated for low thyroid test results which coincided with the onset of menopause which manifested itself in a weight gain of 20# and a marked lack of energy. The medication corrected her lab values and contributed to her ability to lose the weight gained and feel an increase in energy.;positive
1884;Doxycycline was administered in the form of a capsule. Taken orally with a full glass of water for each dose of capsule. It was taken once a day.;positive
2669;I had an average of 135 to 145 over 80 or 90 that is called high-normal. But because I had a stroke in my eye, my doctor felt that I had had a spike in blood pressure that caused the problem. I was given Coreg which brought the numbers down a bit, but then my Dr. felt that lisinopril would help take it down lower along with the Coreg-which it did. But then, my allergies seem to get really horrible and my breathing got worse and worse until I mentioned all of my symptoms at my three month check up today. It wasn't my allergies, it was the medication. We stopped the lisinoprol. I have never had such bad affects from a medication. I hope the new medication will be better, but you can bet I will check it out thoroughly before taking it.;negative
786;i was supposed to take the product every night in order to sleep. i stopped after 5 sleepless nights;negative
1792;Dr initially told me he thought my insomnia was depression. I was desparate. The sleep deprivation was making it hard to function at work and home. I agreed to take 20 mg of citalopram. My insomnia didn't completely subside, so I still was taking clonazepam .5 mg about every other night. After a month, the dr upped the prescription to 40 mg. I slowly made the transition from 20 to 30 then 40 mg.;positive
2652;Patient takes treatment one tablet bu mouth twice daily. Instructed to take with food. Warned to not take prescribes drugs containing aspirin, ibuprofent or naproxen without physicians cosent.;positive
1546;The methotrexate is administered by subcutaneous injection (self-administered) 25mgs once per week. I have been taking methotexate for approximately 5 years. Foe the first 4 years I took the same dose orally, but it eventually beacme less effective so I switched to subcutaneous injection. It has been extremely effective at controlling the symptoms of rheumatoid arthritis and I feel 95% normal.;positive
2928;This drug was prescribed for pain caused by therapy for frozen shoulder. The pain was making it impossible to sleep at night, so the doctor prescribed tramadol. While the drug did moderate the pain, it also caused agitation, anxiety, insomnia. I stopped taking it after a few days. I also stopped the therapy. The pain went away and my shoulder improved on its own.;negative
3651;Soon after beginning treatment as directed, I began experiencing the negative side effects. I kept with the treatment for maybe 1-2 months, and then could no longer tolerate the appearance and feel of my skin. It seemed like I was more self-conscious of the side effects than I had been of the acne and breakouts (which were still present anyway).;negative
1892;I took the Doxycycline for 8 of the ten days prescribed, taking two pills per day.;positive
784;I would much ranther have the joint pain, then go through this stomach pain ever again. I've stopped using this and would not recommend it to anyone.;negative
2325;Once a day. I was drooling as I slept. When I could sleep. I was edgy all the time. I was in a brain fog. And nobody knew that I wasn't crazy. This damn drug was making me crazy. I told my stupid shrink that I needed to be calmer and he gave me speed. I told him I was getting irrationally upset and he doubled the dose. I have been seriously depressed and screwed up emotionally and physically for three years. I want to sue the drug company. All the other comments on this blog were written by drug reps.;negative
3598;I was prescribed fluconazole (pill taken orally) and clotrimazole (cream applied topically) for the treatment of candida. I was first told to take the pill, and then use the cream in 3 days if the pill did not work to reduce the yeast infection. I took the pill for 3 days alone, without the cream, and saw no improvement. I took the pill plus the cream for 4 more days, and it slowly started to clear up. I was told that one pill, taken once, and not repeatedly each day, should have cleared it up.;negative
3010;I subsequently discovered that I was prescribed this drug for a condition that any number of other drugs would have cleared up just as as easily and was given way too much of it as well. The whole experience has been a nightmare. Nearly a year later, still suffering after-effects. Do not take this drug without checking it out. Cipro was black-boxed by the FDA less than a week after I finished my prescription, and MDs still hand it out like candy.;negative
413;My insurance only covers 9 pills every 28 days, so my physician prescribes 100 miligram caplets and I cut them in half to give more dosages. The caplets work well if the migraine is caught early. I most often wake up with the migraine starting and will take my pill and lie back down with a cold cloth or ice pack for 30 minutes to 2 hours depending on how advanced the pain is. If I catch it really early the pain stops progressing and I feel well with in 30 minutes to an hour. If the maigraine has progressed too far the caplets don't work and I use a self injection of the 50 miligram dosage which works within 30 to 60 minutes without much side effect. If I take the Imitrex by mistake for a headache that is not a migraine I get queasy and tight in the stomach and feel hung over.;positive
376;givn by specialist after previous medicine epilim caused serious side effects still messing with dosage in the hope of getting his fits down to 0 but so far a vast improvement in seizures;positive
3777;He was given Metronidazole, Metoclopramide for his nausea and vomiting. I would say the metronidazole may be useful for some but it caused death of my puppy. I am a healthcare professional and I know what metronidazole does.;negative
1006;"Propoxyphene was prescribed with some hesitance by my surgeon, because I am allergic/sensitive to codeine products, and throw up with it as well. The follow-up call from the pre-op nurse advised me to discontinue (which I had already done) and try Tylenol instead. I had been able to tolerate Darvocet 14 years ago after a c-section. I am petite, at 5'4"" and 104 lbs.";negative
808;"Take Ambien in various dosages (up and down) for primary long-standing (over 25 years) insomnia. Have tried various drugs over the years. Better results compared with temazepam, lunesta, melatonin, lorazepam, trazadone, but stimulates appetite and ingestion of (yes, I started counting!) 300-400 extra calories at bedtime and shortly thereafter. About 10# weight gain. Often have had best results when dosage is high enough to induce sleep rapidly, ""skipping"" the chance to get hungry.";positive
2082;I take Medformin one tablet in the morning after breakfast and one tablet after dinner.;positive
447;Dissolve one tablet under the tongue at bedtime as needed to a maximum of 3 tablets per week.;negative
3931;Following my initial dose of the medication it would take several hours for my symptoms to subside. They did subside in the first days but would return after about 8 hours or so. After about a week of daily dosing my acid reflux did not return regularly and my stomach pains subsided as well. By the end of week 2 I was symptom free. After I stopped my course of treatment many weeks went by with no return of symptoms. Since then, I have had one flare up. I restarted my course of treatment with the same results and now have been close to a year symptom free. I am very, very happy with Nexium.;positive
2598;I was being treated for nausea cause by trapped gas in the stomach and intestines.;positive
1333;Take one per day. I have stopped taking them. Don't forget I already take Dulcolax for my constipation, had I known these recommended tablets had a side effect of constipation I would have refused them. It is back to the Gaviscon for me, it is gentle, pleasant to take and liquid. Shell-like Capsules and me do not get along.;negative
3387;Treatment started in an alcohol rehabilitation clinic january 2010 in the netherlands. Baclofen is generally known as a muscle relaxation medicine often used by people who have epilepsia. Initially 3times daily a total of 60 mg, after 6 months 90 mg per day, to increase effectiveness. Should be used in combination with therapy. Patient was severe alcohol addict for over 20 years, and has not taken any alcohol since 6 months. Patient describes that his alcohol cravings have nearly disappeared.;positive
2382;take tablet once daily in am on an empty stomach avoiding calcium for two hours. have thyroid function tests at least once a year.;positive
2521;I take 2x200mg tablets or capsules at a time, normally that is enough, if not i take a further 2x200mg dose after 4 hours.;positive
961;Started with 20 mg once daily. This worked for several years. When spouse endured 3 years of life-threatening illness, the dosage was increased to 40 mg taken as 2 20mg pills.;positive
3810;I am going to see the doctors again today because there is no improvement whatsoever.;negative
2563;Took one 40 mg pill at 8:45 in the morning. By 9:30 am I could not breathe and 911 was called. I lost consciousness before I was placed in the ambulance. I awoke in the ER and was told that I NEVER should have been prescribed this medication.;negative
2138;The treatment details were pretty basic. I just took the medication in the morning at the same time of day every day. I was allowed to skip it on the weekends or less busy times if I so desired. I really don't have anything else to put for this section of the survey. I'm trying to fill up the 50 word requirement though. You shouldn't really have that requirement on this form. It seems kind of silly to be writing with nothing left to say.;positive
1918;er did ekg, ct scan, lab work and discharged me home later in the day;negative
3574;I apply Differin gel once per day to treat facial acne. I have noticed a considerable reduction in acne breakouts.;positive
1737;"I am still taking it to manage both my migraines and my mood disorder--200 MG 2x per day. I take 2 in the AM and 2 in the PM. It is prescribed by my Neurologist and managed by him mostly; and my psychatrist also works with him, because if I ever go off of the drug, I would be required to go onto a mood stabalizer due to the bi-polar disorder. I would be very unhappy to have to go back onto something like Depakote, because that made me very slow and sluggish and Topamax does not have that side effect.";positive
828;Horrible. People thought I made it all up. They denied this medication could make anyone sick so they continuously put me on more.;negative
292;After the first attack I take two pills of Imodium, then uno more pills per subsequent attack, with a maximum of 8 pills per day. If no more attacks happen in the next eight hours after the last diarrhoea episode, there is no need to take more pills;positive
2527;I had sex the day after I took the pill with my only partner. I had sex wit him with the yeast infection before I took the pill so if I gave it to him, he probably gave it back to me :( the doc gave me a pill for him and for me. He took his after we had sex. Which was the day after I took mine... Is this y I still hav it? I thought it took days to work that's y I had sex;negative
3035;25mg once at bedtime to start first week, then 50, 75, 100, 150, then 200mg final dosage after weekly increase. Tiredness was suppose to subside in increased dosages, which really I feel it was so highly increased that it had a reverse affect and made it impossible to sleep or move or even hear a pin drop without thinking it was the front glass door being broken into.;negative
1068;Injected by qualified personnel. National Botox trainer. Used 50 units total with a dilution of 1cc per 100 unit vial. injected with several sites at frown lines and crows feet.;negative
2719;not exactly what I had in mind. I wake up during the night at 2 or 3 or 4 am and am unable to go back to sleep, I wanted the ability to sleep through the night. But I did not want to sleep for 3 days! I think maybe the initial dose was too high. I only took one tablet and never took another one.;negative
2012;Was having chronic insomnia, but I wanted a very mild sleep aid as I need to be very alert in my workday. I was able to get myself into a good sleep pattern without any drug dependence.;positive
2911;As I began having severe sciatic nerve pain, the doctor prescribed tramadol to help with the pain. I was also receiving physical therapy and the tramadol helped me to tolerate that until it began to help correct the sciatica.;positive
2171;Didn't realize these feelings were actually side effects from my allergy medicine until I ran out of the zyrtec, and aside from the severe itching all over my body for about a week, I felt so much better. A little runny nose, but no allergy medicine is worth feeling as bad as I did for the last 5 years on zyrtec. My 7 yr old son was affected the same way;negative
1793;I never went back to the doctor. I was so desperate for a good nights sleep without teeth-grinding and nightmares, I fell back on alcohol. I've never taken Valium, but feel I should've been given something similar - somthing that would heavily sedate me while I was feeling suicidal. Luckily after a week, my fortunes changed, and I found work again, so the suicidal feelings went. But I would never take Citalopram again.;negative
533;I'm not sure what you mean by this, I take trazodone nightly, and have taken it for at least two years. My worst experience from other sleep medications came from ambien (well before my doctor had even heard of the side effects I was having, nor were they listed on the medication or mentioned in the news). I also take cymbalta in conjunction with trazadone, which also supposedly helps you sleep, but the cymbalta alone is not effective for sleep at all for me.;positive
411;take a pill --headache goes away in half an hour or less---if you are very tuned in and take it a the first twinge youcan avoid the headache totally;positive
881;Took 20 mg of paroxetine each morning (easier to remember in the morning). Reviewed effectiveness with prescribing physician every 3 months.;positive
2479;I inject myself twice a week in the stomach area, which is a feat because until this happened, I was scared to death of getting injections.;positive
2917;After badly twisting my ankle I took the pain killer Tramadol . Although I was advised to take one tablet , three times per day. I did actually only take two tablets during the day. I felt the results were more than enough.They worked well enough and long enough to last me for a longer period of time.;positive
2395;I returned from vacation in August by November I had gained 14 pounds. I did not know why. I was eating the same amount of food. I went to see the doctor and after a complete check up and blood tests they found I had a low under active thyroid. As I think back, I did feel more tired, I did not want to join my kids and spouse to do anything instead I would go to bed early. That is not like me. I am the type of person who would get up and go anytime. I thought I was just tired. Now, I reflect and remember that I stopped doing things with my family, became less active and all along I thought it was because I was tired when in actuality my thyroid was off.;positive
2816;Started out on one extended release tablet at 150 mg once per day. After 4 weeks bumped up to 300 mg dose.;positive
3927;I took a pill everyday (with water) about a hour before my dinner. I did not skip any days, but used everyday, so as to prevent heartburn rather than treat it.;positive
37;Since many of these s/s are also s/s of the disease-Lewy Body Syndrome Demenia, it took research and experimentation by me and the MD to realize that it was the med adn not the disease in this case. The pt has been taken off the drug and no longer has these pronounced s/s.;negative
3449;treatment commenced when the patient was only just 40,at which time the symptoms vere already beginning to be very severe.The daily doses were started at that time,for a while premarin only,and after about a year provera was added,at the patient's requests,based on results of personal research which recommended a combination of the two.After using the drugs for nearly 20 years they were discontinued,the patient feeling they had been of great benefit.;positive
3061;I was in an MVA in 2002 in which I suffered a whiplash type injury which caused/accelerated the DDD. I was prescribed Percocette 5mg on an as needed basis for pain control. After 3 years (of constant agonizing pain)of being on the Percocette they became ineffective at relieving pain and I was referred to a PAIN CLINIC specializing in chronic pain. The doctors there decided that I had built up a tolerance/dependence on the Percocette and that it would be best to put me on a longer acting narcotic (Oxycontin 10mg,time released, supposed to provide pain relief for 12 hrs) with Percocette (Oxycodone 5mg/Acetaminophen 325 mg)for break through pain. In the beginning the medication seemed to help but over time I built up a tolerance to the Oxycodone(they became less effective) which meant I had to keep increasing the dosage to get the same amount of pain relief. For example I started out with Oxycontin 10mg/3x day and approx 3 Percocette/daily a couple of months later as my tolerance increased I had to take Oxycontin 20mg/3X day and 5-6 Percocette as the months passed by my tolerance grew and my dosage was increased. After about 8 months on the Oxycontin I started to experience all of the side effects mentioned above, not only did I notice the negative effects the drug was having on me but friends and family noticed too, and mentioned (not to me but amongst themselves) that my appearance/demeanor over the past 2 yrs had dramatically changed. A couple of months ago my Sister took me aside and asked me what was wrong to which I replied nothing why? She then explained to me how my behavior(depression, moodiness, etc.) and appearance(drastic weight loss) had been getting worse and worse and told me that she was worried. Being under the influence of these drugs for so long I felt like I was in a fog and really had no idea as to the extent of how bad it really was/ how I looked. So I stepped back and examined the last 4-5 yrs of my life while on these medications and realized that they had taken a considerable toll on me emotionally, physically, mentally. I strongly advise that before anyone decides to go this route for pain management that you have a long talk with your Physician on the pros and cons of this medication specifically the Oxycontin. If I would have known then what I know now about all the negative side effects I would never, never had started taking it. I feel that it deteriorated my body (especially my muscle mass and skin). When I started taking the medication I was 37 and felt 25 and was told I looked like I was in my late 20's, I am now 42, I feel 50 and now in an effort to spare my feelings people don't mention anything about how old I look . I wish that my Physicians would have told me about ALL of the negative effects of this medication instead of just the positive (which are few). In my opinion the negative far outweigh the positive. I'm still in constant pain but will continue to search for pain management without drugs. PLEASE USE WITH CAUTION!;negative
2572;I am not sure what you mean as I already told you that I was being treated for TIA like seizures with the Clonozapam and Aggrenox as a blood thinner for the same. I also took Lovastatin for High Cholesterol. In the course of all these medications I ended up getting a divorce. The drugs did not lower my cholesterol... they made me more nervous and made me question what on earth was wrong with me? I now weigh more than I ever have, and I started to gain wieght almost immediately after getting off of the drugs. I could use to lose 20lbs, but I am not worried about it as I am so much healthier than I was during the time I was on all of the drugs. I hope this has helped you in some way. I am sorry that I can't be more specific, but I am in a hurry to put all of that behind me and build a healthier - drug free future. I am very much a proponent of natural medicines these days!;negative
1567;I was diagnosed with a disc problem that was pinching my nerves in low back. My Sciatica was being pinched by the disc causing my leg to hurt really bad and numbness and tingling were involved. I started taking flexeril first and it by itself wasn't helping. Then i was put on lyrica 2 times daily with the flexerill and it dulled the pain but not much. After that i really didn't want nothing that strong but the pain was severe so the doc put me on lortab 2 times daily to start with and 3 times daily the next month and that helped tremendously. I did physicall therapy for about three months. and now i have minimal back pain and i can function like a normall 20 year old.;positive
3051;Dec 08- Zoloft, sparked a 3 week long mixed phase with psychotic features. 4 days into it I was prescribed 25 mg seroquel. Jan 09-April 09, Increasing doses of Seroquel, up to 300. Also Wellbutrin, starting at 50 and eventually reaching 300. The wellbutrin made me considerably more depressed than I was before, and I stopped taking it. Since then it's been the seroquel, and I've been mostly stable since.;positive
1380;Basically the treatment did not seem to work. My presumption is that symptoms should have completely cleared up by the end of the 10-day treatment, but they were still significantly present.;negative
4084;"I had fallen at home and I have 2 broken arms that are both broken at the shoulder. I have a lot of swelling in both upper arms, and that makes healing very difficult. I have been taking Movic now for about a month. I have already found that the swelling has been deminishing and I have been starting to use my arms more. By the way, I broke my arms this last March, and I might be able to return to work by this November. I am so happy that my Ortho doctor prescribed this medication for me. I know what it did for me, and I hope it works for you too!! My final word is "" thank God something that really seems to work "" Thank You Doctor Beretta !!!!!";positive
3912;I have had GERD for at least 20 years, and have tried lifestyle/dietary changes, over the counter meds and zantac. All helped somewhat, especially zantac, but nexium has proven far more effective.;positive
1231;Atarax was prescribed for my hives, and the second day, I started having a bad reaction!;negative
1633;Three months after my hysterectomy in 1998 I was hospitalized with severe depression. The depression went away shortly after starting the Premarin. My doctors have tried taking me off of it on several occasions, but each time we try, the depression comes back.;positive
526;I took one milligram at night to treat the symtoms of restless leg syndrome. I had a sleep study which showed that my legs about every two minutes while I was sleeping and that brought me out of a deep sleep. My doctor put me on requip to keep my legs still so I could fall asleep and get better rest. It worked well. I had tried all sort of behavioral remedies to help with my legs and nothing had helped until this medication. I slept better than I ever had since I could really relax instead of waiting for the nightly discomfort in my legs.;positive
4052;Was given the Amoxil without a blood test by not my usual doctor. After seeing my usual doctor he ordered a blood test, which found Glandular Fever was positive, and ordered me off the drugs. I had already, however taken the lot under the direction of first doctor.;negative
3998;After extensive research, I began a complete detoxification process accompanied by acupuncture which I believe ultimately saved my life. My advice: listen to what your body is telling you, be aware and be pro-active with your treatments.;negative
2024;Not sure what this means - I take a single dose in the AM and try to avoid trigger foods/beverages like chocolate and caffeine.;positive
560;I am following up with the derm tomorrow to see if there is an alternative treatment because I can not go through these side effects again.;negative
752;I have recently started using a Netti-Pot in hopes of being able to stop using Flonase daily. I have not yet weened myself from Flonase.;positive
4032;After pregnancy my upper lip remainedmarked with dark spots - melasma. My Dermatologist prescribed Tri-Luma cream to lighten the spots and also said it would help redice the appearance of my wrinkles. I used the cream each night. The texture was thick and the smell was not appealing. A few days after use my skin started peeling where I had been using the cream. The peeling was annoying as I would constantly have to put moisturizer on to stick the skin back down. After a month of dilligent nightly usage I did not notice a lightening of my dark spots nor any reduction in my wrinkles. Perhaps with continued use my spots would have lightened but honestly, I couldn't stand walking around with skin peels hanging off my face. The Dr should have advised me about the peeling. I was very dissappointed as this prescription cream cost $100.;negative
1181;She had to take anti-nauseated pills for the nausea , dizziness plus other pills for the ringing in the ears . She succeeded after two agonizing months & will never take prozac again. I think every doctor should inform patients of the withdrawal side effects of this drug .;negative
52;The medicine is taken once per day at night, about 2 hours before bed. Once the medicine fully kicks in (after about 1 1/2 hours), special stretches are done. Stretching along with the medicine provides about 90% relief from pain and tension, and the relief lasts longer than medicine alone. The medicine is also taken as when pain and tension are worse than average.;positive
1222;I started with the Prozac. Then the trazadone was added to help me sleep. I was always cycling into manic phases but they became more extreme and serious. The Lamictal completely obliterated the mania. I feel completely stable, happy and am very high functioning.;positive
1030;Vyvanse really does help me focus on school work and also at work. I'm better in tests and homework problems. I became a better listener in converstations, i do feel happier, not mood swings. I believe i have a better understanding in tasks and i dont feel as hyper as i use to.;positive
3259;The Norfloxacin treatment was given whilst I was an in-patient at hospital, and continued after returning home;negative
3990;I was sent by my general practitioner for an endoscopy 3 months (Dec '07) after giving up Fosamax, results of which showed irritation of end of esophagus tube where it joins my stomach. I was prescribed Nexium for the condition, and after taking for 3-4 months, the symptoms finally disappeared. I would NEVER take Fosamax or any alendronate based or similar drug again.;negative
266;For leg pain from knee surgery. I really like this medicine. I know certain people who couldn't take this medicine. Everyone has different side effects to medicines. I will continue to take this medicine. It also gives me a lot of energy, which is good. I have to get up at 3:30am for work.;positive
2381;after blood test was given levothyroxine 50mcg 1 tablet a day to conteract over tiredness loss of hair weight problem and loss of libido. This treatment is for life but I had so far no benefit after over 3 years. I can not stop it as I was explain that it could go worth. No other treatment are available and no cause of this problem can be explained.;negative
1960;Patient was being weened off of 3600mg/day of Neurontin on to Lyrica. As the dosage taken of Neurontin lessened and that of Lyrica increased so did the side effects. Patient was taken totally off of Lyrica and, successfully, placed back on Neurontin.;negative
1315;I have been taking meds for my acid reflux for many years, originally Omeprazole (generic for Prilosec). However, becaus Omeprazole was not on my insurance drug formulary, I was taking Prilosec OTC. At my last check-up my doctor prescribed the Prevacid and I like it. It even tastes like strawberries!;positive
1705;I simply applied a thin layer of the cream each night as presecribed and was careful to wear a good sunscreen during the day.;positive
2684;Started on Lisinopril(20mg)/HCTV(12.5mg) and after 5 days the leg and back pain, headache, jumpiness were unbearable. Doctor assumed potassium loss due to the dieuretic and took me off the HCTV and went with Lisinopril(20mg) only once per day. The side effects continue well past the time when the HCTV should be out of my system. I am going to the doctor tomorrow and want off this drug completely. Plan to use diet and exercise to lower my BP.;negative
1691;I take 10 mg of a grocery store brand loratadine nightly. I try to not take it with milk, I felt like it was not working the next day when I did take it with milk.;positive
3859;The only difficulty taking this is that one has to wait thirty minutes before eating or drinking in the morning. Therefore I take it upon first waking up - immediately. Or sometimes I take it and go back to bed if I am awake early.;positive
3187;Doctor started me on one pill for 3 days,then double for the next and 3 pills upt 150 mg. on the 7th day. I am still at 25 mg. due to side effects above.;negative
2624;I started depo-provera when I was 15 years old and continued treatment for five years and then stopped treatment at the suggestion of my doctor to take a break from it. During the first ive years on depo, I had no adverse effects I maintained a constant weight of 112-1/2 pounds throughout the entire five years. I started depo again at the age of 23 and was fine and maintained a constant weight until they switched me to the generic version at the age of 27 from that point on I struggled with constant hunger rapid weight gain and struggling to keep it under control, acne is another of the side effects I experienced after the switch to generic and depression. The depression could be the result of fluxuating weight and acne or heredity. I stopped depo treatment and switched to the copper IUD in November of 2007 and since then the constant hunger has stopped, I have already lost 10 pounds without really trying and the acne is beginning to decrease. I still am receiving treatment for depression at the moment. Hopefully, this will help you in your birth control decision.;positive
2459;1 to 2 sprays per nostril per day. I tried to limit to 1 spray per side per day & found is just as effective. This is on a regular, permanent basis to control allergies.;positive
3893;The doctor advised taking 2 tablets for the first dose to 'kick start' it into my system, which I did. After 4 days of the treatment, the swelling and the pain had almost gone. I was then able to attend a dentist who could examine and treat the tooth that caused the abscess.;positive
2775;One 300MG pill of Clindamycin, along with two Advils followed by gargling the Benzydamine, four times a day. To be taken with food.;negative
4129;I did the starter packet for the first seven days as prescriped. Now I am on the 1mg twice a day.;positive
3523;The treatment involved taking one pill in the evening right before bed. Lunesta works relatively fast, so you do not want to take it unless you are going right to bed because you become drowsy within 10 minutes.;positive
1392;I was diagnosed with Crohn's disease about eight years ago. The doctor started with a series of Remicade and a prescription of Prednisone. This combination made it possible for me to eat again - hurray! As for maintenance drugs, I have been on several, including Asacol and Pentasa. There were probably others, but those are the two that I definitely remember. It seemed as though my body would react well to a drug, but then the drug eventually lost that initial effectiveness. I have been on Mercaptopurine for 3-4 years now, and am getting ready to ask to move to a new drug. Mercaptopurine seems to be continuing to do a good job as a drug, but I'd like to find one that may be less deleterious to my liver.;positive
2899;after the shunt replacement, the patient was fine. the operation for the replacement took place at noon, and at about five o,clock in the morning the next day, he died. his skin was mottled, and he had an emesis in his mouth. about half an hour before, the nurse caring for him reported he was fine and sleeping. about four hours after the operation he was fine, watching television and joking with visitors which included his father. a code for resusitation was called, and after about 30 minutes the code team ceased operations.;negative
3328;The Doctors told me this is a very rare side effect but it ruined my life for over two years.;negative
200;Take 2 pills about an hour before I wake up in the morning. Then I take the third pill between 11 am-12 noon.;positive
2901;Just one pill and then I was unadequate on daytime, I had to stop, I didn't understand what happened and when with new doze drowsiness appeared again I understood what the problem was, and the third time I just tested to be sure, that I can't function normally with this drug, although it stopped running nose.;negative
3783;After suffering numerous bladder infections, it was determined that I needed longterm antibiotic treatment to get the problem under control. Six months of Keflex. Because this was 25 years ago I am not sure of the dosage.;negative
2272;I stopped taking the Lexapro and have been trying to manage my depression on my own with yoga, light therapy, supplements which has only been mildly effective.;negative
3085;I had severe acne on the chest and back. The drug got rid of the problem very quickly (within a month) but it came back worse a year later. It was highly effective. I should have treated my condition earlier as all of my chest and half of my back was covered with painful acne.;positive
3932;I had been taking Prevacid for years with success and no adverse drug reactions. I had to switch because my insurance would not pay for the Prevacid any more because there was a Generic form of Prevacid. I tried the generic but it was not effective so I was given the prescription for Nexium. The Nexium was effective but I was highly allergic to it.;negative
2532;I was to take the drug for 12 weeks after having liver function studies performed. I did not experience any untowards side effects having taken the medication for ther prescribed 12 weeks. I did not miss any doses during that time.;negative
3636;I started using .05 % retina-a every evening after cleansing, but making sure my face was completely dry. Only a small amount of the cream was needed. I applied it carefully, avoiding lips and inner eye area. Afterwards, I used a non-greasy, non-comedogenic moisturizer to minimize dryness, flaking and irritation.;positive
2098;I wash my face with a sulfate free cleanser and rinse. Wait 20 minutes and then apply the Renova cream to my face and around my eyes and mouth. Also slightly under my chin. I've found Renova irritates my neck skin making is red and itching.;negative
2115;Roaccutane was prescribed for late onset adult acne consisting of large cysts on the chin and jaw. Improvement was observed within 10 days. Liver function was monitored. Complete remission of all symptoms for over 3 years. A highly satisfactory outcome.;positive
1907;twice a day DOXI 100 mg...plus face creams.. I wash my face carefully everyday, I exercise (jogging) but it is the same and even worse, my face gets red and have several bumps in my whole chics...hate it! :(;negative
1197;Took for several months, told my doctor it was NOT making a difference so she doubled the dose to 40 mg. I couldn't stand the thought of putting more chemicals in my body if they weren't doing anything so I never filled the doubled prescription and focused on counseling, which made a difference.;negative
360;After a rectocele prolapse operation in June 2009, i suffered groin damage from the position I'd been laid in for surgery. The genitofemoral nerve was stitched into and i was left suffering from a combination of abdominal pain like appendicitis, and sharp pain when moving my right leg. Eleven months later, and i was still breathless with pain, and could not walk without twisting my body to guard it. i was offered gabapentin, but was swollen within 24 hours, and only managed to move my bowels three times in eight weeks - not good when the reason all this stated was a rectocele caused by megacolon. When i withdrew i became suicidal, absolutely despairing, for three weeks. Two months on, my weight gain has not come down, and the palpitations are if anything worse. Not my sort of drug.;negative
3694;I was placed on Paxil at first which did work, however I had lots of acne as a result. After being placed on Effexor, I noticed an immediate change, however because I have been on this dose for a long time, I feel that the effects are wearing off. I have not yet discussed this with my doctor.;positive
2144;Taken as directed (once a day at night) resulted in nightmarish dreams and waking hallucinations.;negative
966;Two weeks out of the month I take 20 mg, every morning. I start on a Sunday a week before my menstrual cycle. Finish up the months' treatment 14 days later. ( which ends on a Saturday );positive
3520;The only problem I have with the medication is that it is expensive--about $5.oo per pil--and that it doesn't always work. It doesn't always help with jet lag, for instance, and there are other times when I lose half the night anyway, usually in connection with PMDD. It works about 80% of the time.;positive
1097;I was supposed to start at this dose and then go up to a higher dose after a few weeks. I completely took myself off of this drug since it was not helping me and there was no way I was going to increase my dosage. My doctor never even followed up with me after prescribing this medication...tsk, tsk!!;negative
2448;The only thing this pill gave me was strong flu-like symptoms. I'll try it again and see if the results are better but so far I'm not impressed at all and $80 in the hole. Complete waste of money and suffered flu symptoms the entire next day. It's very difficult to be in the mood for sex when you feel sick with a throbbing headache.;negative
3233;WEAR THE RING 3 WEEKS IN A ROW AND REMOVE THE WEEK OF YOUR PERIOD AND INSERT A NEW RING THE FIRST SUNDAY AFTER YOUR PERIOD.;positive
3606;The cream was supposed to minimize my acne, but I think it did the opposite. Just putting the cream on was very painful & stung up front. At times, my face would peel for entire days (again primarily on the chin - or entire jawline area). As I saw it, the Retin A reacted negatively with whatever hormonal issue was causing the acne. I was forced to use injestable treatments, because Retin A did not work (antibiotics and birth control).;negative
1881;50mg Doxycycline taken one at night with food, meant to be 2 - 3 month treatment for acne. Unable to continue with treatment. By the way, the most effective treatment I have now found for treating current acne is Freederm, a nicotinamide based product which is the only topical treatment I have found that improves my acne. It does not prevent new acne outbreaks. And the best treatment I have found for acid stomach is Barley Greens, better than all over the counter acid stomach treatments and better than Zoton.;negative
1033;I take one 70mg pill a day in the morning. I don't take it with food and it does not bother my stomach at all.;positive
578;Patient received IV form in hospital and fluid came off quickly and effectively. Oral form, which she was sent home on, did not work and she ended up back in the hospital within 24 hours. One of the doctors later admitted that there was something about the oral form that caused it to be ineffective in certain situations.;negative
3130;The patient was suffering from cancer of the esophagus, which was in an advanced state at the time of diagnosis. The patient was to begin treatment for cancer the day following his death. He had received a feeding tube through his stomach and was sent home from the hospital with a perscription for Fentanyl patches for pain. He had previously been taking a much milder medication. The patient rapidly deteriorated and died within 6 days of receiving the feeding tube and within 5 days of beginning the Fentanyl patch for pain.;negative
1935;I took a dosage of 1000 mg on e day oje and took a dose of 5oomg on days 2,3,4 and 5;positive
1146;I took 2 pills at the onset of my menstrual cramps and then every 8-12 hours took 1 pill as needed for about 3-4 days until cramps were over. If cramps are bad, make sure to take every 8 hours on the dot because the medication stops working suddenly and unfortunately takes about an hour to an hour and a half to kick back in.. if cramps are only moderate, taking every 12 hours is okay.;positive
2257;I am happily married with two children, ages three and five. For years I cried everyday, freaked out at the drop of a hat, yelled all the time, had no self esteem and sometimes thought I could not go on. After two weeks of taking Lexapro I am a completely different person. I have not cried once after the first week of being treated. I love myself and my kids. All the menial tasks that I felt so difficult before, I now do with a great sense of ease. My friends and family notice a huge change in me. I couldn't be happier.;positive
2332;I took this medicine once daily. The results were not dramatic but could be visibly noticed.;positive
1283;Tried Aderol, once a day 5mg, for 3 weeeks . I had hallucinations and although awake, was very out of control.;positive
3995;There is really not much to describe. I now take the drug once a week instead of once everyday and am very happy with taking it this way. As I mentioned above, as per my doctor's instructions, I also take Caltrate Plus 3x400mg.tablets a day, as he feels this will also help to strengthen and build my bones and keep them from becoming brittle.;positive
1511;A dermatological assistant injected what she assumed to be several adult acne cysts on my face with an unknown amount of Kenalog 10. About a week after one injection site developed an indentation the size of a pencil eraser. On a subsequent follow up visit the doctor told me that this would go away in two to four weeks. In two weeks, I have seen no improvement. I feel that the docor did not adequately explain the possible physical and emotional side effects of this very potent drug. She never said that it was a steroid.;negative
3758;Take 2 pills orally daily and facial and body acne was reduced to very occasional mild acne.;positive
1925;I take a 2 month course of Zithromax, half a tablet daily, about twice a year to alleviate exacerbations of chronic Pseudomonas Auriginosa chest infection associated with Cystic Fibrosis. It works excellently in conjunction with a 2 week course of nebulised tobramycin (Tobi) to reduce symptoms and decrease sputum production. I believe one of its main actions is its anti inflammatory effect. Also I believe that it inhibits the ability of Pseudomonas to stick to the lungs. This is a great weapon in the arsenal against CF. I hope this helps your research and look forward to receiving my Skin Care DIY pack. Thank you.;positive
3127;"I took 100 mg Levoxyl, which provides a thyroid hormone called T4. It's success depends on the body's ability to convert T4 to T3; adding Cytomel proves T3 (the active hormone) directly. I now take 10 mcg Cytomel along with 100 mg Levoxyl and symptoms of low thyroid have resolved.";positive
1957;I was supposed to take it for 7 days once a night, then two pills for the next 7 nights but I never got that far.;negative
2064;Capoten was to be taken 150 mg daily - in divided doses. Propanolol was 20 mg twice a day, and the Hydrochlorothiazide was to be 12.5 mg daily. Blood pressure baseline was 180's over 110. Resultant decrease was to 150s over 105. Stopping the Capoten relieved the cough after about 3 weeks of being off the medication.;negative
848;My diagnostic of ADD was not really accurate. A did just some practical test but no brain exam. The doctor prescribe ritalin as a test, but because of the side effects I had to stop. I did psychotherapy during the treatment. The ritalin helped me but,of course, didn't stop my problems. I feel really better now, but i didn't find yet a drug to help instead of ritalin.;positive
2734;i have been take amitriptyline for the last 22 years, without too serious side effects. i never miss a dose- if by some reason i dont have it - i will never be able to fall asleep at all. I started on 10mg but now i am taking 35mg, it helps.;positive
2948;"I expressed to my doctor a desire to try this drug to quit smoking. She prescribed it to me and I began taking it shortly thereafter. Before my 2 week quit date had even arrived, I noticed a marked decrease in nicotine withdrawl episodes. I just didn't need to smoke. I found I was started to smoke only when I thought I ""should"" - after dinner, right before bed and other habitual times. Once I stopped smoking all together, it was a relief to only have to battle my habits and not the withdrawl effects of nicotine as well.";positive
2820;"300mg Wellbutrin daily. My hair started falling out after the first week. During week two, I saw my doctor and told her about this. She said it was not a known side effect. Internet research assured me the hair loss was not coincidental; others had the same reaction. I quit taking it a few days later.";negative
4021;I took a Vermox tablet orally for three weeks and another dose for three days a month later. I began taking a dosage of Celexa of 40mg which was eventually reduced to 20mg per day after about 1 years. I continued a dosage of 20mg for another 1 years, but switched to the generic form, Citalopram.;positive
429;Took Imitrex for a 3 month period and still had no noticeable results. The tablet was suppose to lessen the pressure and pain if taken at onset of migraine. I ended up trying Aleve and still take it to this day for migraines.;negative
492;3 months, 1 capsule of 10 mg. per day. After 3 mo., back in to see my Doctor for another check-up. Continuing on Meridia for another 3 months for achievement of goal. According to my Doctor, I can use it as a maintenance. I honestly have no side effects. I just wish it wasn't so expensive.;positive
1928;I was told by my doctor to take the medication once a day for about 5 days. The best results came within 2 days, and seemed to plateau after that. I requested another prescription so I ended up taking it for about 2 weeks, but I seemed to see little improvement during the 2nd prescription. It was probably because the bacteria was kept under control, but my body was taking time to heal.;positive
1857;Prescribed 875mg 2x/day for seven days but because of the horrific diarrhea, stopped at five days with doctors consent. Never again will I take Augmentin -- never.;negative
3003;"i was treated for a UTI with ciprofloxacin first; i took the medicine as prescribed exactly. within two days i started having symptoms described above. the doctor told me to switch to tequin, an analogue. the same effects occurred, only more severely this time. i had to stop the medication after a few days, or it felt like i would have to go to the emergency room. i felt like i was dying. the week that i was on these drugs was enough to cure the UTI however. i recovered from the symptoms after about 5 days after stopping the meds.";negative
1627;"Medicine was inserted vaginally once daily at bedtime for the first 2 weeks; patient abstained from sexual intercourse during that time so that male partner would not be exposed to the effects of estrogen.";positive
97;"I was diagnosed with Attention Deficit Disorder in my early 30's. I tried different treatments...ritalin (terrible side effects), adderall (didn't work well alone), Adderall with Effexor (Worked great but is hell on your sex life) and then Adderall with Wellbutrin. I took the Adderall with Welbutrin for 10 years but had to take ambien to sleep. Heart palpatations are another side effect of that combo. Menepause hit a couple of years ago and nothing seemed to work well and I developed major anxiety issues. I started on Estrogen replacement and then asked my Dr what we could try that was closer to the Effexor I tried years ago. That's when we tried Pristiq. He seemed amazed at the results. I do not need a ""drug cocktail"" anymore....I felt like Elvis for years. I love my life again!";positive
314;Had to take one when not feeling good. Or if anxiety issue to go to the doctor, take one, one hour prior apt;positive
181;I take 3 Adderall per day. 1 1/2 pill in the morning, and 1 1/2 in the the afternoon. Each pill is 15 mg. I break one in half to divide between morning and afternoon. I see my doctor once every 3 months to discuss how it's working. I started out on 5mg, 2x/day, but I developed a tolerance to it over time and went from 5 mg/2x day, to 10mg/2x day to 15mg 2x/day to 15mg 3/day.;positive
3899;Instructed to take two 250mg capsules every 8 hrs for 10 days. No discussion about possible side effects or what to do should they occur. I thought my skin had come into contact with something that I was allergic to because I didn't realize it was a drug reaction since that rash started on the 8th day antibiotics.;negative
2545;25mg once a day, then 12.5, and now 6.5 until im off. I'm hoping that I can start a natural approach to lowering my BP, because this medicine has made cmy health worse;negative
1415;"I would take 1 30mg pill in the morning at about 8am and then another 30mg pill at about 10am (sometimes trouble falling asleep if taken later). I have done that for 2 months. At the beginning I started off with only 1 pill a day. I try to ""self administer"" my breaks in taking the medicine because I've heard it was addictive and I don't want to be addicted.";positive
2856;Had to go to Drs. office for a treatment and steroid pack. Requested another named inhaler. Got Pro-Air... Currently looking online to Canada to try and find the original Albuteral inhaler. With all of the factories, truck engines and exhaust, hairsprays, how much actual damage does an inhaler do, comparitively speaking???;negative
125;I took Valtrex before a laser treatment to prevent the outbreak of cold sores or herpes virus. The first laser treatment without taking Valtrex caused a herpes/cold sores breakout on my face around the chin area. After consulting with my physician, he prescribed Valtrex to prevent the outbreaks in future laser treatments. I learned that the laser triggered the herpes outbreak, since the virus is in a dormant state until it is disturbed and activated by the laser. I was prescribed 500 mg of Valtrex to be taken 3 days before the treatment, the day of the treatment and three days after the treatment, for a total of seven days. I took the medication twice a day and started this seven day regime each and every time I had a laser treatment to prevent any outbreaks.;positive
1131;dental specialist went under gums to deep clean and I had to have special care. also, some teeth moved inward. This changed my teeth's ositions and now don't look as nice.;negative
3735;Started out on 25mg/day and slowly worked my way up to 200/mg 2x's a day. Saw a therapist once a week for about 8 weeks, then switched down to once every other week for a month. Now my family Dr. is handling my prescription. I am lucky about that because I was told that some Dr's do not feel comfortable handling bipolar drugs.;positive
82;I have a prescription for albuterol for sports related asthma. I usually get the Proair inhaler but the pharmacist insisted this was the same and gave it to me. The first day I had it, I went for a run. As usual, about 10 minutes in my chest begins to tighten and I cannot breath. I took a puff of the Ventolin HFA inhaler. No effect. I stopped running. I took another puff. No effect. Still cannot breath. I am now bent over with my hands on my knees struggling to intake air. I took several more puffs from the inhaler. No effect. I am now struggling to remain conscious, I am getting light headed and everything in my vision is pale. I begin to lay on my back, taking a few more puffs of the inhaler. No effect. My throat is now beginning to seize from the sheer force it takes to inhale tablespoon-sized breaths. I have a headache and hear a high pitched whining. I try several more puffs of my inhaler. No effect. I lay on the ground doing controlled breathing for several minutes. I tried a puff of Ventolin HFA here and there with no effect, so I gave it up. I'm laying wondering if this is my last day on Earth. About 15 minutes of pure agony later I catch my breath slightly. I now have an enormous headache and am dizzy. I get to my feet and start to walk toward my apartment (across the street). Along the way, my chest seizes up a couple more times, and a couple more times I use the inhaler. No effect. I now have to wait another month before I can afford a ProAir inhaler before I can even exercise again. I think Ventolin is for underdeveloped little kids who think they have asthma but actually don't. I have real asthma and this stuff almost killed me. The puff that comes out of it is nearly invisible, the puff from a Proair inhaler is actually noticeable and...a 'puff'--about 15x more comes from the Proair compared to the Ventolin. Even waking up in the morning, the slight tightness I have then, Ventolin does nothing for. My girlfriend doesn't understand why I wheeze before AND AFTER I use the Ventolin. Well, it's because it doesn't work for me--in fact, it almost killed me. Everything in this story is true, but I may have taken more puffs from the inhaler than I listed...any ?'s feel free to contact me: thecrookfromthebrook at yahoo.com. Thank you and take care.;negative
600;An old and STUPID psychiatrist in Asha Hospital, Hyderabad had put me on Risperidone 2 mg, Pacitane 2 mg from past 2 years as I was suffering with anxiety and social phobia. I do not have any symptoms of Schizophrenia nor Bopolar disorder and I stopped taking the med since 4 months worrying about the serious side effects..The result is..it just RUINED my life in every aspect. I can't feel ANYTHING. I feel nothing in my brain..unable to sense pleasure..lost my unique nature..lost my personality and identity..not getting any thoughts..consciousness is reduced..not able to concentrate on any particular thing..unable to form clear ideas..difficulty understand simple things..chronic sleeplessness..stiff muscles..numbness on the hands..weight gain..sensory loss..memory shot..hearing is badly damaged..dim and blurred vision...no sexual desire at all and lot more..My FUCKING psychiatrist doesn't even let me know of these siide effects and just told me to continue the medication for two years and no need to consult him..I never know why he had put me on Risperidone.This med is really FUCKING..I never suggest this med to anyone at all and I want to file the lawsuit against the company who manufactured this ROGUE drug with these many dangerous and life threattening side effects.I will report to FDA, United States to put it in block list and RUIN their business completely.They are playing with the valuable lives of the patients with their stupid formulas and creating the FUCKING drugs..Do they bring back the life to normal once the brain got permanently damaged????;negative
3105;I was to take this birthcontrol pill daily to aid in the hormonal fluctuations that possibly were contributing to my acne.;negative
3308;Well I went to see a doctor and talked about my situation, and for the first three visit, she just talked to me, then after the 3rd visit, she decided it would be a good idea to put me on Zoloft. I was hesitant at first, but after two more visits, I decided to give it a shot, and wow it did the trick for me, my depression immediately left, and I am able to function a lot better then I was prior to the meds. so I have really know complaints about zoloft.;positive
714;I can't remember ever having the initial flare ups/breakouts other people have reported. I was warned about this by my dermatologist but i can't say i remember it. I noticed no difference in the first few months and became very frustrated at this. It was only towards the end of the fourth month that it started to become noticablly clearer with only a few spots. By the end of the fifth month i was clear, and remained clear for a year. However the oilyness of my skin has returned and i would now class my skin as having mild acne, but it only affects the areas around my nose, unlike before where i had it all over my cheeks. If you notice any spots return, contact your derm to be put on a second course of accutane as i am, otherwise it can return more serverly and undo all the progress you have previously made.;positive
1744;"I statrted on 50mg, than a week later went upto 100mg. I stayed on 100mg for about a year. It wasn't until a year later that I went up to 200mg and have been on this dose for over 2 years. I experience no side effects. My mind feels quiter and I feel freeer than I ever had in my life. I am not on any other medication nor am I seeking ""talk"" therapy for my OCD. The Topamax has been able to keep it at a tolerable level. I also must note that in the way past I was on Prozax, Paxil, Celexa, Luvox, Valium, Xanax, Clozapam...all with little or no success.";positive
1573;Xanax was prescribed for me because I was a plaintiff in litigation and my accurate testimony was imperative, especially memory recall of specific dates 5 years prior to my testimony. The defense attorney was a rude and nasty old man and was deliberately trying to confuse me to the point of tears. My attorney had warned me beforehand about the defense attorney's tactics so I asked my doctor for a short term tranquilizer. During recesses in my testimony (2 days) I would take a Xanax to keep me focused. It worked like a charm and I won the case. It just seemed to keep me sharp, rather than sedated.;positive
2851;"I used an asthma inhaler frequently as a child. I think it was albuterol, although it is hard to be certain. In my forties, I had a recurrence of asthma. The pharmacist and my doctor both said NOT to use the over-the-counter inhalers. I did try one, and it was MUCH more heart-poundingly stimulating than albuterol. Dangerous for someone with heart problems, but difficulty breathing would be dangerous as well. At some point, I got a generic albuterol inhaler and found it much less effective than the Ventolin brand. My doctor said that other patients had told her the same thing. I rarely need it now, maybe only once every two years. But I try to keep one with me at all times because when I need it, I really need it. I take long walks down and up a hill and if I had an attack at the bottom of the hill I would be in trouble. It is almost magic, though--one minute it takes a great exertion to breathe and I feel like I am suffocating--then I inhale Ventolin and my bronchial tubes open right up. It is a lifesaver. As a child and teenager I did not mind the slight ""rush,"" I even liked it. Part of that rush may be caused by the deep exhalation and inhalation required to properly ingest the drug.";positive
1475;Given for depression as a sample. began with 30 mg but due to the side effects the dr. decreased it to half a capsule sprinkled on food. was still too strong. didn't feel as good as far as my moods/depression go, and still felt the jitters. Didn't feel as drowsy. I suspect that I could tolerate this medication after the side effects subsided or decreased after a few weeks, but because I work I couldn't wait...I would have been jittery and yet like a zombie for work and that was not an option;negative
226;Wellbutrin XL was used in conjunction with talk therapy to great effect. Dosage has been maintained over the years with frequency of talk therapy decreasing and alleviation of depression has been maintained.;positive
179;Chronic bronchitis-type sympptoms were treated, daily dosage varied and was confusing and difficult to administer. Not able to pinpoint if recovery came from the infection running it's course or from the drug. No side affects, but anxiety taking a steriod in such an unusual way.;negative
1846;it was one pill a day, as any birth control pill is usually taken. I took them properly and that is probably one reason why the benefits were great. However I took the other brands at the right time to and they didn't work as well.;positive
636;I stopped taking the pills today. I hope this will stop all the symptoms. I will probably never take any birth control for the rest of my life. I was on Depo for about 2 years, which was fine--no major side effects except for the decreased sex drive. I was on Ortho Tri Cyclen for about a year before Depo, but I stopped because I definitely got lighter periods but the periods were longer (5 days) than when I was not on any BC (3 days). I shouldn't have been on any BC to begin with. Afterall, I shouldn't complain--my periods are always on time like clock work. No cramps, only the occasional bloating. I started to be on BC to prevent pregnancy, but I'll just be more careful by using a condom instead.;negative
572;Treatment was 1 pill per day for approximately 3 years (25 mg) which I am told is a quite low dose for this medication. However my weight is 100 lbs on average and small build so for me it was more than enough. It helped my hypertension come back to within normal range which I was pleased with. If I needed to go back on an antihypertensive, I would try it again;positive
2834;"I took singulair for years before I realized that it was not really doing much and I strongly suspect that it contributed to my severe depression and mood swings. I have always had severe asthma and allergies and was hospitalized many times as a youngster. I did have allergy shots which I truly think helped with my allergies. When I got older, and inhaled cortisteroids were invented I started taking them, along with Singulair. I was told that it was the ""most benign medication that I was on"" so I never thought twice about popping that small pill each day. I suffered from frequent chest infections - that is a side effect of the singulair since it blocks the leuketrines that react and cause inflammation. When I was 25, I started having severe mood swings and had to start taking an anti-depressant. I continued the singulair without any thoughts. However, after my third child, we were broke and I was trying to cut some medications down to save money and I stopped the singulair for a while. I did notice that my asthma got worse so I figured oh well, have to start the Singulair again, that's when I started having the severe mood swings again. I started doing some research online and read an article written by a mother who lost her son to suicide and attributed it to the singulair. In my heart of hearts, I truly believe that more attention should be given to this drug, and it's affects on the brain. I am no longer taking it and I am having much better luck with zyrtec.";negative
123;Same as the treatment benefits. Preventative, if I could catch the coldsore before it broke thru, as well as successful in reducing the length of time and size of the coldsore itself.;positive
1360;"I lucked out finding the answer in an online newsletter that warned Crestor users of this problem which the manufacturer claimed was ""very rare"". My doctor told me to stop it immediately, gradually I got better. I still cringe when I see Crestor advertised on TV or in a magazine...";negative
2416;I was taking 50 mcg of generic Synthroid at the mornings 30-40 minutes before breakfast. The dose was increased gradually every 2 month as my thyroid was drastically decreasing its activity and symptoms reoccured. The doses of 100 mcg and later 112 mcg were taken sublingually twice a day 30-40 minutes before breakfast and lunch. Contraceptives MIN-OVRAL and supplements of Ca, Mg and iron were taken at the evening to avoid the interractions.;negative
1339;After increasing dosing frequency to twice daily, abdominal cramping and then severe diarrhea, medication had to be stopped.;negative
3846;I was perscribed 75mgs X 2 per day. I take double that amount and still have very little relief.;negative
2387;I take the medication first thing in the morning, about 30 minutes to an hour before eating breakfast.;positive
2904;Due to the above mentioned side effects, I stopped with the Tramadol after just two days and opted for pain and paracetamol.;negative
2542;The drops are administered twice a day approximately 12 hours apart. It is usually necessary to keep eyes closed for a minute or two until the burning subsides.;positive
3827;This was prescribed off-label to me. It is a potent glaucoma drug. It is essential that you not get it in your eyes or on your eyelids. It only needs to be painted on the eyelashes, away from the eyelids, to be effective. Results were seen within a month.;positive
3936;Had helicobactor pylori with terrible acid reflux was treated with antibiotics and prilosec but still had terrible heartburn had a scope done and I had errosive esophagas started taking the nexium and has worked every since. If I miss a pill however my heartburn comes right back so I will have to stay on forever or eventually have surgery called a nissen fulondopation? wrap. I had all the testing for that surgery and was told I was a candidate fot it, so either I have to take the pill nexium forever or have surgery;positive
1719;I applied nightly to dry clean skin. I did not apply any moisturizer afterwards in order to avoid diluting the product. I used a mild cleanser for dry skin and exfoliated with a microfiber cloth once a week. I did not have any peeling. Some irritation in places.;positive
1244;I suffered with mild acne and many whiteheads that were resistant to all other topical and antibiotic treatment. My dermatologist was reluctant to prescribe Accutane as I had a mild acne but eventually let me try a course at the lowest dose (0.5/mg/kg). I had 2 courses of treatment with Accutane. The first time it was highly effective (side effects were tolerable and worth it as I got great results) so I stopped after 4 months. after about a year the acne returned (much less than previously) so I took another course and after that it was definitely gone. There are side effects but if you can tolerate them, it is a very effective treatment. I had to do a pregnancy test prior to starting each course and full blood test and had to take oral contraceptives throughout the treatment as there is a risk of birth defects. I also had to see dermatologist every 2 weeks initially then monthly and have my blood tests repeated. Tretment was very expensive (including cost of drugs, blood tests, consultation fees) but worth it.;positive
3701;"The benefits of Effexor XR were terrific. The side effects while taking it were just fine with me, though my psychiatrist seemed alarmed about my heart rate and blood pressure. That said, the withdrawal was so atrociously horrible it simply wasn't worth taking. I would have rather taken a drug that was half as effective without this uniquely gross withdrawal. Let me put this into perspective: I've gone through nicotine, alcohol, and speed withdrawal (the last a long time ago) and the Effexor was the worst (and I required hospitalization for the alcohol). It took me between three and four months to taper off the drug. I tried to stop --unsuccessfully--at 75% the regular dose, then 50%, and then 25% before deciding to just taper it down to a dose so small I had a hard time believing it had any psychoactive effects at all. Even finally quitting taking the drug at all when I'd tapered down to 1/15th the initial dose, I experienced mild versions of the same awful withdrawal issues that had popped up before: intermittent (intense!) nausea (previously full blown vomiting on previous quitting attempts), night sweats, what I've read in Effexor forums described-inadequately-as ""brain shivers,"" though-- amusingly enough-- very little of the depression or anxiety rebound past the first few days of 0 mg. If I were at suicidal or bed-ridden level of depression this drug would be completely worth it, even with the withdrawal. Otherwise, I'm staying away from SSNRI's for a long time.";negative
3678;I had been on Zoloft for 5 years with no problems. After a while it had been less effective, and my doctor cycled me rapidly through other drugs that did not work well. I had been inpatient for a week because treatment had been going so poorly. So this drug seemed better, compared to that, for a while, but gradually I noticed that I didn't so much feel better as that I just didn't feel anything at all.;negative
2982;I found myself staring at the wall more than anything else. I felt totally drugged. My personality changed from somewhat lively to something very dull. It was as if the medication numbed my senses. I discontinued Strattera after one month. I couldn't tolerate the depression anymore.;negative
1084;started on a low dose (25mg) and built up to 150mg over 3 months which was reduced to 75mg per day after six months. This dose continues today. A six month treatment break resulted in a return of the symptoms so treatment was resumed at 25mg up to 75mg after one month.;positive
332;I SUFFERED A THORACIC HERNIATION WITH SPINAL CORD COMPRESSION AND UNDERWENT A DISCECTOMY BUT UNFORTUNALY 3 MONTHS LATER SCAR TISSUE GRABBED A NERVE AND I UNDERWENT A RHIZOTOMY TO SEVER THE NERVE. I WAS LEFT WITH SEVERE DEEP NERVE ROOT NEUROPATHY OF THE SPINAL CORD. THE TREAMENT WAS NARCOTICS AND AN ANTI-SEIZURE. THE NEUROTIN WAS BEGAN IMMEDIATELY BUT AS DESCRIBED ABOVE WAS NOT EFFECTIVE AT ALL FOR PAIN RELIEF. IN FACT, IT EXACERBATED MY PAIN. I AM NOT BEING EVALUATED FOR A SPINE STIMULATOR.;negative
2437;I met with my physician four weeks after I began taking the medication, then 3 months later, then every six months. I did not attend talk therapy or receive any other treatment.;positive
1882;I was to take 2 tablets the first day and then one a day for 6 days. after the fifth day my congestion/phlegm was clear so i stopped the medication. i continued to have the irritating bronchitis wheezey cough. so now i'm not sure the antibiotic really helped.;negative
3425;I purchased a full 60 gram tube. It was like $10 with my insurance. I would first wash my face with Neutogena deep facial cleaner. After letting dry 30 minutes, I would start to apply the Tazorac. I would dispemse a pea-shaped amount on my finger and then dab my my cheeks, near my eyes, my chin, and my forehead. Then rub in. After about another 30 minutes, I would place on moisturizer.;positive
1620;"The doctor put me on the maximum dosage because I was ""young"" for menopause. Did not test estrogen levels either before beginning treatment or after starting the HRT. I simply took one Premarin pill per day, every day.";negative
2568;Patient was instructed to take .5 mg one hour before bedtime. This was followed during the week nights and was immediately effectively.;positive
2355;Starting using it in November of 1999 and stopped using during the summer of 2000.;negative
3106;"One active tablet administered daily from the 1st day through the 21st day of the menstrual cycle, counting the first day of menstrual flow as ""Day 1"" followed by one green inactive tablet daily for 7 days. Tablets are taken without interruption for 28 days. After 28 tablets have been taken, a new course is started the next day. NOTE: in addition to 0.180 mg - 0.250 mg norgestimate each pill also contains 0.035 mg ethinyl estradiol";negative
2262;I took a whole 10 mg tablet the first time and I wasn't right for two days. I then took just a quarter of a 10 mg tablet and got the same reaction, but it only lasted for about a day. I was through with it a that point.;negative
4010;I began taking Celexa after Lexapro made me sleepy and hungry. The Lexapro did indeed calm my anxieties. It was thought that an isomer of Lexapro might be better tolerated. This was not the case, and now I am off all medications for a short period to re-evaluate my baseline needs.;negative
3365;The doctor perscribed the Lipitor for my high cholesterol. I questioned it because though my overall chloesterol was high, my HDL was high and my triglycerides were very low. Lipitor lowered both LDL and HDL.;negative
2096;"Tretinoin (pea size) was blended on the back of the hand with an equal amount of Blender (#5 step in the Obagi system). The mixture was then applied to the face, neck and chest avoiding the eyes and lips. The residual cream remaining on the hand was spread on the back of the hands to reduce ""age spots"". No noticeable side effects were evident on the hands, but the procedure was effective. Care was taken not to expose the treated areas to sunlight.";positive
2807;I am not certain what I should describe here. The treatment details were that I was prescribed a medication after having asked for it due to its advertised benefits and I never have been so disappointed in a medicine until this one. I am not certain if other people have had similar experiences or not, but it wasn't pleasant.;negative
576;"I have been taking the medication for a year. I had started at 900 mg daily, but found that while I was improved, there was still room for improvement, so the dose was increased to 1200 mg/d. Of all the medications I have taken for bipolar disorder, this has been the most effective; and the cheapest too lol!!";positive
3053;My advise: have a sleep study done to make sure its a psych. issue instead of a medical issue because i also suffer from sleep apnea and now use a CPAP;positive
466;Had an ongoing yeast infection that would NOT go away. So the Dr is trying this med. It is terrible. The pharmacist said any use of perfume, mouthwash or anything with any type of alcohol makes the side effects much worse. I don't use any of those things so he said discontinue use and contact physician.;negative
2217;Benicar/HCT was taken once a day due to my blood pressure being high. It did help control my blood pressure, if I ever forgot to take it I could feel the results - headache, etc. When I first began taking it I felt really tired all the time but eventually got used to it. I started losing weight (not because of the medication, I was actually trying to lose weight) and my potassium got so low that my physician took me off of the HCT part and started me just on the Benicar 40 mg daily. I am still taking potassium pills until my labs show that my potassium is okay.;positive
3416;Will not take pill again. The side effects of loosing a nights sleep, having severe head pain, and feeling like throwing up will result in not taking another pill as this drug does not agree with patient.;negative
1803;After 1 day of oxycontin and the ensuing constipation, I switched to 800 mg of ibuprofen. While not as effective for the pain, the constipation was alleviated. Overall, the ibuprofen was better for me.;negative
3718;"The only downside from lamictal is you need to slowly up the dosage to a therapuetic level, so you can't take it if you are in a mood ""crisis"".";positive
1834;Lost interest in sex rapidly, if I was ever aroused (very rare) I couldn't achieve an orgasm, every part of my body seemed to dry out and subsequently age a bit and in the case of my eyes this drying and ageing process was pretty severe. Doctors were baffled as to why I'd ended up with such dry eyes at such a young age, said they weren't sure what caused it but said it normally happens to menopausal or elderly women (I was 20-21 at the time). Now looking back I realise that the dry eyes match with a lot of the other symptoms I was experiencing at the time, many of which are normally symptoms of the menopause/ageing. Considering these symptoms have now either completely disappeared or improved since stopping the use of hormonal birth control methods (I now use the copper IUD), I believe they may well have been linked Yasmin. Yasmin is one scary pill- I came off it worried that I was prematurely going through the menopause and that I would never be able to enjoy painless, bloodless, pleasurable sex again.;negative
355;After having gallbladder removed a nerve was cut during surgery. That created the most intense pain. I trusted the medical specialists and was in so much pain I would have done anything to make it stop. They started me on 300mg gabapentin slowly increased every 2nd day until I was taking 10,000 mg per day. yes you read it correct 10,000mg. The legal dose in NZ 3,600mg. After a serious of events and specialists adding more pain meds from codeine morphine antidepressants etc things got worse. I have been trying to decrease theses meds for two years and don't feel like I have achieved much some days. to date I take 3x 300mg 4 times a day 3,600mg (done this alone). I have been to doctors ans specialists about side effects and feel they just dismiss them yet they come under criteria of serious side effects. I'm now the too hard basket. No help or support here with DPH or any medical facility. I have my children and Friends that help as much as they can. I desperation to come off this crap I started smoking marijuana that was more beneficial to help keep decreasing and control intense pain until recently convicted for growing my own medicine. In my opinion Gabapentin is such a dangerous drug and will be the undoing of many people. Here in NZ its all care no responsibility;negative
18;please dont ever take this medication im horrified by how it made me feel in such a short amout of time;negative
1494;I have rosacea on one side of my face and my physician prescribed Metrogel in 0.75%. I rubbed the cream on the rosacea twice a day after washing my face. After six months I saw neither improvement nor complications/side effects.;negative
887;Started with 20mg and gradually increased to 50mg. After a year of treatment and no improvement the drug was eventually decreased and stopped.;negative
628;25mg more than one month, given more for another month, unsure of the benefits, need to ask a professional about amitryptiline;negative
985;I take one 300mg Tekturna per day, in the morning, along with 10mg of Terazosin (Hytrin) and my blood pressure is wonderfully under control. My last blood pressure reading was 110/66 which is perfect!;positive
2863;Interestingly, if I took four 250mg doses per day, the drug was not as effective in treating my acne.;positive
954;Sprayed rash with HC Derma-Pax and applied Hydrocortisone Cream afterward. Continued med and random daily BP reading to advise cardiologist if BP altered by increased dosage. If hives recur, will call Dr. and request lower dosage.;negative
391;Took medication daily along with BP med, monitored BP at home. Occasionally have puffy ankles but not as often.;positive
3903;I was first prescribed this medicine by my family practitioner. In order to get a refill on the medication, I had to go to a GI doctor and be scoped. My GI stated that I could be on this medicine indefinitely. Whenever I forget to take the medicine my GERD returns the next day, along with the other problems.;positive
2881;Daily application caused some irritation, so started to use is twice as week. Not sure if this is why I have seen little improvement.;negative
1025;Most recently diagnosed with adult add, never tried add medications before. Tried to give it time to work as many people say side effects get better but could not deal with the major facial skin breakouts.;negative
3677;My uptake levels were not severely out of balance. I started with 150 mg and felt the positive effects in 20 minutes. I was told it would take a week. I reduced the dosage to 75 mg then 37.5 mg after six months because I felt those doses to be too strong. I know others that found this drug helpful. Others it had no effect on at all, even at doses of 300 mg.;positive
109;See above. I am concerned thaqt the dosage might have to be upped after a few more years.;positive
364;This medication was intended to reduce patient use of narcotics by providing adjunctive treatment of chronic pelvic pain, as indicated by several studies. I have also prescribed it for neuropathic patient. Most patients experience no benefit, or if there is any benefit, it occurs at small doses. Titrating the dose up seems to worsen side effects without providing any added benefit. In addition, it is a costly drug.;negative
2919;I had an ankle accident at a job. I had this injury for a long time.There isn't much that can be done for it. So I will be on pain medication for the rest of my life. I had taken Darvacet for about 6 years before it lost its effectiveness. Tramadol was only the second pain medication I had ever tried. My doctor thought it would help me. I had never heard about it before. I never once thought I would have such a bad reaction to it. After taking almost 8 Darvacet a day I was ready to try anything else. I just wish for people to be very careful with Tramadol I don't want anyone else going through what I did.;negative
10;He takes the nasal spray in the morning and at night-2 sprays each. It controls his allergies and he no longer suffers from the sinus headaches that were interfering with his life on a daily basis.;positive
461;I had numerous surgeries with the insertion of c-tongs to drain abcess, they just kept bagging the flagyl into me not telling me that I could get peripheral neuropathy. Today 8 years later I take neurontin a very low dose, can't handle higher than 200mg per day for the peripheral neuropathy, My Neurologist has tried everything under the sun, but I guess only God can repair or give you new nerves damaged forever by the medicine. I also take percocet 5/325 4 times a day because it takes the edge off of the burning and feeling like I have a motor sitting on top off both feet. I also walk w/ a cain my left leg sometimes does not come forward and I have fallen breaking wrists, ribs and such.;negative
2277;"After about a week of taking the medication, I felt ""like myself"" again and not like a crazy person. I had felt that depression and anxiety were takin gover my personality. The medication neutralized these feelings.";positive
2543;I had elevated occular pressure that needed to be reduced and my doctor put me on xalatan which caused my eyelashes to begin to thicken and become dark in a couple of months so I had him put me on something else so we went to cosopt. After a time I felt like this was causing increased hair loss so I looked up drug side effects and cosopt was listed as causing hair loss so I had him change it again then I started alphagan p and azopt. My eyes after nearly two months time turned red and never cleared up so the doctor dropped the alphagan p and replaced it with timilol 0.25 percent. The redness quickly went away. Now with azopt in each eye once in the morning and once at bedtime and timilol 0.25 in both in the mornings only my occular pressures have been reduced one to two points lower in each eye than what the cosopt did when taken in the morning and at bedtime. These changes have not stopped the hair loss from occuring even though timilol 0.25 percent has half the timilol in it as the cosopt and is used only once a day in each eye vs cosopts twice a day in each eye. Azopt is reported to cause hair loss and is very similar to the second ingredient in cosopt.;positive
4035;Hi! I am a russian (european race) who has migrated from Sweden to the USA. I have developed melasma (dark spots) under my eyes and on my forehead. I visited a dermatologist in the USA, FL about 1 month ago. He prescribed me Tri Luma that contains 4% of Hudroquinone. Have you ever read about Hydroquinone?- I asked him. As I investigated it I found the information that hydroquinone has been banned in many european countries including France, Sweden and Russia etc, for concerns about increased cancer risk.The FDA admitted that the risk of using the drug is not known and more testing needs to be done.In fact, the FDA also warned that hydroquinone has been linked to a condition that disfigures the skin. Anyway,I tried the cream, a sample that the doctor gave to me. He prescribed to use it twice a week - Mondays and Fridays. It was terrible!!! I used it just once a week on my pigment spots because my skin got red, burning and after 1 week it was peeling. Some doctors prescribe to use it once, twice a day!!! I put it on only once a week. Ok, after 1 month, 4 treatments I have the result: my pigment spots have not been improved at all. Moreover, the skin is burnt and now I have very obvious dark red-brown spots. I really look terrible. I can't put on any sunscreen because the skin is damaged by Tri Luma. I am so happy that I didn't buy the full size cream which costs $200 and the insurance doesn't cover it. I don't want to buy cancer for $200. Thanks. I've also contacted russian and swedish doctors. They've forbade to use it strongly!!! They've suggested to use natural products such as juice of lemon, parcley, put camomile teabags on dark spots, oatmeal etc... and of course, avoid the Sun. Please be aware, read more information online.;negative
2923;I take 2-4 Trmadol daily for my arthritis pain. Always 1 before bed and one upon waking if I begibn to feel pain during the day I may take another. my blood levels are monitored every 6 months to make sure there is no liver damage from this and/or the Ibuprofen I take.;positive
2597;One pill was given by mouth with water to ease nausea and vomiting. After about 20 minutes the side effects started.;negative
371;Fully removed from lamotrigine, as well as Wellbutrin and Ambien. Now I am on Seroquel. At least, I will be on it as soon as I am fully removed from the steroid treatment. I will never, ever take lamotrigine again. Today, nearly all of my steroid prescription is gone, and the rash has reappears. It itches like bloody murder!;negative
2649;I had to take this drug for 5 days and then come off of it for 2 days;negative
3839;"Both my husband & I have taken this medication. His results have been more dramatic than mine. He has seen a total cholesterol level lowering of 60 points to less than 200. Mine has lowered to just above 200 at 215, which is the lowest I've seen. There are minimal side effects. Mostly a ""fishy"" taste for 2-4 hours after taking the medication. Since I have difficulty digesting most vitamins, this is to be expected. My husband has had no side effects with this medication what so ever. It has the additional effect of lowering triglycerides. While it is a prescription medication, it is concentrated Omega 3's & has proven the safest way for us to bring our high cholesterol to a manageable level after failing with diet & exercise.";positive
2735;I started with 10mg. I noticed a difference after just one week. It worked really GREAT. I was able to sleep with no problems at all. If I woke up for any reason, I'd just fall back to sleep right away. It was a lifesaver to me. I wish I could still take it.;positive
2018;I take 2.5mg of Bystolic one time per day to control palpitations. This drug is commonly prescribed for hypertension but I do not take it for that. At this dose it does not lower my already low blood pressure very much but it is effective against the palpitations.;positive
3691;"Told my doc about the side effects and he told me they supposed to do everything the opposite that I'm complaining about. i threw away the pills and switched doctors. now i smoke pot. it makes me happy and there's no side effects that i was getting from Effexor besides the munchies ;)";negative
2636;I was given the drug intravenously while in the hospital and a perscription when I went home. I was swollen from my breasts to my toes and attributed this to the surgery.I had told my doctor that I couldn't tolerate a high does of ibuprofen so she prescribed the generic toradol as pain relief. When the swelling showed no signs of abating, I looked up the drug's side effects and saw that swelling of the torso, thighs and legs was listed. I was trying to reduce the swelling so I stopped taking it and switched to 1 ibuprofen 4 times a day. That relieved the pain and the swelling immediately started to go down. When I told my doctor she said swelling of the torso was not a normal effect of the surgery. I conclude that the drug was at fault.;negative
2342;The prescription was to take a tablet twice a day. I felt more comfortable taking it once a day instead.;positive
2569;"I had post-partum anxiety/depression, and was misdiagnosed with Bipolar with a post-partum onset. The Klonopin was prescribed for anxiety; a long term anxiety reducer. I saw little to no benefit. I was later rediagnosed by another doctor who said I absolutely did not have Bipolar, and slowly took me off my meds (5 years ago), which I'd been taking for six years. All drugs were easy to get off slowly, with the exception of Klonopin, which was hideous. The only way to get this drug out of my system was to do a Klonopin/Librium switch...and the Librium was very easy to get off of, thank goodness!";negative
3159;In addition to whatever antibiotic I was currently on, I was to take 9 mg. of prednisone -- the first few times, it was 3 mg with each meal, but that was really too much, so later we did the three tabs all at once in the morning -- a day for several days, sometimes as few as 7, sometimes as many as 15. Then, I had to taper off the amount I took for several days, in 3 mg increments for a few days each new dose. Finally, I would be off it. This time.;negative
3696;I was prescribed this medication when the medication I had been taking for 2 and a half years became ineffective. I was not informed of any side effects. Every time I went to my GP to discuss symptoms which I was worried about, they just patronised me. I no longer take any medication for my condition and although I do not consider myself to be well, some of my symptoms have reduced. The others such as incontinence, dry skin, lack of natural seretions, I am just trying to live with or trying to find products which I hope will one day help me.;negative
1797;My psychiatrist put me on a low dose in October 2009 (20mg) which increased to 40 mg in two months. I am now currently taking 50 mg and it is working great.;positive
3163;just a simple use of 3 mg. prednisone in 1 mg. dose 3 times a day;positive
1034;1 pill, 30 mg, Vyvanse, as needed. I never take more than the prescribed amount (not trying to get addicted, here). This treatment is concurrent with my ongoing treatment for chronic depression.;positive
301;"just like with any iud you wait for your menstrual cycle to start and have the device inserted then. this was three months after my children were born. approximately one month later i started noticing that my skin was starting to break out really bad, especially on my mid face down, neck, chest and back. i was getting very large cysts which i never had even as a kid. normal zits every now and then but never ones that would leave a scar. when treatments and products wouldn't help i called my obgyn and they told me that was ""a common side effect, sorry."" well over the course of the next few months i stopped getting a period but would know when my period should've been here because my mood swings were out of control. i would get so angry over nothing. and the next day i would get some cramping. i started keeping track of this and realized that these episodes were happening about every four weeks or so. i also have never felt so bloated and swollen in my life. i sometimes wake up and my fingers don't have any lines on the knuckles. exercise helps this, but i still can't seem to lose those ""last 10"" pounds. i've spoken to other women who have similiar if not worse effects than me. but the consensus is always that something negative happened after they got it.";negative
4066;I was prescribed this medication for tmj pain/arthritis. It helped more than aleve. The main problem this medication caused me was severe stomach issues. I was told that the stomach issues may subside after using for a few weeks, but it did not. I then tried taking 1/2 in the am and 1/2 in the pm to see if that would help, but sadly it didn't. My husband takes this medication also, and it works beautifully for him. He has no problems with it at all and it really helps his arthritis.;negative
2691;I'm going to see a new doctor and insist I be taken off this medication. My entire quality of life has decreased since starting this drug. It starts very slow but the longer I have been on it the worse the symptoms have become. I think it becomes more toxic with time.;negative
1597;metformin 250 mg od, benicar 5 mg od , fosamax 70mg q wk,norvasc 2.5 mg od;positive
1548;Once weekly injections with methotrexate. Also took prescription-strength folic acid to minimize any side effects.;positive
2121;large pea size applied to entire face nightly, but having to wait til skin is ultra dry isn't always convenient.;positive
1411;Taken to complement daily exercise and healthy eating, phentermine produced significant weight loss. It was effective throughout the months, though it lessened over time. The heart rate issues and jitters were felt mostly during the beginning of the treatment.;positive
1693;Decided to stop treatment after three months. I was using it to get rid of small pimples on my forehead. After using the product, I noticed I was getting bigger, and bigger pimples. So I stopped.;negative
945;Injections were adminsitered by a board certified opthamologist and plastic surgeon who has specal training with this product and instructs other physiians in its use. She couldnot explain my poor outcome other than to say I had very reisistant muscles and the furrowing was very deep.;negative
3604;After washing my face with a gentle cleanser, I would wait 20 minutes and then put on the cream. I would then wait another 20 minutes and put some lotion on because the tretnoin was just too drying.;positive
90;Dr. advised me to start with half the recommended dosage (25 mg of 50 mg, or half a pill 1x/day) and work up to 50 mg/day. After taking one dosage (25 mg) and experiencing the side effects, I notified the Dr. and stopped taking the medication. One dose of 25 mg. taken at noon lasted until noon the following day (24 hours).;negative
101;I have been taking Celebrex for over 5 years. As it is an expensive drug I probably would not be taking it unless it werew provided free by my doctor. I notice that I feel much better when I have been taking it for a few days but because of the side effect of stomach irritation I usually have to stop taking it for a few days to let me stomach return to normal. Hope this helps your survey.;positive
3394;Well, theres not a whole lot to say about the treatment details. I take one dose per day in the morning. Its a dry disk powder that you inhale. Its very easy, quick, and seems to work very fast.;positive
3820;After seeing my doctor I was prescribed Penicillin V and took it for ten days twice a day.;positive
3415;He started out with the introductory dose (5 mg) and then graduated to the full dose (10 mg). When the side effects became a problem, he was put back down to the introductory dose, but the side effects continued, and we saw no real benefits from the drug. (We recently switched him to the Namenda patch which he seems to be tolerating.);negative
2184;Take 1 MG tab at night before bed. As mentioned above, also got Botox injections to reduce eyelid spasmx.;negative
1908;My son had bad acne. Nothing seemed to help. This was given to help it and it did. He did not take it for long since he is uncomfotable taking pills. So now he has acne again.;positive
4131;I built up the dosage like I was supposed to and took the twice daily dose for two days. I spent both of those days unable to move because of the nausea, so my doctor recommended I drop down to .5 mg a day. On that small dosage I became very depressed and began having suicidal thoughts as well as very vivid dreams. I went off the drug and then tried it again a few months later only to have the same depression issues. I'd rather keep smoking and try to find a new way to quit than to lose my life on this drug.;negative
602;i started out on 1 mg a day. then this clinic upped it to 3 mg once a day.. this is over a 10 yr. period. finally in 2009, this MD upped it to 6 mg a day, just in case. that is it. i am a zombie. i am trying to cut back to 3 mg, a day. i have NO LIFE!!! my wife seems to hate me because of loss of sex.. i dont blame her.. there are other anti-psychotics out there. resperidone is the WORST one...;negative
11;topical and internal steroid meds and antibiotics to avert infection, all help just until the next outbreak which after the last bout was about a week or so.;negative
2224;I suffered from severe allergic reactions to almost all allergens. My nasal passages would constrict & I could not breathe through my nose. As a result, my sinuses would clog up & I would experience severe sinus headaches. Taking this medication only as needed -- when I began to first experience the severe symptoms -- has actually seemed to decrease my symptoms overall. I don't need to use the medication as often as I did when I first began taking it. In fact, my original prescription was filled 4/8/2007 for a quantity of 30 and I still have four pills left!;positive
2782;Began with Keppra 1000mg..wasn't enough to control seizure activity - increased to 1500 mg per day and was non-functional. Reduced to 1000 mg per day and sought alternative methods..research by Harvard showed magnesium deficit in those with seizure disorders..began magnesium injections and increased essential fatty acids..through proper nutrition, supplementation and accupuncture, no more seizure medication and seizure free...do want to note that seizures began during the spraying of the neurotoxin anvil for the West Nile virus.;negative
2136;This was originally prescribed to me for ADHD. just a few days of taking it, the side effects were unbearable. I could not sleep, eat normally and would get abdominal pains. felt a hell of a lot better once I stopped taking this garbage. Word of advice NEVER even think of taking this!;negative
3730;Started taking 75mg twice a day, never got another grand mal seizure but still got auras about 3-4 a month. Experienced anxiety attacks in the first 2 weeks but then they went away. Increased dose to 100mg twice a day, auras decreased to 1-2 per month all was well for about 6 years. Began to notice dizziness while walking or looking down, but nothing debilitating. After 6 years, anxiety attacks sharply increased along with dizziness. Started taking Xanax XR to control anxiety attacks and dizziness. Auras decreased to 1 every 3 months. However, dizziness, slight disorientation and anxiety when Xanax starts to wear off. Xanax has helped maintain consistent sleep pattern.;positive
1037;This is a great medication for ADD. I've never felt so together in my adult life. My Doctor doesn't want me to take it anymore because of my side effects. I'm so upset that I had side effects on this med because I loved how it worked.;positive
2029;Took 1 40 mg tablet in the morning before my first meal and controlled the acid reflux symptoms and stomach aches. Then took 1 40 mg tablet before I went to bed to once again control those symptoms while sleeping for a 24 hour effect.;positive
3654;Daily apply about a pea size amount of the creme on my hand and sparingly apply to the orbital area, lips and forehead. I add additional creme to the back of my hands and rub vigourously ( rubbing the back of my hands together). I also apply a dime size to my neck and decollete area also rubbing, but not as vigourously. I generally do this every night after I cleanse, tone and add serums ( for pigment relief and building collegen) if I am feeling especially dry after applying the Tretinoina,I will also add a moisturizer.;positive
1764;I take one 200mg tab in the morning and one 200mg tab in the evening. I take the brand name topamax as the generic one caused my blood levels to dive a bit and I had a breakthrough seizure. Too bad as the generic is much cheaper.;positive
2433;Started taking the drug in May, recently stopped due to the connection between all my heart problems that started when I started the drug. Now am having to see a cardiologist to make sure there is no long term damage to my heart.;negative
1842;I am only at the end of my 3d week but i feel like i have no control over my appetite. I feel so hungry all the time and no matter how much I eat I cant get full. Be aware. Also always being tired doesnt help.;negative
1800;I was given 2ml of Methylprednisolone to reduce the inflammation of my sinusitis and to reduce the infect i was given Clarithromycin. I was ordered to take 2 tablets of 500mg once a day after meal.;positive
1327;Taking the drug on a daily basis got rid of my heartburn. I recently had a scope of my upper GI and there were no problems. I think Prevacid keeps me from having any damage to my esophagus.;positive
2908;Was taking Tramadol for assistance with pain caused by the herniated disk. Was also having physiotherapy and anti-inflamatories Mobic.;negative
2793;Extreme depression over a period of 12 years, seemingly untreatable. Multiple medication combinations were tried via trial and error. These included Zyprexa, Effexor (induced mild mania over time), Paxil, Prozac, and others. These were prescibed by a series of psychiatrists over the dozen years or so. Patient has stabilized in the past three years and is relatively happy with hid mood levels and stability.;positive
1344;I started taking 10mg piroxicam about 12 or 13 years ago for arthitis pain in my hands with great results. Subsequently developed arthritis in both knees and have stayed on same dosage with good relief of symptoms. Dosage was increased to 20mg after a tibial plateau fracture of a severely arthritic knee and I stayed at that dosage for about two years. Have recently lost 20+ pounds and returned to the 10mg dosage with only slight decrease in relief of discomfort.;positive
3768;Not effective for me at all, wanted to reduce body hair - no change after two months. But noticed hair thinning and some hair loss on the top of my scalp, have to stop it.;negative
1135;Daily dosage starting at 30mg and slowly increasing to maitenance dose. Attended several educational groups in addition to regular group counseling, one on one counsiling, regular U/A's and regular bloodwork along with yearly physicalls.;positive
3191;I had a large vein stripped from my thigh and smaller ones in the leg, due to pain and discomfort I had been experiencing. It was an outpatient procedure that lasted about 2 hours.;negative
3204;I take one arava tabs. each morning.It works very well. I can tell a big difference in my body since taking the arava.;positive
926;put one drop of product on an eyeliner brush, then brushed across each eyelid at the base of the eyelashes. applied daily;positive
2987;I'm not sure what this means other than I was started on 40mg once per day and then increased to 80mg where I have remained for 5 years.;positive
2438;I was diagnosed with Attention Deficient Disorder 13 years ago, a year after it was discovered that my daughter, then six, had the disorder. Prior to beginning a medication regiment to treat my disorder, I had tendencies toward impulsiveness, and difficulty staying on task, which affected many areas of my life. I have been able to achieve career and personal success that I know would not have been possible prior to taking the medication.;positive
3538;This drug comes in a very small patch which you change every three to four days. It's worn on the lower abdomen. That's it. You really can't feel it, and don't even know it's there.;positive
261;I began taking this medication as prescribed but it put me in such a good mood I began taking more...and needing more. It works great for anxiety also but when I stopped taking it I had the most horrible withdrawls. I could not sleep. My insides felt like they were jumping. I was awfully tired and depressed. I could not keep my arms and legs still when i sat down. It was horrible. I WAS ADDICTED TO THIS MEDICATION AND I STILL AM. I am still trying to wean off of it. I DO NOT RECOMMEND THIS MEDICINE TO ANYONE. Especially if you've had an addiction problem with any other pain meds. BEWARE!!!!!!!!;negative
1178;This drug resulted in an unanticipated weightloss of over 20lbs - I went from 128 to 108 lbs. The weight loss decresed the incidences of bulimia. The drug was effective in that I no longer felt depressed per se, but then I didn't feel much of anything. Any combination with alcohol should be avioded - majorly increases its effects!;positive
1152;Before breakfast and dinner inject 10 mcg subcutaneous. I incidently also follow a strict low carbohydrate diet to achieve those HbA1C numbers and the weight loss. It is difficult to exactly know which of these gave the greatest effect, but I believe they were synergistic.;positive
1603;Was started on 2.5 mg daily and was increased slowly. I never finished school, back then we didnt have add/adhd just lazy students. I wanted to finish school for twenty four years and never could.. I recently took my GED and passed. I am now looking into college courses. I do feel I could benefit from a slight increase in my dose or a longer acting does as I lose concentration around early evening (study time);positive
4013;I was on 20mg celexa for about 6 months, Ive suffered with depression and anxiety for some time now. I was on wellbutrin for 2 years and loved it, but doesnt help much with anxiety, just more of depression. So i tried celexa and loved it initially, but i guess you can say that i dint like it because it worked too well! I completely changed. I didnt care much about going out or what people and friends thought about me. Im a contractor and started to get a feeling of not wanting to go on lots of bids or work long hours like i use to want to...which caused a big drop in income. Paying bills at the last secound, started smoking again etc. I just had that 'i dont give a shyt about anything' attitude. For me this drug completely changed me for the worst. Back on welbutrin again and feels great!;negative
1113;I agree that this medication has some positive effects but the negative side-effect FAR OUTWEIGH the good. Its been prescribed over and over to me by lazy doctors not willing to help me find the right medication for my condition. Any attempt to discontinue the medication has led to severe and acute withdrawal symptoms.;negative
3965;"I think the drug should be removed from the market, accept for severe cases of GERD , and, patients should only be on them for a couple weeks..otherwise, they should be told they will be on them the rest of their lives--they should never be allowed OTC...why do you think Prilosec has that new commercial out, ""let your doctor do his job""? Because everyone is complaining that they cannot get off of it now...";negative
898;At first I was not given the proper dosage and it took about six months to get the right dose. One my body became accustomed to that dosage it was purely smooth sailing from there. The 20mg paxil dose completely stopped my symptoms. I have been on this drug free of problems for over 7 yrs;positive
593;Twice daily, and then stepped down to once daily after a new doctor recommended that the patient only use one per day for prevention, due to slim size (110 pounds).;positive
897;Treatment was easy to administer, being only once a day, and could be altered easily (am or pm). There were no cardiovascular side effects, no dizziness, blurred vision, or nausea associated with treatment with 10 mg. paroxetine. The mild side effects such as reduced craving for carbohydrates and feeling full earlier during a meal were not considered problematic. The patient's clinical signs of depression, which were insomnia, and reduced enjoyment of former hobbies were reversed within a short period of time (2-3 weeks).;positive
203;I take a pill in the morning when I get up, once a week, on the same day each week. I take it with an 8 ounce glass of water and do not lay down, eat, or drink anything for at least 30 minutes. I also take calcium/d vitamin supplements daily, eat plenty of dairy products, walk at least 3 times a week, and avoid alcohol and soft drinks. I was already following these dietary habits when my previous bone density tests were done. Because of that, I credit fosamax with the improvement that has taken place.;positive
3281;"I was on Zoloft for about 2 years total. I am extremely sensitive to medication, so I started at a dose of 25 mgs. and slowly titrated up to 100 mgs. I was unaware that this was probably too high of a dose for me. It subsequently caused me to start taking other prescriptions to mitigate some side effects. My doctor prescribed Ritalin and Focalin for the lethargy and fatigue side effects that I experienced during the day, and Ambien for the insomnia that Zoloft caused. I am still on Ambien to this day. The worst effect of Zoloft came when I tried to get off of it. It was total, utter hell. I have since found out that this is euphemistically called, ""discontinuation Syndrome."" I first cut the dose down to 50 mgs. and did not experience problems. I then slowly titrated down over several months until I came off of it completely. Over the next few weeks, I started experiencing strange, tingling sensations down my body, panic attacks, (which I had never experienced before), and extreme nausea - which became so bad, I lost 20 pounds in 6 weeks. This was all extremely traumatic as I am a type 1 diabetic who needs to eat to balance the insulin I take. The panic attacks got so bad, I had to be on Xanax XR everyday for months. I could not function normally or work. I tried to stick it out because I didn't want to go back on an SSRI after all the trouble and side effects it caused. I went to a MD who was also an alternative care specialist, thinking he could give me St. Johns Wort and I could manage with that until I got over the physical side effects of the SSRI, but it didn't work. I eventually had to go back on an SSRI just to function normally. I am on Lexapro now. I managed to be drug free for the first 40 years of my life (except for insulin), and now because of the aftermath of Zoloft, I am on Ambien, Lexapro, and Valium occasionally for anxiety. To top that off, the alternative doctor put me on a supplement that ended up being an anabolic steroid (which he called a 'nutritional supplement' and I ended up having to go on even more medication to fight the side effects that I incurred from that. All because of Zoloft. I will regret taking it the rest of my life.";negative
2661;Went to urgent care while on vacation for upper respiratory infection. Was given Ceclor even though I am allergic to penicillin, but I was unfamiliar with drug and away from my regular pharmacist. Don't know if I felt better (cold/cough - wise) becasue my drug reaction was so severe I was in bed for days.;negative
2578;"Was incorrectly diagnosed with bi-polar. Panic attacks for 20 yrs. During most of the 20 yrs. xanax (alprazolam) was prescribed. Worked great; 100% effective. Was put on clonazepam - worst feeling ever; 2 mg daily, extreme tiredness, couldn't function doing daily activities. Dropped down to 1mg per script; same effect as taking 2mg. Prescribed .05mg; same effect as above. Since learned clonazepam is a sedative medication. Would not recommend to anyone.";negative
459;I was told to take it so I did. the more I took the more miserable I got, until I called my doctor and said, I can not take this. I dont know if I am alergic or what but I cant and I wont take any more of it. it still took almost two days for the side effects to go away.;negative
3715;Diagnosed with Bi-polar 2 WITH MIXED EPISODES AND RAPID CYCLING. Had been perscribed many SSRI'S, due to depression but never fully treated for bi-polar because I felt like I deserved and did not want to give up the few highs I had when not depressed. I also did not believe I was bi-polar when dignosed 12 years ago as an in-patient, because I had no understanding of mixed episodes and rapid cycling. I thought when I was hypo-manic, it was just a great relief and celebration of not being depressed. I was also not honest about my alcohol abuse until about 6 months ago, and have since stopped drinking, which allowed me to realize I was quelling the manis with alcohol, and with out it I was more unstable and manic. My only fear now is that without an anti-depressant I will suffer depression again.;positive
3427;cleanse with a non abrasive facial cleanser and dry face. Then apply cream to the affected area;positive
974;Supposed to take 1 tablet every 12 hours, if I remember correctly - did not take more than one dose because of horrid side effects.;negative
3395;Put a very small amount on my hands, smooth over all of my fingers. Use twice a day during an active outbreak. Use a couple of times a week thereafter, as prevention. I also use lots of moisturizer and wear gloves for cleaning tasks, etc.;positive
3456;Prescribed Tamiflu for 5 days (one capsule twice daily). Couldn't do anything buy just lay there. Tried to make myself drink liquids and eat something (when I could start eating).;positive
3230;One ring once a month. I had to keep the ring for three weeks in my vagina and then take it out to get my period three days after. I had to insert a new ring in the fourth week.;positive
1166;Given for the treatment in cyclic vomiting syndrome. I recieved this drug on to different episodes and it had the same effect on me both times. Severe halluciantions and nightmares.;negative
2589;Due to a recent mix up at the pharmacy, my father was accidentally withdrawn from the drug and suffered a terrible withdrawal. After 10 days without oxazepam, his memory improved but the doctor put him right back on it. I have since tried to get the doc to take him off. His answer? What's the point at his age. Why not just let him drift away in a foggy twilight. I love my dad and think he deserves better so I'm fighting this situation, but meanwhile my father wakes up each day wondering why he is on an advanced alzheimer's ward when he has no symptoms beyond drug induced short term memory loss.;negative
3705;"I take a 150mg tablet in the morning before or during breakfast and then another at lunch. This combination prevents heartburn throughout the day. Late night dinners may produce heartburn, often I'll take a tablet prior or immediately after as prevention. Also I elevated my bed about 2"" at the head to prevent what had been fairly frequent events of stomach acid somehow working its way into my mouth at night. This drug and the elevated bed has reduced this to a very rare occurence, and again often associated with late evening meals if I do not take a tablet in the evening.";positive
2953;I took Zyban for 10 days before my quit day, then quit smoking and continued with the Zyban for a further 8 weeks. During that time I smoked on three or four occasions, mostly part of my husband's cigarette. I was really pleased with how I had done, and thought I had finally managed to kick the habit. But on holiday with a lot of smokers I gave in and smoked, thinking I would stop again when I got home - unfortunately that didn't happen.;positive
707;I began the medication at a dose of 30 mg once daily and it was increased to 60 mg... which became the maximum i could handle without significant discomfort.;positive
92;I could not control my irritability. It was out of control. I felt like I was not myself. When starting my third week on this med, I stopped. By day two I felt much better. Would not try this drug again. Had only slight nausea after stopping this medications that quickly went away. My depression worsened on this med. Would not recommend.;negative
2329;I have taken 10 mg a day, every day, for the last 3 years. It took a few weeks for the medicine to take effect (about 2) and the chance was gradual, but one day i woke up and noticed that I felt normal. It has been wonderful for me and I am very thankful I have access to it.;positive
3499;This is the first migraine medicine I've found to provide quick relief without unacceptable side effects of previous medications (nausea, severe drowsiness).;positive
38;"I entered a hospuital six years ago for suicidality; I wasn't sleeping, I wasn't eating (I had anorexia nervosa), and I was extremely depressed. I started taking 10mg of Zyprexa the first night I was there. I was really drowsy all the next day, but it waned over a few days (now it doesn't affect my energy level at all.) In about a week, my depression just lifted. This medicine has worked miracles for me- I've been depression-free since starting it- and I wouldn't go off it for any reason.";positive
1329;Be sure to remember to take every day before eating your first meal in order for it to work effectively!;positive
930;"Originally I started taking it to see if it would have any positive effect on the number and size of brain lesions I had. I had experienced an increasing inability to handle job stress, was losing my concentration abilities and was becoming increasingly forgetful. I believe it did have some positive effect in reducing the size and number of brain lesions, but not to the effect of improving my cognitive thinking ability to the extent I could return to work. Two years later, my doctor wanted me to increase the dosage to reduce my cholesterol levels. Shortly after increasing my dosage, I started to experience chronic pain in my arms. I finally did some research and discovered muscle pain to be a ""side effect"" when taking statin drugs. When I stopped taking Lovastatin, the pain went away after a few months.";negative
443;I WAS TO TAKE THIS MEDICATION ONCE A DAY IN THE MORNING. WHEN I FELT NO BENEFIT I DISCUSSED IT WITH THE DOCTOR WHO SUGGESTED AN INCREASE OF THE DOSAGE. I DECLINED. THE TREATMENT THEORY WAS THAT THE LORAZEPAM WOULD HELP ME WITH ANXIETY AND STRESS WHICH IN TURN WOULD BE AN AID IN ADDITION WITH THE BLOOD PRESSURE MEDICATION TO LOWER MY BLOOD PRESSURE.;positive
3626;Initially, I applied the cream every night. Then after my acne went away, my dermatologist told me to continue using it if I wanted to for anti-aging benefits.;positive
1652;medication is taken once daily for blood pressure control. blood pressure is very well controlled. no side effects.;positive
3049;"I took 200 mg of seroqeul in the morning and before bed; 1000 mg of depakote morning, afternoon, and night, and 10mg risperdol morning, afternoon, and night. Most of the side effects are probably becuase I should never have been taking that many medications at once and the ammount of them, but that is how they were prescribed to me.";negative
3367;I couldn't walk because of muscle problems. Then it attacked my kidney and bladder. Drs thought I had cancer. Reduced dosage from 20 mg to 10mg. Had to get off it and through away about $200.00 worth of pills.;negative
105;Started taking right after surgery. I had to subsequent surgeries during the following 5 months. Was taking in conjunction with narcotics right after surgery and for a week or so, then only the Celebrex. After about one year, it was reduced down to once a day. I noticed if I didn't take the medication my shoulder would consistantly ache at about a 3-4 out of 10 pain scale. With the medication, I would rate the pain as 0-1, not really noticeable, but still there.;positive
3170;After the diagnosis of PMR, I was instructed to take 10 mg. in the morning. Although the pain diminished, it was still high so dosage was increased to 15 mg. I repeatedly advise the rheumatolist of the breathing problems to no avail. The family doctor suggested dropping the dosage to 7 1/2 mg. per day, but the pain became extreme again so I went back to the initial dose of 10 m.g. The rheumatolist has suggested that I will be on prednisone for a year.;negative
4075;"Took 2 tablets (15 mg) total, once daily in the morning. Also took Zanaflex, but only at night. The Zanaflex helped - for about 3 hours. When I was just on the meloxicam, I was in terrible pain. The injury being treated was mid-back pain, caused by straining/overusing my back muscles in a ski competition. I have a 30 day prescription for meloxicam, but I'm calling the doctor tomorrow to ask for something different; this drug is totally pointless for me.";negative
3115;take one pill daily to prevent pregnancy - must be taken at roughly the same time every day to be effective.;positive
1116;effexor xr 75 mg. 3 times per day, at present. hoping i will find something to help. i don't even know what drug to suggest. i've been on prozac, and zoloft. the zoloft worked for 5 years, and it just stopped working also. tried paxil for short term. it made the anxiety worse for me.;negative
2104;I followed the directions which were to increase it gradually. Another drug that I have had success with is hydroquinone. It does bleach out my melasma very well but it takes perservance and regularity in its application.;negative
830;This drug was fairly effective after one week's use week but did not cure the reflux completely and the side effects were very debilitating. I experienced a rebound effect after stopping which lasted for approximately four weeks. After having an endoscopy I was diagnosed with gastritis.;negative
434;One pill is taken at the onset of the migraine. I have only needed an additional pill (taken 4-5 hours after in initial pill) once or twice in the fifteen years I have been taking the drug.;positive
4094;Treatment was immediately stopped after suicidal episode and this effect was reported to the drug administration by the pharamcist. I gave up smoking without the product.;negative
779;500mg twice a day for injuries....then 500mg here and there for spot pain reduction. I used after deep physical therapy work that may make my pain worse - seemed pretty effective.;positive
540;ongoing daily reports to new doctor,with a third party involed,in any decisions, please desregard any misspelling-confused easily now,trazadone made me sick to my stomach,appetite down,all my body allmost in an upheaval,can not sleep,hard to eat,sleep depraveted and know off my vitamins too.I feel like i have jumped out of the pan into the fire.;negative
3946;I take 20mg everyday before I eat dinner. To me the side effects have been worth it I don't believe I would be here today if I wasn't taking this medication. My dad died of stomach cancer. My brother and sister exhibit the gerd symptoms and are also on the drug now.;positive
3136;When I discontinued use (while still in a Malaria risk area) I relied soley on preventative measures. I was in a night biting mosquito area (Thailand, Laos and Cambodia) so slept under a mosquito net. Used mosquito spray in the room and used a special spray for one set of clothing for higher risk environments (ie jungle). Also spoke with an Asian doctor at length about the Western philosphy vs Eastern for treatment. His take was that Eastern doctors choose to treat malaria when it is contracted but Western take higher and higher levels of drugs to prevent contraction. This may lead to drug resistant strains...;negative
625;Initially given Nortriptyline for depression. It helped and after months of therapy the decision was made to discontinue. I noticed an increase in low back pain that I had in the sacral area associated with endometriosis and all over body aches associated with fibromyalgia. I read that Nortriptyline at that time was being experimentally used for neurological pain so I asked to go back on to see if it helped and it did. ALthough I eventually had to have a hysterectomy due to the severity of the endometriosis I still had/have to deal with chronic pain of fibromyalgia. I cannot tolerate the pain without the Nortriptyline 50mg at bedtime. I would highly recommend a trial of this if you have any chronic pain issues at all. Although other pain meds may have to be taken occasionally due to severity changes the Nortriptyline for me really cuts that down.;positive
2604;I've been taking Ortho Tri-Cyclen Lo for about 8 years now. I'm (21) I began taking BC when I was 14 because I was having irregular periods and was diagnosed with possible PCOS ( Poly Cystic Ovarian Syndrome) Pros:The BC hasn't altered my appetite or weight...I have never suffered from severe acne but noticed that my skin appeared clearer while taking the pills... predictable periods...no cramps or bloating...Cons: the only negative side effect I noticed was that I was moodier then usual. Ortho Tri-Cyceln Lo has worked well for me...everyone is different so I can't say how it will work for everyone else. I hope this was helpful. My doctor recommended Yasmin but I'm scared to try it because of all of the negative reviews it has received!;positive
3721;I started treatment when I was in what seemed like a mixed state--barely able to leave my bed at times, having to go into the bathroom at work to cry nearly every day, having strong urges to self-mutilate, and having a lot of suicidal ideation. I was also very agitated and angry, lashing out at loved ones for seemingly no reason. Lamotrigine started lifting the depression almost immediately, and once I hit the theraputic dose of 200 mg, it was like a cloud lifted overnight. I still have some ups and downs, but nothing major, and even when destructive thoughts cross my mind, I'm able to push them away more easily. I have recently had a rather intense relapse into bulimia, but I doubt that's related to the lamotrigine either way.;positive
457;"I took this once a day for eight days for a vaginal bacterial infection. I only had slight side effects of an upset stomach after taking the pill; probably because I had not eaten much on those days. My infection cleared up noticably before the treatement was through. I feel it was very effective.";positive
2163;I have allergies that were getting progressively worse so I needed something to help me get through the day. I took benadryl without consulting my doctor which helped but the drowsiness was unmanageable. So my doctor told me to try zyrtec and I feel like it has helped tremendously. I only have a slight cough throughout the day but it is manageable. I wish it would take my cough away as well but I can deal with it. I take 10 mg in the morning but my doctor said to take it at night because it might cause drowsiness. It hasn't caused me drowsiness so I take it in the morning because it is easier to remember.;positive
3459;The medicine was prescribed to me by my GP as I was in contact with pregnant women by the time and I was afraid that I will transfer the virus to them also.;positive
3741;I am, under the direction of my doctor, reducing dosage in 25 mg increments and taking several vitamin/mineral combinations, including copper, zinc, biotin, and selenium. But there is no assurance that my hair loss will ever reverse itself -- in fact, it may continue.;negative
3897;My doctor prescribed Amoxicillin 500 mg. I had to take this three times a day for seven days. I had to take it with paracetamol which reduces fever. I took each the Amoxicillin and paracetamol together with a meal. I took them in the morning for breakfast. I took the next one at noontime during lunch. And I took the third one in the evening at dinner.;positive
2469;My husband tried all of the other acid reducers on the market, over the counter and prescriptions. Aciphex is the only medicine he can take and live a happy ,normal healthy lifestyle without becoming sick.My husband still takes the Aciphex, but if he had to can actually go for months without it.;positive
3202;I'm only on my second day and third dose, I'm taking this with 3 days, 2 times a day, 4 MG dose of Dexamethasone and I had a large shot of Rocephin;negative
854;After being diagnosed with temporary vertigo, I was given prescriptions for this plus Meclizine for dizziness. The two combined brought the vertigo completely under control. There were no side effects. I took the medication as originally prescribed for two days and then, at my doctor's suggestion, reduced the amount to as-needed. The trimethobenzamide made it possible to eat normally, with no uncomfortable feelings of nausea.;positive
3940;Tequin and pyridium per MD order. drink lots of water, void completely, wipe front to back, void before and after sexual intercourse, avoid chemicals around urethra like bubble baths, maintain cleanliness around urethra, drink cranberry juice and/or take vitamin C supplements to maintain acidic urine to inhibit bacteria from attaching to wall of bladder.;negative
178;I took this medication to reduce pain I was experiencing with my prostate. It took about two to three weeks after which the pain was significantly reduced. I was also experiencing a sense of tightness in this area that it eliminated.;positive
3884;Not much to tell. I was just starting treatment with Klonopin and Abilify with the goal of stopping Klonopin in 30 days and then seeing how Abilify was working.;negative
1358;used tablets for 2 1/2 years, did not realise that the cramps after 1 year could be a side effect so i kept on taking the tablets, still didn't realize it when i got these enormous swollen legs. By the way Ezetrol gives me dizzyness (vertigo) so I chucked him away too.;negative
1004;"Actiq should only be taken by individuals who are in severe, chronic pain where tolerance to the drug will not become problematic. It needs to be closely monitored and locked away out of reach of children or any adult who may have problems with addiction. My chronic pain condition was followed by a Pain Center at a reputable hospital. The use of opioids were used only after all other treatments for my condition had failed. Unfortunately, once Actiq was introduced to me, my medical problems worsened, although my pain was under control. I was unable to function responsibly, began dealing with symptoms of withdrawal whenever I didn't take it, which at times became worse than my actual pain and discomfort. I became more of a patient to my family and on a side note, at age 40 lost 4 molars due to the ingredients present in the ""lollipops"" I was taking. I had no choice but to be hospitalized for an inpatient medical detox in order to safely get this horrible drug out of my body. Fortunately my husband and I were fortunate enought to have the money to go through this detox program. I have no memory of 2 years of my life, thanks to an ignorant, negligent doctor and the drug, Actiq. Believe it or not, my painful conditions are now completely under control now, and I am able to care for my husband and children, and work! After my experience with Actiq I no longer believe in the use of pharmaceutical products as a whole, and owe my good health to diet, exercise and several natural supplements. I have never felt better in my life!";negative
2615;"after psychological testing, was put on Adderall XR (I have known I was ADHD and needed medication for a long time, actually). i have nothing but good things to say about it. makes me feel ""normal"" for once. i finally am in control of things. also, after going on Adderall XR, I have been able to go off my Cymbalta (neither my doctor or I have figured out why this is... but it is!)";positive
2032;Instructed by Ear-Nose - Throat Specialist to take pills with water 30 to 60 minutes - before Breakfast and then same time frame before Dinner. 40mg;positive
727;I was giving 4% dose using once a day along with sunscreen used daily. Help with my acne scar but produce dry sensitive skin. I am no longer use it after reading reports of its harmful long turn side affect;positive
3490;I was diagnosed with mild hypertension at age 24. I began taking HTCZ at that age and am still on them. I also began taking Cozaar about 4 years ago as the HTCZ wasn't quite enough.;positive
2799;I had some mood problems, like being sad most of the time, no will to do anything, and most of it crying without a reason, like waking in the middle of the night and start crying. I only enjoyed very depressing movies where I could cry my eyes out.;positive
844;It took a very long time to find the best medication and the best dosage. Over a year of trials. Medication is taken along with proper diet and increased physical activity. Omega 3 supplementation also added to routine. Important to note that nicotene is also taken regularly in the form of nicorette gum. All information above is based on the two together as complete treatment. Either on it's own is not enough.;positive
1433;I suggest to anyone who doesn't think that these synthetic drugs are really curing their sympoms, go online and research dessiccated thyroid, like Armour. stopthethyroidmadness.com;negative
4072;Take two 7.5 tabs twice a day. Return to DR. in 2 1/2 weeks. If it works good we know if not we'll go from their.;negative
3211;I took the pill once per day with or with out food. No other treatment was prescribed.;positive
4028;Was to apply Tri-Luma 3x per day to upper lip region with dermal melasma. Treatment caused side effects that were very unbecoming and very uncomfortable, so I stopped application after two weeks of discomfort with no apparent results in the lightening of the melasma.;negative
1788;Started at 20mg and slowly went up. I did trial many anti psychotics with it. Although the other meds worked the side effects were revolting. So I have just stuck with citalopram 80mg. There is a huge huge difference from 40mg to 80mg. I became a lot less manic at 80mg infact i am basically never manic at 80mg. Really this dose levels me out and i recommend it for anyone who suffers rapid cycling bi polar. I have been on 80mg for over 18 months and the change is amazing!;positive
734;I washed my face twice a day with gentle cleanser and applied the hydroquinone 4% twice daily. I also used a Retin A cream once a day that caused some irritation and redness, but when used alone, I didn't have this effect from the hydroquinone alone.;positive
3381;My physician then tried a series of different medications for cholesterol. I was on Crestor, Simvastatin, and Zocor, all with the same side effect. My physician then ordered a lipid blood test to determine if the type of lipid found in my blood would promote cardiac disease, which thank goodness it didn't. I have a family history of elevated cholesterol: all the women in the family are on one of the cholesterol lowering medications: I am the only one in my family that experienced the above side effects.;negative
3670;I was started at 37.5mg for a week. Moved up to 75mg the next week. After a week at 75mg was then moved up to 150mg. I was then moved up a week later to 250mg. I took 250mg for about 2yrs. I had to cut back on the dose because I lost my job with insurance and could no longer afford 250mg prescriptions. I tried to (without my doctors advice or knowledge) get off the medicine cold turkey when I lost my insurance. Doing that made me extremely emotional. I would start crying for no reason at all and felt crazy! I went back to the doctor and talked about my situation. She set up a program to slowly take me off the medicine. I stepped down my dose by 75mg every 2 weeks till I got to 75mg. Then I went to taking 37.5 for 2 weeks. Then went to 37.5 every other day for a week. Then 37.5 every third day and so on till I finally got down to none. I went 6 months off the medication before going back to the doctor to be put back on it. I have now been back on it for about a year now. I have no plans to ever stop taking it again.;positive
3254;300 mg 2x a day for 7 days took it for 2 days only from 9-1-11 to 9-2-11;negative
3087;During my teens, I took minocycline several times a day for many years. I was also using various topical medications, and at some point, also took different antibiotics such as Bactrim. Nothing really worked. I was also trying suppliments, teas, meditation, changes to my diet and exercise routine in order to try to get rid of my acne. Eventually I wound up using Accutane which also did not work for me.;negative
3716;My doctor started me on a minimal dose (25 mg) of Lamotrigine, and this will be prior to starting Interferon/Ribavarin treatment for the Hep-C I've got. (An antidepressant may be added in the near future as well.) Lamotrigine was prescribed to put me in a calmer state of mind, specifically because of the high anxiety effect I receive from antidepressants, which resulted in 2 visits to an emergency room - as well as a one month hospital stay due to extreme anxiety and paranoia. So far/so good is this layman's analysis.;positive
4054;i was required to take drug for seven days. i only took it for 5 days and it still worked;positive
1313;When I get up in the morning I take 1 prevacid capsule and I dot not have any acid reflux for the entire day;positive
1996;I was instructed to take every eight hours however I found that I only needed a half pill and subsequently only took three pills, actually I took two and a half and stoll felt no pain.;positive
2245;"If you take one pill as soon as you feel the tingle of a cold sore coming on, often it will not even appear at all. I know you might think, ""Maybe there wasn't really one in the first place."" But if you get cold sores regularly, you know. Sometimes if I couldn't get to the pills right away and a cold sore did appear, I would take a total of 4-5 pills in the course of the next 24 hours, and the sores would often be gone within 2 days instead of the usual 10. If you can't get to the pills within the first 24 hours, there is really not much good they can do after that, from my experience. This drug is kind of expensive--if I recall from before I had insurance, it was $50-75 for a bottle of Zovirax, but now they have a generic form so it is probably less. Regardless, this drug is worth its weight in gold.";positive
2570;Withdrawal had to be done very slowly over several months. I would NEVER use benzodiazepines ever again. They are for single use only. Have since learned that even after a few days use there can be rebound effects. These drugs are dangerous. Period.;negative
1357;I started on 10 milligrams and after three weeks my total cholesterol went from 11.5 [449] to 7.5 [293] [so i increased the dose to 20 mgm. After three more weeks my total cholesterol dropped to 5.2 and my LDL was 3.7 [NB multiply by 39 to convert to US measures] - this was still too high - the next level in Crestor is 40 mgm - i am now taking no blood pressure medication and no Crestor my regime is lots of exercise, a good diet , no refined sugar or trans fats, olive and macadamia oils, a glass of red wine and Vit E 440iu [instead of aspirin] Vit C 3 grams per day and lysine and proline 3 gms each per day [a la linuspauling.com] - after six months i get no side effects - and no symptoms!;negative
2301;At 15mg patient is able to feel emotions and manage minimal depressive symptoms while undergoing accompanying psychotherapy treatment.;positive
2836;I purchased it in generic form most recently in India. I take one tab nightly. When my asthma is worse, I take it and it helps marginally. It is supposed to be leukotrine inhibitor.;negative
2307;I began taking Lexapro for 6 weeks. I started at 5mg for two weeks and then increased it to 10mg. I plan to continue taking it for a long time as i have never felt better.;positive
1941;I take the medication three times daily and I see a doctor once a week to see how I am doind as far as medications and to get therapy.;negative
2194;Initially this drug was prescribed short term for a significant life crisis. I did not use it much as such, I did not feel short term effects for daytime use. I did, however, learn that taking 1 mg prior to bed would better the quality of my sleep, stop me from waking up in the middle of the night with anxiety and allow me to sleep longer. Overall, this improvement in sleep quality allowed me to function better in the daytime thus allowing me to deal with the stressors on hand. I have reduced the dose to .5 mg nightly with the same effects and less morning drowsiness. I intend to continue to lower the dose until I am off it entirely. That said, if the sleep disorder/anxiety returns, I will not hesitate to return to using the drug. Hope this helps someone.;positive
2251;Use every day if you have brake out and take at lease 1 pille a week to prevent from future break out.you can combine with zovirax cream and apply to the break out to heal out and take a pill to treat in.Zovirax is a great medication over the counter ....it is very efectivly and i hightly recomended.;positive
152;Seems like a powerful antibiotic that works but it's just too powerful for my system and not worth the side effect.;negative
1368;In 1993, after treatment of a sinus infection, had to deal with hyperpigmentation issues. So far, as of March 2008, I'm nearing my 2nd round of hydroquinone treatment to correct it.;positive
1910;I don't remember everything for I had passed out. Needed oxygen, had epipen, benedryl and prednisonle(sp) through several IV'S.;negative
855;I was prescribed paxil for depression, it worked but the side effects became to much after about 2 yrs, but for those 2 yrs . my depression and axiety were under control. The valium does releive my anxiety symtoms . I was taking 20 mg paxil one time a day at waking and 5 mg valium 3 times a day if i was feeling nervous. Have since started taking a vitamin called GH3 and a liquid multi vitamin with cannibis at bed time, have been depression and anxiety free for one year.;positive
2213;Bone density studies were done every two years. Very slight improvement. After 10 years, I am still not at normal bone density.;negative
1000;ongoing medication, helps get circulating T3 into my system, boosts metabolism and energy, makes me fee normal.;positive
2865;sprioloctone has been prescibed to help with hair loss of the scalp, but so far has not shown to be of much effectiveness..second month on it and hair sill falls out a lot.;negative
276;I think I have included everything above. I tried a second week and felt a slight refreshed feeling upon awakening - but not significant ewnough to keep taking it. Understand, I only remember awakening refreshed 3 times in my life. one of them after that first night I used Xyrem. I have enough to try a third week and probably will -- since I am desperate for my former qualilty of life when I didn't struggle with feeling tired as I do now.;negative
28;The Doctor prescribed alprazolam for anxiety, taken daily every 8 hours or as needed to treat immediate symptoms.;positive
896;Depression treated. The mitral value prolapse was not treated but noted when any medical or dental treatment was performed.;negative
2327;I was to take one 10mg pill at night before I go to bed every night. It did not matter if it was taken with food or with out food. Either way was fine. I had to take it at the same time every night. I was not suspose ot stop treatment unless my doctor said it was ok.;negative
2905;"Previous adverse effects from hydrocodone made Tramadol the drug of choice for pain relief after a complicated tooth extraction. I was very pleased to have adequate pain relief without the ""fuzzy"" feeling and slight nausea previously experienced with other prescription pain relievers.";positive
237;I have been on Wellbutrin for four years and will probably continue use for several more years.;positive
2682;was taken for hypertension. no excessive side effects. medication was taken on a daily basis, once pill per day. My medication was usually taken at bedtime.;positive
2897;Was prescribed 2-4 mg dilaudid (I took 2mg, weigh 95#)with hydroxyzine pamoate 50 mg every 4 hours, because following previous surgery both percocet and vicodin caused vomiting and itching. First dose was given in recovery room and continued to take it every 4-6 hours with vistaril as prescribed until untoward symptoms appeared. I had no nausea, vomiting, or itching;negative
4130;- product to be taken as per manufacturer and pharmacist(doctor) instructions - was effective in reducing the desire to smoke but accompanied by bouts of nausea, headaches, insomnia, mild depression,etc although these symptoms did not surface until approximately third week of use - need to be vigilante about any unusual symptoms and to report these to your doctor - product is effective at controling urge to smoke ( but as always desire to quit must be present as well) and one must weigh the side effects & possible health risks of the drug with other stop smoking measures that may have less risks and may be less expensive;negative
1825;1 pill per day in the morning with food. Take 3 days off (placebo pills) before starting a new pack rather than a whole week. Take two pills the next day if a pill is missed.;positive
1618;not sure. there were no benefits. This drug had more bad side effects than good ones. I will never try this again. there were no benefits.extreme weight gain and emotional distress.;negative
3017;I will never take this TOXIC excuse for a medicine again in my life and i will tell everyone i know to demand another option. This stuff is pure poison. Went to the doctor today said i was having adverse reactions and sent me home with a new perscription although seemed to not fully believe my symptoms were real which I can assure u all they were and ARE! I am afraid of long term effects and this was only after ONE 500 mg dose! This is truly terrifying stuff;negative
632;Pill form, 2 a day. It was pretty simple. I had been receiving it in the hospital as a drip (liquid).;positive
2120;wash face,wait 20 minutes then applied a pea size to dry skin always wear a good suncreen about thirthy percent. Make sure to apply every two hours;positive
1367;To eliminate the side effects of hives, I had to stop the Biaxin and all other medication. I ties taking Sudaphed to control the itching, but this was not effective. I ended up going to the emergency room because the welst were so itchy and painful and I had not slept in 2 days. They were unable to give me any medication for the reaction beacuse of my gastrointestinal distress. I had to jus wait it out.;negative
4135;I took Champix in March of '08 and I am still suffering from most of the side effects of this poisonous drug. I started to feel some of the bad effects (nausea, mental fog, trouble sleeping, sore eyes, constipation, gas) of Champix while taking it but I was determined to quit smoking. For the first month I felt exceptionally good and I was telling everyone how great it was but the euphoria came crashing down and I went into a deep depression. I was able to make it through the full 3 month course but when I stopped taking it is when I really got messed up. I developed Psychosis NOS, Major Depressive Disorder, suicidal, Emotional instability, aggression, rage, panic attacks, hallucination, Somatoform Disorder, Delusional Parasitosis (bug crawling sensations all over my body), Hyperacusis (sensitivity to certain frequencies of sound causing severe pain and pressure in my ears), Severe Insomnia, Memory Loss, Brain Fog, Lowered Inhibitions, Hair was constantly hurting all of the time and lost lots of it (27 year old male), Irritable Bowel Syndrome (started as extreme constipation and gas, fatigue, Severe Eye pain, unsightly puffy bags under eyes, excessive weight gain, gingivitis, prostate pain, black out and become out of control when drinking, decreased sexual pleasure and ability to maintain erections. I think that is everything!!! I went to the psych ward recently due to being suicidal and at a breaking point with my symptoms and I was treated like scum and given brain damaging neuroleptic (anti-psychotic) drugs against my will. I have made some small improvements since taking Champix but it looks like the nightmare will never truly end. If you are one of the many that gets burned by this medication be warned that the doctors will probably not be able to help you and will most likely deny that anything is even happening to you or that it is related to Champix and the side effects may be permanent. I had a similar reaction in respect to rage and disinhibition from taking Zoloft when I was younger which altered my life substantially and now Champix has put the nail in the coffin. Apparently these two drugs have a similar mechanism but Pfizer with held this information and marketed the drug in a deceiving way not mentioning any of the neuro-psychiatric and mind altering side effects of the drug when it first hit the market in order to boost sales of their poison. The medical community has know for quite some time that dopamine plays a role in mood regulation and the fact the Champix targets the pleasure centre of the brain makes them grossly negligent for not investigating this further and informing consumers. Many people including myself (I turned down a prescription of Zyban due to my experience with Zoloft) would not have taken it if we would have been informed of the risks and Pfizer knew that. SHAME ON THEM FOR RUINING MY LIFE AND MANY OTHERS INCLUDING THOSE WHOM ENDED THE MISERY BY TAKING THEIR OWN LIFE. YOU'VE BEEN WARNED;negative
1651;I had to take medications as prescribed, change my diet to minimize sodium intake, I had to exercise as tolerated without over exertion, then maintain body weight by watching calories, keep cholesterol and fat intake low, be more selective in what I eat.;positive
3857;It took some trial and error to find the right combination of drugs to treat my hypothyroid, but once we started the combo of levothyroxine and cytomel, my tests show that everything is under control. I take the one pill of each one first thing in the morning with lots of water before eating anything. I have to wait 30 minutes before I eat breakfast. The hardest part is that I have to wait 2 hours before I take any calcium pills, which means I often forget to take my calcium.;negative
3974;Post emergency, the doctors felt that the reaction had to be caused by something else other than the Norvasc. They tested for urethral artery narrowing, kidney malfunction, etc. with all tests coming out normal. It was finally determined that the patients reaction to this medication was unusual, and the medication should not be repeated.;negative
1198;I've had depression and pain for some time. They have both caused serious problems in my life. I found myself isolated and sleeping far too much. I did some research and found that lack of seritonin could cause an increse sensitivity to pain so I was hoping that my pain would subside with this treatment. So far, I can't tell the difference. My doctor seems to be concerned about taking the vicodin but I'm more concerned about the long term effects of the prozac. Only time will tell.;positive
2756;For the last 3 months that I intake Xenical, I feel the loose of my body, Even though I had this kind of side effects but I have to sacrifice just for my own sake. It's worth it! I love my body now! thanks to Xenical.;positive
1352;one tablet daily, no other sepcifications. I take all meds on retiring. I also take fish oil capsules.;positive
861;It's long lasting nature often means that if I am experiencing anxiety only one dose is enough to last through the night into the next day... and often it seems as though the body remembers and stores this relaxation so another dose is not necessary. I only take when needed which can mean I go months without a dose... this is important as for me personally if I see valium and other benzodiazepine drugs as a long term / life treatment its vital not to become addicted and dependant as this not only means needing a drug to function (shackled by a drug rather than using its benefits when really needed.) But if your body has constant daily dosing for months or years your brain stopped producing natural relaxation chemicals meaning that you need more and more of the drug to get the same benefit and also because of this after years of high dosage extreme withdrawal symptoms can occur while the brain starts to produce these chemicals again.;positive
2777;Medication prescribed after root canal dental work to treat initial symptoms of infection. While infection did not occur, diarrhea was so persistent that I had to seek medical treatment. Will not take this again.;negative
2323;The medication worked great, and I would have rated it a 10 except getting OFF the medication was difficult. For six-eight weeks I had what I've come to learn are called brain zaps... a strange sensation that is difficult to describe and not pleasant. Lucky for me I had read about this so it did not scare me... otherwise I would have been very concerned. I pretty much just rode it out for those 6-8 weeks and then it went away and I've been fine. If I had to do it over I would still have chosen to take the lexapro because is was so effective for my anxiey/depression which was off the charts when I started.;positive
1697;"Before going to bed, I wash my face with the Clarisonic brush. I love it! When my face is clean and dry, I apply a pea-sized amount of Retin-A gel all over my face and neck. I do not avoid the eye area, but I do wash the gel off my eyebrows with a q-tip and water so that the skin under my eyebrows doesn't peel. I also put Talika Lipocils on my eyelashes. In the morning I wash my face, exfoliating every couple of days to rid the skin surface of drying flakes. Then I moisturize with shea butter or almond oil or even extra-virgin olive oil. This does not make my face oily; my skin drinks up the oil and looks good. The following night I wash my face and when it is clean and dry, I apply Stri-Vectin. I alternate so that one night I use Retin-A and the next night I use Stri-Vectin or another moisturizer. I don't think I will be buying any more Stri-Vectin because I am doubtful of its effectiveness and because I would prefer to make my own product. I know that I will be unable to make Retin-A gel, but making other products for my own use is very attractive to me.";positive
13;I take one tablet of the generic for Hytrin which is Terizosin each night and bed time and am monitored for my blood pressure control by my physician at six month intervals;positive
3618;I began taking Retin-A because my skin was having breakouts at a very frequent rate. I began by washing my face with a mild ceanser. I alternated between Dove senstive skin and Cetaphil. The face must be washed gently with NO manipulation, scrubbing or washcloth!! After this I rinse with warm water to make sure all soap residue is gone. I then LIGHTLY pat my face dry with the softest towel I can find. Let the face AIR DRY for 15 minutes, then a PEA size amount of Retin-A can be applied to the face. This little amount is for the WHOLE face. Once the whole face is covered with the Retin-A , let it sink in for 5 minutes, then apply a moisturizer. I like to use Cetaphil cream for this or Moisturel. Remember that Retin-A should ONLY be used at NIGHT!! You must wear an SPF 30 sunscreen during the day as it makes the skin sensitive.;positive
1074;It is, to my understanding, the smallest dosage available at 50/250 and my doctor suggested I even try applying once, rather than twice per week to see if that was enough to handle my symptoms. It was. The patch is so easy. I only have to remember once per week to change it. And on the rare occasion I forget, the patch loses some of its stickiness and reminds me! Honestly, for any woman truly suffering from constant problems like mine and don't fall into a high risk category, I would wholeheartedly recommend the patch.;positive
462;500ml 2x daily 7 days Had to take for a Bacterial Vaginosis. I have learned that they have a vaginal gel that works just as well. If I ever get diagnosed with this again, I will definately request the gel.;negative
1397;stick the patch on designated areas for one week, three weeks as one cycle and you skip the fourth week for your monthly menstrual cycle.;positive
188;This medicine changed my life, but there are still spin off's of ADD, like the auditory processing, anxiety and emotional control and general sensitivity that have to be dealt with. Not to mention health issues like making sure to get enough vitamins (kelp levels out my thyroid pretty well), and picking up a prescription from the doctor every 30 days. I take 15 mgs AM and 15 after lunch. Can't take it too late in the day or will cause sleeplessness.;positive
2795;I was taking the Bupropion as an aide to break my smoking habit. I was also using prescription nicotene patches in decreasing amounts. The treatment WAS effective in TEMPORARILY breaking the smoking habit and possibly could have had longer lasting effects, however, my skin had a reaction to the patches (I started developing large, red, hot circles everywhere they touched my skin) and I found that I could not effectively lead my day-to-day life while under the influence of the Bupropion. Once I stopped using both products, I slowly returned to smoking.;negative
2450;i think this med sould be for very severe bipolar and depression combonation or i probably should of took the bear minimum dose it mite of worked but not for me;negative
2424;Initially I was being treated for high blood pressure and put on topral but they did a TSH test and realized that something was wrong with my thyroid. I was originally started off on a very low dosage ( 12.5 mcg/daily) and had to keep going back for blood work every month. Slowly they increased it until they did another test and found out that it was Hashimoto's thyroiditis. At that point, they increased the dosage to 75 mcg/daily and so far it has worked out but I do have to keep having the TSH levels checked.;positive
1212;I take 20 mg every morning with my vitamins. For 2 years I took 40 mg every other day, however I haven't felt the need to do this anymore.;positive
3207;I take the medication first thing in the morning about 30 minutes to an hour before I eat breakfast.;positive
2974;i started at a very low dose, to be worked up gradually. treatment ended before this could happen.;negative
1709;I use the retin a every night as needed if there is a breakout for about 4 weeks.;positive
2077;Patient had almost all the markers for Metabolic Syndrome X / Insulin Resistance. Physician decided that Metformin might be help the Syndome X, plus it would have the added benefit of keeping patients slightly elevated morning blood glucose levels more stable. It is not clear that the drugs had a large effect on most of the Syndrome X symptoms, however patient has been on the drug for 8 years and it reduced the AM blood glucose levels to a normal level.;positive
512;Drug was prescribed 100 mg in the morning for high blood pressure due to chronic kidney failure. Combined with an evening dose 0f 5 mg of enalapril my blood pressure has been lowered to a normal pressure of approximately 115/80.;positive
2942;he Doctor told me to take he medication at bed time each evening. she also suggested that I might find it useful to sleep with a contour pillow between my thighs. She said to get up and walk around rather than lie in bed tossing if I could not sleep. As for the weight gain, it was recommended that I try to excercise more and reduce caloric intake.;negative
857;"I started having panic attacks in different places until my world became very restricted. A doctor prescribed Valium and it helped. I have still got worse over the years but valium still helps me cope with things like that I wouldn't normally be able to do at all, like shopping, going to the dentist, or out in public. I feel valium has had a very bad write up...mainly I feel through abuse. I've taken it most of my life and never took more than I was told to. In fact I was so afraid it would ""stop"" working that I only took it when absolutely necessary. This means that although I have taken it most of my life in larger or smaller doses, it still works for me and gets me though the hard times. I don't think I have ever tried a drug that has helped me cope as well as this one has. I hope it never gets taken off the market. I currently take half a 5 mg tab when I have to do something I consider difficult, only taking the other half after assessing if one half is enough. I hardly ever take more than one in a day and hardly ever more than two tabs in a week....sometimes a month. Depending on my commitments.";positive
316;The medicine was prescribed upon hospital discharge. Dosage was decreased every two days over six day period.;positive
3727;titrated up from 25 to 100. was given the generic after the titration to 100. the generic was not good. felt way more manic. got back on the brand name and doc suggested bumping up to 150. Haven't felt this good in a long time!;positive
3854;Application of cream nightly 15 minutes after washing. Product information advised waiting, but it still burned and itched when applying it after waiting. it had no real visible effect during the time I used it. I gave it a 2 instead of 1 because I felt a very subjective glimmer of potential improvement at the end of the period, but not enough to overcome the pain.;negative
1700;As stated I used tretinoins for preventive measures in late twenties and continue to use them today at 46. I use .1% Retin A Micro nightly with no side effects;positive
4086;I was experiencing inflammation in my hip after surgery. Mobic was prescribed to deal with the inflammation, but I didn't notice any strong positive effects.;negative
3812;"After I turned 38 my skin changed. It became much oilier and I started having large acne lesions again around my chin. This was especially true before a period or when I was under stress at work. I decided to see a dermatologist as I was sick of the acne. I started Yaz which was alright, as well as Retin-A. This didn't seem to address the larger lesions so my dr. prescribed Solodyn. Looking back now, I think the side-effect started in the first couple weeks, I just didn't identify them as related to the drug. I thought I was suffering from carpal tunnel at work and could explain why my knees hurt so much. I was just about to go to an orthopod when I decided to investigate the Solodyn more. I read about the joint pain and Lupus-like symptoms, stopped the drug immediately and called my dr. to get in and see her. She did some bloodwork and I had a positive ANA blood result (mid-positive, not low). This is one indicator of lupus. My dermatologist was adamant that the symptoms would go away now. I called the office again a week later as I was still having strong side effects and was pretty worried. I got a phone call back that basically said ""hello, hypochondriac, you do not have lupus."" Then my eye pain started and my eye turned totally red. I went to my GP who referred me to an opthalmologist who diagnosed iritis and I started 7 weeks of drops. She also referred me to a rheumatologist who ran a number of tests and told me she's seen minocycline drugs do this to people a lot and she would never take one or have her children take one - great. That's my saga. Now dealing with another iritis flair up and a lot of pain in my left knee, 4 months after stopping the drug. Please don't take this drug!!!";negative
2090;I'm a healthy 36 year old with no medical conditions. I use Selegiline (L-deprenyl) purely to optimise my health and fortunately use a loop hole to import the drug into the country which does not have restriction importation for personal use;positive
1660;After being miserable with frequent (20+ times/day, 7-10 times/night) and severe hot flashes (sometimes like a sudden sunburn, skin turning red and burning) for a number of years, I went on hormone replacement therapy. Estrogen by mouth had more side effects, so I went on the patch, which I have to change only once a week. The recommended accompanying treatment of progesterone caused more problems than the estrogen: a combination patch which is available is more convenient, but I found by trying it that progesterone really aggravates my IBS symptoms. To lessen that effect, I went on an estrogen-only patch and use a separate progesterone only 7 days/month. This is currently making me have periods again, not a fun thing, but I feel much better overall because my IBS symptoms are much less severe and less frequent.;positive
3176;"I first had a 60-mg shot in the office; the next day I was to take three 20-mg pills (=60 mg, once a day). Then, for 5 days, I had to take two 20-mg pills; then for the last two days, I was to take one 20-mg pill each day.";positive
282;I take my first dose (3.0 g) around 11 pm. take second dose around 3 am. I wake up like around 6 am. I want to stay in bed for more but cant. I am not sleepy. There are mornings were I am still feeling groggy, and by noon i would be okay to do my daily chores.;positive
247;Given for major depression. One 150mg pill per day. I still take the same dosage as I started out on. I am afraid to up my dose because Wellbutrin can cause seizures in many people.;positive
1306;1 to be taken daily, i only took this medication for two weeks after which i stopped taking it, the side effects that i had been suffering then stopped.;negative
556;Please dont take this medicine it made my acne horrible! I only had mild acne in my chin area. After taking this medicine it made my acne worst like never before in my life. I started getting severe acne all over my face!Now I have ugly acne and scaring and before this horrible medicine I only had ugly chin acne!I feel so depressed! I dont want to live any more!;negative
3732;Lamictal saved my life. I suffered from severe chronic body pain for 3 years, and naturally I searched for a physical cause but was never able to be diagnosed or treated correctly. Finally I was diagnosed with depression and began taking Lamictal. I felt a 180 degree difference in my life immediately. I started initially with 50 mg and slowly titrated up to 200 mg. Now I can sleep at night, I am not fatigued during the day, I can complete tasks and have motvation, and most importantly, I am completely pain free. The number 1 cause of body pain in teenagers is depression, and many doctors fail to take that into account.;positive
1616;I use it every other day, mainly around the eyes and on the forehead. I've just begun using it on the neck, back of hands, and the rest of the face. I'll see how that goes!;positive
3938;This was the last prescribed medication for out of control high blood pressure. I was first diagnosed with hypertension when I was in my 30's (with no symptoms - routine check-up) Gradually through the years, it has taken more meds. Apparently, it takes all three of these medications to work together. With all of them, my blood pressure is within normal guidelines (or very close), but without any one of them, there is an immediate rise;positive
3498;I have been taking Maxalt for years. I have had one sided migraines for years. They have always lasted 3 days of excrutiating pain. Maxalt has been a life saver. I take it at the onset of headache and have complete relief in one hour. Unfortunately there was a time when i was taking this daily, which was a pain regarding insurance coverage. However in the last year I have learned a couple physicial techniques to minimize the frequency of headaches, but I still take Maxalt 1-2x per week. Every time it is 100% effective.;positive
1204;I really wasn't comfortable with taking Prozac in the first place - I had a crappy HMO doctor who thought giving me a pill would solve my problem. I really just needed a change in my life (job, living in DC) to reverse my depression. In other words, I think my depression was situational, not a chemical imbalance. I know that these do work for many people, but I think it's imperative that a person know WHY they are depressed before they hit the pharmacy.;negative
2774;I was going to include here that if anyone is ever taking an antibiotic or drug that was prescribed to them and they experience any hives, vomiting, or rash of any kind they should cease taking that drug as they most likely are ALLERGIC TO IT. Always read your instructions you get with your prescription that the pharmacy gives you. HIVES, or RASH ALL OVER BODY NAUSEA WITH VOMITING STOP taking drug as you are most likely allergic to it and cannot take it!!;negative
3379;I took the Lipitor initially with morning meals and was not having a good result (regarding my digestion) so my doctor had me switch to taking it on an empty stomach, which did not seem to help much. Overall, I am happy to not need this drug anymore.;negative
1255;"Once kidney stones were ruled out as the cause, the choices were to ""wait it out,"" or to try this medication. Directions were pretty straightforward---take the pill after a meal; don't drive if feeling dizzy or drowsy; drink plenty of water.";positive
4113;2 pills a day as prescribed. I recommend it, but results obviously vary. A few friends have also used it with identical results. None of us take *any* other medication, which may be a substantial variable. So far no suicidal thoughts or rages.;positive
660;This birth control is terrible. I am 22 years old, this is my first time ever taking any type of birth control, and I have to say I will never take any form of birth control ever again. I have been taking seasonique for one month now. The first week I felt like I had the flu. Then I started feeling normal. All I have been craving is sweet food (chocolate, cake, muffins). I have not wanted to eat anything else. I have bad headaches all the time, I am gaining weight,I have had break through bleeding along with bad cramps, etreme moodiness and depression, I am tired all the time, I have no sex drive and all around not fun to be around. :( No more Seasonique for me!;negative
2072;"Started the treatment for 60 days at maximum recommended rate; the patient found no perceptible improvement he then trailed off to stop treatment over the following 60 days.";negative
1950;Prescribe to me by my DO as the newest drug for Fibromyalgia she did not know how the drug worked but wanted to me to try it to see if it reduced my muscle pain. I took myself off the drug because the side effects were to severe and they did not lesson over time.;negative
1609;2-100mg tablets are taken at bedtime. The dosage is self medicating, which means that if the condition is under control I can lower the doseage to see if the contrlo can be maintained at a lower dose. So far, after one year, I have been unable to do so.;positive
818;"I've taken Ambien 4-5 nights a week for the last year or so, to help with falling asleep. Despite being tired at night when I go to bed, I find that I can't ""shut my mind off"" and need a little help to actually get the rest I need. Ambien helps me get a really good night's sleep, but doesn't leave me with a hung-over feeling that other meds do. I usually only take 1/2 of the 10 mg tablet, and that's enough to help me drop right off.";positive
1994;"I found that Vicodin was a poor choice for real pain management. I felt spacey and ""out of it"" but at the same time agitated. I didn't feel an actual absence of pain as much as I felt ""oh well, gee gosh, I have pain. Isn't that a bummer."" In other words, the medication seemed to be more about changing my attitude towards the pain rather then actual reduction of pain. I subsequently stopped taking it and turned to tylenol with codeine. This worked much better in my opinion. I subsequently refused any additional prescriptions for vicodin and requested tylenol with codeine instead. I have since switched to a natural pain relief option that is a combination of white willow, feverfew, skullcap, and kelp. It is called ""Relief"". I believe the manufacturer is ""Nature's Way."" Although, I am in daily pain for assorted issues (structural) I avoid medicating myself unless it is particularly dibilitating. If I really need to take something I will take the Relief or plain Aspirin. Dramatically fewer side effects, no hazard of addiction, just as effective. Given the high level of reported addictiveness of this drug, I would never take it again nor recommend anyone else take it.";negative
3404;The cost of the Proscar tablets was around $100 dollars Australian and came in 5mg tablet sizes that each needed to be cut into quarters for the daily dosage of around 1mg. took the tablets every morning around 8am once a day.;positive
518;I take Requip about 1-1/2 to 2 hours before bedtime. It permits relaxation of legs so I can sleep.;positive
3695;I felt a difference within the first week. I am just so hopeful the side effects start to go away as this drug has saved my marriage and improved my families lives immensely. My main concern so far is the insomnia which was a problem straight away. I have just changed to taking my medication in the mornings, I will see how I go.;positive
1308;I was to take 1 pill in the morning after breakfast, then 1 at night before I go to bed. I am to take it for 6 months as a test. The generic was a cheaper version for my parents.;positive
70;The doctor had me take flexeril 3 times a day but i started out with 1 at bedtime for 2 1/2 weeks. It took 2 weeks to work but after i started taking it 3 times a day at it worked faster. It helps to stretch also while you take flexeril.;positive
3683;Prescribed this drug for treatment of a physiological/neurological condition causing a decrease in various neurochemicals, which resulted in chronic dysthymia (low grade depressive disorder). Treatment was not accompanied by any level of counseling or behavioral modification, and was highly successful.;positive
2743;Once a week on same day, take one tablet first thing in a.m. before eating with full glass water and do not lie down or eat anything for 30 mins.;negative
4002;i stopped taking the medication and i am improving.i have been off medication about 5 weeks now.aspirin only 325 mg 2-3 tabs a day has helped me along with mild frequent exercise;negative
3485;To reduce pain generated by nerve irritation due to cervical radiculopathy, I take 2mg to 4mg up to twice during the day, and up to 6mg in the evening. Doeses are as required for muscle relaxation and used mostly for tension before evening stretching or massage. Treatment has been going on for a year now with no ill effects. I only use the drug when I feel it necessary, and have to date used less than 20% of the available doses;positive
3976;93 year old woman with high blood pressure was experiencing skin problems. No other health issues. When switched to Norvasc, problems with skin increased dramatically and rapidly.;negative
352;Took 300 mg three times daily, doctor wanted to increase but side effects too severe. I could barely function on what was prescribed.;negative
3194;Had a delayed reaction to medication. Really severe effects came on only after two days' treatment. I have had gastric upsets as a response to previous antibiotics (CEFLEX), but never anything like this.;negative
306;apply twice daily but I'd have to wash it off w/in an hour because it burned so badly;negative
3102;I took the same little pill for 21 days and then the placebo pills for another 7 days of the month.;positive
268;Ultram helps control fibro pain without making me sleepy or feeling 'out of it'...there aren't many drugs I can take that I can still function and actually feel well, with Ultram or Tramacet do this for me....only down side expensive, not covered under blue cross;positive
387;Pill once a day at the same time every day avoiding grapefruit juice for at least 4 hours before and after dosing.;positive
968;I was prescribed this because of anxiety and mild depression by my GP but it did not improve my condition and seemed to make my anxiety worse. My anxiety was partly due to my personality and partly due to the fact that I had a mentally ill son which caused me a lot of worry and stress. My GP thought that SSRI's may help and prescribed fluoxetine. This did not help and he changed me to Cipramil which suited me better as it did not make my anxiety worse but it did not really help my anxiety that much so I stopped taking this as well.;negative
2363;I'm using the generic brand to save money. I've been using it for 6 to 7 months and I noticed hair regrowth within the second month.i did not do any research on the side effects and now that I think of it my eractions arn't what they use to be. I'm wondering if I stop using this drug if I will start balding again and the side effects will go away?;positive
1085;having suffered with severe anxiety problems for several years and having tried several other anti depressents my gp prescribed effexor at a 75mg dose, this was then incresed to 150mg and finally 225mg which is ongoing, my anxiety is now much better and i am able to live normally;positive
3700;"This was my Psychiatrist and GP`s last hope of treating my depression with medication, and I was told that I probably would suffer no adverse effects (""very rare"", apparently). However, after telling them at my appointment a month after starting Effexor XR, I was told that dissociative symptoms of PTSD are rarely made worse by effexor.";negative
2685;I want to clarify that except for the HBP I have never had these symptoms prior to taking the medicine.;negative
2554;I would apply the Ziana once a day at night after washing my face with a mild cleanser.;negative
937;I battled a sinus infection with home remedies for two weeks. Finally gave up and went to the doc. He said to try this Levaquin as it may help specifically with the sinus infection. I took the first dosage, felt ill in ten minutes and stayed quite nauseous for two hours. I did eat cottage cheese with it. Next dose I tried eating some biscuit, but that didn't help either. Tried it with protein (meat( third dose, same results. Gave up and went back to doctor, got a zpak.;negative
2584;I guess the treatment details are how I take it. The injections are deep subcutaneous. Because the drug is very hard on tissue, you can't inject into the same area. Upper arms are divided into 6 imaginary sections, abdomen 6 areas, legs 6 areas, and buttocks 6. So inject into first arm area on one arm, then next injection opposite arm, then abdomen, legs, and buttocks. Then you must start over in the first arm, but a different section and then work your way down again. This keeps tissue necrosis from occuring. The injections are every other night, and come in a pre-measured syringe the must be mixed SLOWLY with the powder immediately before injection. MAKE SURE to NOT agitate the sol'n, as it will foam, then you can't get it in the syringe, and then it's useless.;positive
3092;The treatment consisted of taking minocycline for 3 months everyday 2x/day. It was taken with after dinner with a full glass of water. The pills were not large, and easy to swallow.;negative
1425;Well their wasn't much treatment details. You take the pill first thing in the morning and drink a glass of water with it. It is an appetite suppressant. It also gave me more energy as well, giving me more incentive to exercise, work around my house, etc....;positive
4125;Literature says that desire to smoke should cease after 2 weeks. It took about 3 1/2 for me. Chantix effectively helped me quit smoking without horrible withdrawals and side effects. It has been 1 year and 4 months now. I am completely free of cigarettes now. Chantix was the only thing that helped.;positive
4080;noneafter leg brace removed, i simply needed to walk. leg muscles neded to be forced to bend-at the same time the knee was cut to the bone in fall and i couldn't bend. the first 2 weeks i could not walk without crutch and put strain on my other leg & hip causing more pain. my skin seemed to be stuck to the bone and had to be manipulated by hand to break loose-this took several weeks w/ physical therapist and myself doing this.;positive
1687;The severe headache that was caused by the Claritin triggered my trigeminal neuralgia (facial pain)...I wish to GOD I had never heard of this medication...too expensive, didn't work AND caused me severe pain...would like to blow up the factory!!!! Like hmm...can I pay to have some pain? geee..thanks....Stick to Benadryl...I'd rather be sleepy....;negative
3123;I took in the am when nauseated, I would take again if needed but after a while it worked all day for me. I took as little as possible as I am not a big pill taker;positive
2177;Since taking Zyrtec, my bloodpressure rose very high. First i did not recognize this was because of the Zyrtec, but discontinuing the drug brought back normal blood pressure.;negative
1810;After 2 back surgeries doctor tried numerous pain relief options and none seemed to work used physical therapy to strengthen lower back and 1 tablet 80mg twice daily to alleviate pain;positive
1831;i recommend using this birth control with caution although everyones body responds differently to all medications. if you begin to notice negative emotions (even slightly) i recommend you stop using it IMMEDIATELY--because it only gets worse. since i have stopped taking it (4-5 months ago) i have slowly regained the things i had lost..including my boyfriend. just be careful;negative
672;Part of my treatment plan was to undergo an endoscopy to find out what the problem was initially. The doctor who performed the endoscopy prescribed the Zantac. In the first 24 hour period I felt no differently, but the second day I started to feel alot better. At the end of the two weeks period of taking 2x tabs per day I felt completely back to normal. I ceased taking the Zantac after my follow up visit with the doctor but was advised to keep some handy for future use.;positive
802;"In an effort to regulate sleep, during an extended period of insomnia; patient was prescribed Ambien. The medication induced sleep as often as it induced short periods of psychotic behavior and patient was difficult to control by family. Patient would sleep-walk with no memory of it afterwards. Patient was beligerent with family members and appeared severly intoxicated.";negative
460;"3 pills a day for two weeks, symptoms came back, took it 4 more days and then, knowing what would be in store for me if I took it; I found that I could not force myself to take even one more pill.";negative
3586;Applied Differin to skin in the evening, most evenings for several years. Acne was improved after a period of 3-4 months. Treatment contiued for a period of several years.;positive
2373;I started taking Propecia 4 years ago. Initially I took it daily as prescribed. Over about 12 or 13 months I noticed a significant reversal in my male pattern bauldness. Thereafter I slowly reduced the doseage and now only take 1 tablet once per week. My hair has not receded as a result.;positive
2269;in combination with talk therapy, i took 40 mg of Lexapro in the morning because when I took it in the evening, it caused some restlessness. Before Lexapro I took Prozac for a year and found that it caused me to have interrupted sleep cycles so that is why I changed to Lexapro;positive
1246;"I have to confess that I'm confused by this section. There were no real ""details"" associated with my treatment aside from what I've alreay described.";positive
354;Day one I felt negative side effects after taking the second dose. Day two, escalation of side effects, headache, sun sensitivity, foul mood. By day three I felt like a zombie and my head felt like it was going to explode. I could not bare noise, even my husbands voice and my own voice was too loud. I had slept a lot but never waking rested, just extremely sleepy and depressed. I called pharmacist on weekend and was told I was taking too much to start. She explained that with this medicine one needs to start low dose and work up. I reduced the dose but did not have a reduction of side effects. I went off before a week.;negative
482;Reductil gave me a motivational start to healthy eating and decreasing my portion sizes. Because of low sugar levels I always feel hungry and it gave me some relief as I didnt get hungry as often and when I ate, I couldnt eat as much, but I felt satisfied. I felt that the effects of the drug started to ware off after a few months but now I dont take it anymore as I have lost about 5 kilos and want to continue to lose another 5 through healthy controlled eating and exercise. I feel I can control my eating a bit better and realised that the overeating was creating the roller coaster ride, so I think the drug helped me mentally with portion control and now I tell myself as I have created the habbit with better eating habbits.;positive
270;the drug is not to treat hyperhidrosis, but it's its side effects that the drug was being taken for - namely the drying up for hyperhidrosis;negative
895;"I don't know how to answer this question, except to say that I was prescribed Paxil 40 mg to be taken once a day because I couldn't stop crying over a grief issue. It didn't work. We switched to Wellbutrin, which was somewhat better and I took it for a year before stopping. It's been seven years since I went off all drugs and I still have occasional withdrawal symptoms that I call ""brain shocks."" I don't recommend SSRIs to anyone for anything. Oh - and I'm still grieving... sigh...";negative
3147;flu and cold, took one tablets three times a day and found normal within one week;positive
3217;Each single use blister pack of Copaxone contains one prefilled syringe containing 20 mg of Copaxone (glatiramer acetate) which the patient self administers subcutaneously, in the fatty layer of skin, once a day. It is important to rotate injection sites daily.;positive
63;I was prescribed Flexeril (10mg) for a muscle spasm in my neck that was pinching a nerve to my right arm. I took the ten miligrams of Flexeril three times a day for about a month as needed as it was prescribed. Then, as the symptoms lessened to the point where they only bothered me on and off, I took the ten miligrams only once or twice a day depending on how my neck felt for about another month, and finally, during the next month, I only took it when I started to feel like the symptoms might be coming back, which was maybe once or twice a week. Since then, I have not experienced any symptoms, and it has been over a year.;positive
2741;Actonel : 1 pill per week 30 minutes at least before any food / drink intake. Need to stay upright at least 30 minutes.;negative
2067;Treatment started as a very low dose at 500mg/day at the evening meal. Dose was increased by 500mg on the second week and stayed the same for 3 weeks. On week 5 dose was increased by 500mg for another 2 weeks. Another 500mg increase up to 2000mg/day until beginning of the pregnancy.;positive
1612;The first few weeks were horrible with bad break outs, dryness, burning, redness, Peeling, It was a nightmare. Almost gave up on it but my dr would not let me. I then started using a moisteriser right after washing my face and then waited 1/2 hour to 1 hour before the Taz. Symptoms eased up and now my skin is beautiful. This stuff Rocks. Don't give up and keep it off of your lips!;positive
1888;I'm unlucky to have three conditions that affect the attractiveness of my face. I've struggled with acne since youth, and I've also had chronic blepharitis since age 12. I am not heading into my 30's, and I'm beginning to develop rosacea on my upper cheeks, which could be contributing to my blepharitis. Some days, I just don't feel like leaving the house because of how I look. Doxycycline has helped clear up the acne and the rosacea symtoms. However, it wasn't as affective at treating my blepharitis, so I'm not going to try a topical antibiotic, which has worked in the past.;positive
816;i went to my doctor because i was getting only 4 hours of sleep a night for the past 6 days, so he gives me one pill, yes that's right just one 10mg pill. anyways i took it at 10pm and its now 4:30 in the morning and i still cant sleep which is why im here to review this. and i have to been into work by 6am aaaaarrrgh!;negative
3022;I was approximately 44 years old. When fertilizing my garden, the wind kicked up and blew the fertilizer all over me. After washing it off, the skin on my midsection (around the stomach area) began to itch and turn red. Shortly afterwards, blisters appeared and the skin began to be infected. My doctor prescribed Cipro, which not only did not work but caused my lips to be extremely swollen, so swollen that the skin on my lips split in a few places and bled. I could actually easily see my swollen lips by simply casting my eyes downward. I stopped taking the Cipro and reported the condition to my doctor, who was at a loss to explain why the Cipro did not help my skin infection.;negative
2845;to take Montelukast every day. to take clenil (inhaled) 2 puffs 2 times a day to take salbutamol - when needed;negative
2724;I was refered to a pharmacology specialist to see how I could be weaned off such a large dose in order to help control my weight because of the triggering of the carbohydrate cravings for which elavil is well known for. I have partiall been switched to topamax( 150mg hs with 225mg elavil hs) and I almost immediately lost 15lbs);positive
3392;I have had two episodes of thrombophlebitis with deep vein thrombosis diagnosed the first time with a veinogram, and the second time with an ultrasound. I was hospitalized 11 days each time and put on heparin through an IV with complete bedrest. When I was released I had follow up medication of coumadin for 6 months with prothrombin time testing every few days to moniter and adjust the dosages. After that I began developing vericose veins that I had treated with sclerotherapy and infrared venous closure procedures of the saphenous vein for venous insufficiency.;positive
3834;I have been very satisfied with the results of taking lumigan. My eye pressure was in the mid 20's and has dropped to the mid teen's. As an experiment, I stopped taking lumigan for several months and my pressure went back up over 20, so I went back on lumigan and it again dropped to the mid teen's. The preferred range of eye pressure is 10 to 20, with 15 or below considered to be optimal.;positive
1490;At my annual exam the condition of vaginal bacteria was discovered. The doctor prescribed Metrogel which I took for 5 days in the evening at bedtime. The symptoms resumed within 1 day of completing treatment. A re-visit to the doctor resulted in a prescription for Vandazole gel, which did work.;negative
622;after applying the cream over breakout or redness at night before bed there was visible improvement over night, after a week of using the cream the breakouts were gone, skin was healed after 2 weeks.;positive
2260;I took approximately 5mg a day. I visited my doctor on monthly basis, and was in contact with her via phone during first several weeks (my doc was old school... she really cares about her patients). I was placed on this treatment as I was a single mother of two very young children, employed full time, and attending college full time. The stress wasoccasionally overwhelming and my usual source of alleviating stress (exercise) was no longer helping.;negative
3090;I took this medication as prescribed by a dermatologist for 1 week at the 100 mg dose before severe side effects started. Side effects disappeared by 3 days after discontinuation.;negative
2937;the doctor described a dose of 8 every day for a week, 6 for a week , 4 for a week , 2 for a week I was suppose to take them because I suffered from tendonitis , it turned to be a wrong diagnostic as the problem came from my back;negative
3157;Following the steroids, I am going to have endoscopic sinus surgery to treat the blockages in my sinus passages.;positive
3983;I elected to stop taking Fosamax because of side effects (above). My physician is concerned and wants me to try a different osteoporosis medication, but I am afraid to take anything like that again. I have elected to self medicate with liquid calcium citrate/magnesium formula, and other vitamin and mineral therapy.;negative
1806;I take the Oxycontin three times a day - morning, lunch and dinner. It is recommended to take on a full stomach, though I've never noticed an issue when I haven't. If I take my regular dose one to two hours after it's due, my back pain is very severe, so I know it's working.;positive
1952;Treatment details? I guess you are asking for how often, etc.? I am on ongoing therapy. I take one in the morning and one in the evening. I try to keep my dosage schedule very precise because I pretty quickly show signs of withdrawal if I miss any. It has allowed me to start physical therapy, which was previously unavailable because of the pain. I feel much better but this is an ongoing disease that is not curable only controllable so I don't know what the future holds and if the treatment will change...;positive
3497;Treatment for migraine when otc's, or prescription level ibuprophen (800 mg) are not effective. Used for moderate migraine if it lasts a few days, or when pain reaches 8 to 10/10.;positive
550;apply ointment to areas of skin before bed - use sparingly a small dab rubbed into the scales works wonders;positive
2658;I was prescribed diclofenac for a badly herniated disc in my lower back. When I went in to the doctors office I could barely walk. He prescribed me diclofenac to be taken 50mg a dose two to three times a day for inflammation. I took it for about 2 weeks. I noticed a difference in the inflammation with the first dose. It worked great for me.;positive
2825;"I took 2 100 mg of the Wellbutrin, 20mg of Ritalin and a 10 mg of a beta blocker (I can't remember the name) in the morning. Then at 3 I took the other 200 mg of the Wellbutrin; at night I took the Serzone (before it was yanked from the market) and the Trazodone. I took a drug holiday from the Ritalin over the weekend, but over the years I eventually increased the dosage to 35mg of Ritalin in the morning.";positive
2523;I do not reccomend this med because it took 4 hours for a respose HOWEVER it makes the pain somewhat disappear.;negative
2380;Taken first thing with glass of water and no food for 30 minutes. Doctor did not see the connection between cough and Synthroid,(chest Xray came back fine) however as it did bother my stomach briefly at time of dosing, I decided it might be affecting the stomach lining. Recently towards late afternoon or before retiring will take Tagamet or some generic stomach med. I DO NOT experience heartburn, however, this routine seems to reduce the embarrassing cough significantly. This was my own resolution after trying many allergy medicines once or twice which did not stop the cough at all. Was also given sample of Advair which I did not use due to negative side effects I read about on internet before using. I am seeking a more natural and effective solution to replace the Synthroid with something that will treat source of low thyroid as well as the symptoms.;positive
1176;Doctor suggested to take Prozac at night time and Ritalin twice a day. So far it has worked for me a patient suffering depression for more than 15 years and it has helped me the Ritalin. Cannot say about Prozac but I notice that I do not get anxiety attack with it.;negative
3556;Vytorin was prescribed by my doctor for me for my high cholesterol. I took it for about a month and did not like the side effects. From the day that I began taking Vytorin I had diarrea. At first I thought it was purely coincidental until I stopped taking it for a few days. The side effects vanished. I took it again and they returned. I told my doctor about this and they switched me to Pravastatin ( same dosage) and the same side effects occurred. I then stopped taking the prescription.;negative
2860;No Activity for six weeks as patient was a truckdriver for a living and fell in the bathroom at home and broke her rib. It was floating around and lung puncture was the greatest concern. The Flexril made the patient relax to almost oblivion therefore disabling her ability to move around. The Wellbutrin was for bipolar disorder and was taken twice a day for at least a year and prior to that Cymbalta which she said gave her gas.;negative
1240;Doctor prescribed 2 weeks of antibiotic to clear off my break out with some antibiotic cream and of course sun block, followed by roaccutane 20 mg for the first two months 1 capsule a day and after seeing a good result he advised me to maintain a low dose of one every other day for another eight months. That was the maximum dose I can take after which calculated against my weight.;positive
343;"Used as a migraine prophylactic, my Dr. simply increased my dosage over time from what I believe was 300mg. per day up to 2400 over approximately two months. I was to take the medicine throughout the day but I sometimes opted to take a bulk of the total dose at night before bed--the fatigue it produced in me did assist my sleep. Unfortunately no matter when I took it my sleep was also assisted while in my car or at my desk at work! This decreased over time but was still in certain circumstances a danger. I will say however, it did decrease my migraines--the greater my neurontin dose the less my migraines. But I opted to take my migraines over falling asleep driving, possibly killing others or myself. Unfortunately my physician did not take this side effect seriously the many times I told her; after three years of this she continued to insist this side effect would subside. It did lessen but NEVER subsided to a safe level. She's no longer my physician and I now take Lamictal.";negative
2984;slightly increased attention in a 13 year old girl suffering with ADHD (predominately inattentive) and aspergers syndrome but had bad side effects so was taken off medication and switched to Adderall XR instead;negative
3486;To be taken 3 times a day, but I only took as & when necessary.;positive
3036;I have been on and off lithium and paxil for years. I tried zyprexa, depakote Triliptal and Lamictal, but these made meunfunctionally tired or I had severe reactions to them. I have a problem where drugs create severe reactions and sensitivity in me so dr.s give small amounts of several rather than a mega dose of one. I tried Risperdal but it gave me severe panic attacks and restlessness. I started out with an antipsychotic and lithium at the hospital to bring the mania and mixed states down. Later I switched to seroquel and Paxil was added to help with my anxiety and depression. I was on Seroquel at a lower dose than most 200mg to start, 900mg lithium (anymore than that makes me very sick even though the blood tests show it's within normal limits)and Paxil at 25mg. Now 2 years later, as I am not in a severe episode I can get by on half the Paxil, 50 mg Seroquel and the lowest Lithium possible to keep it in treatment range. I raise the doses if I have to (with permission of the Nurse practitioner)and I take 25-50mg Seroquel as needed throughout the day if I need to for anxiety, although I don't need to very often. The combination of seroquel, Paxil and lithium works best together for me.;positive
942;I asked for the drug in liquid form, as I have difficulty swallowing many pills. I took the drug as recommended, but the symptoms did not get better. As I mentioned earlier, the symptoms got worse. I called my doctor's office on the third day and was told that the symptoms I was experiencing was the infection. By day 5 I knew it was the drug, and stopped taking it. After a couple of days the nausea went away, and eventually the sinusitus infection slowly got better. I will never take Levaquin again!;negative
2375;Fifteen years of dermatologists, peels, topicals, Accutane, and nothing had cleared my cystic acne and constant breakouts, though a few treatments lessened the severity. Flutamide 125mg b.i.d. took one month to take effect, and within 6 weeks completely cleared ongoing resistant acne that had lasted more than 20 years and was worsening in my late 30s. AFter one year, we tried weaning off the drug. The results lasted for about 5 months, before the acne gradually returned. Went back on flutamide, and a month later the acne had left. We are now trying to see if a lesser maintenance dose is possible.;positive
2518;Overall I'm very satisfied with the medication in it's efficacy and side effects profile. I only experience occasional side effects and in general the medication is very effective in treating and preventing menstrual cramping. However, the medication is best being taken before the cramping has started or immediately when the cramping starts because the longer you wait, the less effective the medication is, regardless the dose of the medication.;positive
3417;I can recommend a reputable pharmacy (Aricept) - pill24.org I received the order and it was on time and the pills work great. P.S. 5% discount coupon code: 9sh73h;positive
351;As I stated, increasing the dosage of this medication finally got my epilepsy under control. I was originally prescribed this drug for pain management of a chronic pain problem, but in a lower dose. While I feel that is has only had a minimal effect of lmy pain, the higher dose has gotten my seizures under control. I also suffer from depression and a panic disorder that may be helped from this drug, but I think that that may be true indirectly, as I think the elimination of the seizures has been the main cause of the relief, particularly the anxiety.;positive
3045;started at around 300mg and went up to 900mg but that was too much. Then moved to 600mg and doing fine.. I think a person needs to find the minum dose that works to avoid side effects. I am told that many people need high doses in the 600 to 800mg range to get results..;positive
4051;I was prescribed 21 Amoxicillin caplets which were 500mg per dose. I was instructed to take the medicine at regularly spaced intervals and to complete the prescribed course. I therefore took one caplet at breakfast at around 8am, one caplet after lunch at around 3pm and one caplet in the evening at around 10pm. I was not advised to take the Amoxicillin caplets with food and, apart from the first daily dose, the times I took the caplets did not coincide with meals. I swallowed the caplets with water as advised.;positive
2713;take prometrium at bedtime every day to help also with sleeplessness along with menopausal symptoms. and also with the testosterone gel and estridol to help balance out my hormone levels as part of my bio-identical hormone therapy;positive
1878;take 100 mg tab bid after eating and at least 30 minutes before going to bed in pm;positive
1473;I have a history of a brachial plexus injury 8 years ago that has led to progressive increase in nerve pain to my right arm to the point I could no longer lift my camera and was in constant pain throughout the day. It was interfering with work and sleep. In the past, I was treated with short term steroids that masked pain and allowed me to participate in physical therapy. Results were always minimal, but better than nothing. After trying one medication for fibromyalgia unsuccessfully, my doctor agreed to try me on Cymbalta. It took about a month, but the results have been terrific.;positive
2210;I was diagnosed with COPD about 12 years ago. I started taking Advair about eight years ago. During the course of treatment I tried Spiriva, but had to stop because it was very drying. At one time I was taking Singulair, but that didn't seem to do much of anything. So I quit that. Throughout the entire period I have used Duoneb and Zyrtec. I think I was originally put on 250/50 Advair. That was increased, some years back, to 500/50, and about two years ago reduced back to 250/50. At all times I used the Advair twice a day. My pulmonologist (also primary care physician) was not much help when I developed side effects, nor did he suggest a substitute treatment when I had to stop using Advair. I went to another doctor who treated me for adrenal fatigue and had me take natural anti-inflammatories and mucolytics to replace the Advair. I still take Duoneb and Zyrtec. I stopped taking the Advair one year ago. I am just now recovering from the adrenal problem. My COPD has not worsened.;negative
796;I've had insomnia since I was a kid--couldn't shut the old mind down. I used Tylenol PM for years but it stopped working for me. Ambien has been great. It usually puts me to sleep within thirty minutes though I have had trouble getting to sleep after eating too much before bedtime. I have very active dreams, but always have had. If I try to fight it and stay up, I do hallucinate and have said and done things I don't remember. My sons tell me funny stories. I feel great the next day and don't feel drugged at all.;positive
2007;take a pill 4 times a day until pain stops excersize lightly until muscles can rebuild and provide easier movement and flexibility;positive
1180;Only the medication is prescribed, no other forms of therapy are being used. Plan is to stay on medication at this time, due to the percieved stresses of life and fear of going back to what was.;positive
2949;2 tablets each day - for 2 weeks continue smoking and then stop after 2 weeks. I don't know how this works but I really did not like smoking when taking this. The treatment still requires a fairly high degree of willpower to manage the cravings. I keep a checklist of things to do - brush my teeth, drink water, go for a walk. I have now been smoke free for 6 months and at times it's still hard - I do still get cravings but they don't last very long and I can control them. Another good tip I got was to put some butts in a jar with some water. A quick sniff of this and the thought of smoking goes away.;positive
1587;It was prescribed to be taken on an as needed basis. I would take the tablet at the onset of the attack. The attacks usually occured at night, shortly after I feel asleep.;positive
772;given over a period of 3 years... at first daily and then, due to stomache irritation, reduced to use only when needed. Stomache problems evident when taking 3 a day for 2 or more days. Given tab for coating the stomache.;negative
4140;The pill was prescribed to me for recovering from pain after my wisdom teeth were extracted. It was a very effective pain killer. All of my wisdom teeth were extracted the same day and I was in excruciating pain once the anesthetic wore off. As soon as I took thi smedication, I felt great relief. I was prescribed only 5 pills but I felt much better after taking only 3, 1 every 4 hours.;positive
2839;"Singulair was intended to address my Asthma and constant coughing due to allergic asthma; instead Singulair made my symptoms much worse. Singulair significantly increased shortness of breath and fatigue--even during inactivity. Due to the worsening of symptoms, I only took Singulair for two days. Unfortunately, it took a few months before I was able to get back to my baseline (where I was prior to taking the drug).";negative
3371;"One 10 mg pill, 1x per day. I also received a blood test for liver abnormality at one month, three months, and one year, after beginning treatment. I now receive a blood test for liver abnormalities every 1 1/2 to 2 years, along with the rest of my regular bloodwork at normal checkups. So far, there have been no indications of any problems. I'm also taking 200 mg per day of co q10 to replace what the Liptor diminishes. I do wish that my physician had mentioned this to me when he prescribed the Lipitor, but I actually found out about co q10 and lipitor through reading Dr Oz and Rizen's book ""You, Staying Young"". Upon asking my doctor about the co q10, he was familiar with it in relation to Lipitor usage, but never brought it up on his own. I realize that I would have continued taking Lipitor without any co q10 addition if I hadn't stumbled upon those facts by accident myself, and wish that when a physician prescribes a medication that they would also suggest any other supplements that should be taken or avoided along with the prescription. Overall, this drug has been very successful for me. As I understand it, most people have to take a much higher dose than i do to obtain similar benefits, so I'm fortunate in this area, as I don't like to take much medication.";positive
3792;"i was seen in the doctor's office for a swollen lymph node in my groin. at first i was told to use warm compresses; this didn't work, so they put me on an antibiotic (keflex) and within 2 days i had broken out into hives all over my torso, and the lymph node did not decrease at all in size. it was still red, swollen, and painful. i then heard about lymph drainage, done by a certified massage therapist. went for one session. by the end of the session, my lymph node was smaller, no longer red, and no longer painful; within a day after the session, the lymph node was no longer swollen.";negative
1662;"I had been using the trade brand of this patch, Climara for several months with positive results. One month my local pharmacy was out of the trade brand and offered to fill the prescription with the generic brand and because I was in a hurry to catch a plane to go on a vacation, I agreed, thinking they had to be similar. Wrong! To begin with, the generic patch is twice the size and thickness of the trade brand - don't even think of wearing tight clothes while sporting one of these! (I laughlingly told my husband we could always use one to patch a flat tire if needed, but soon it wasn't so funny.) Within a day or two I knew something was wrong, but hadn't yet identified the problem. I couldn't stop crying about nothing in particular. It seemed as if overnight, my world had become very sad and depressing. I immediately began to gain weight, despite no change in my dietary habits. After finally putting two and two together, I ripped it off and contacted my local pharmacist to see if anyone else had complained of similar experiences. After rechecking my prescription, the pharmacist noticed my physician had marked ""no generics"". Apparently, he had a good reason for this choice as this was not his usual stance on generics. The pharmacist refilled my prescription with the trade brand and all was quickly back to normal. I usually have no problem with genereic brands, but unfortunately, no more generic estradiol for me!";negative
3575;Treatment includes adding only about 1/3 pea sized amount to my chin area and the same amount to my forehead after cleansing at night. This I do daily. I combined this with a regular alpha-hydroxy exfoliation night creme (applied after the Differin dries) in order to catalyze (by my own approximation) the skin rejuvenation/renewal.;positive
3183;"I was prescribed this drug for insomnia. My MD told me that it had been used as an anti-depressant, but didn't work well for that, but was good for insomnia. She originally prescribed 25 mg, and suggested I work up from that if 25 was ineffective. I am very drug sensitive, so when 25 mg. really knocked me out and I could barely wake up the next day, I cut the pills in half, and that seemed to work--but I just gradually got the effects mentioned above. I realized later that I had taken the same drug, higher dose, under the name Desyrel when I was 43 for post partum depression. It didn't work, and it made my blood pressure go down--the number I remember is 77/44. Same reaction--very sedated, confused, etc. I would never have taken it, but it was not identified as Desyrel, even on the pharmacy information sheet, so I didn't realize what it was. The weird thing about this drug (for me) is that it makes me so confused, but subtly, that I can't think clearly enough to realize what is happening until it gets pretty bad. I know I am very sensitive, and this may be a completely idiosyncratic reaction, but I don't think so. When I talked to the pharmacist about it she said ""Yeah, some people just can't take it."" I know people who take 300 mg a night--and they are fine!.";negative
2947;I had to take 150mg daily for the 1st 5 days, then twice daily. The tablets made me feel very anxious and depressed from day 6 onwards. I experienced a full blown anxiety attack on day 10, with racing thoughts that I could not control, suicidal thoughts, and a feeling that I was about to lose my mind. I had the presence of mind to realise that I was experiencing a reaction to the drug, but had to call a friend to spend the evening with me as I was experiencing a strong urge to kill myself. I discontinued the tablets, and the symptoms went away immediately;negative
3325;I was put on this medication by my pediatrician and, unfortunately, I think he did a poor job of following up on my treatment. I think that antibiotics are too strong a treatment for acne.;negative
3535;This is by far the worst medication I have ever taken. I got no help, in fact the problem got much worse and the side effects were unbearable!;negative
1656;My starting Clomid dose was 50 mg once daily for five days. The Clomid dosage was increased to 100 mg and ovulation occured. My doctor will helped me to determine that ovulation has occurred using an ultrasound.;positive
3692;took medication for 5 to 6 years. Very hard to get off this drug. I liked the way my anxiety was controlled, but it also inhibits all emotional response (at least in my case). I didn't have any mood, emotion, nothing. It gave me a very flat affect. Also my doctor did not seem very informed toward drug side effects and withdrawl symptomologies.;positive
3793;I was given keflex (3x daily) for an infected root canal that needed to be redone. The swelling, pain and swollen glands subsided substantially while I was waiting 2 weeks for my appt to have the root canal redone. After the root canal, the dentist put me back on the keflex (2x daily) to insure against further infection, also since I have mitral valve prolapse. After 2 doses I developed diarrhea and took .5mg of immodium (I am sensitive to immodium, only need a very small dose). 8 hours later I developed worse diarrhea and then very severe vomiting, stomach pain, severe headache, dizziness, chills. Also my muscles were shaking and cramping as if I was very cold. I had to be taken to the urgent care, received an injection of phenergan which helped, and told never to take keflex again. Flu test was negative, I had not eaten anything during that day which could have caused food poisoning. Dx: gastroenteritis caused by keflex.;negative
1401;I was given this drug to help lose weight, it worked perfect other than it was very costly and very few doctors prescibe it.;positive
1543;I was diagnosed with rheumatoid arthritis about two years ago and began treatment with a combination of Remicade (infused once every eight weeks over a period of about 2 hours in my doctor's office) and Methotrexate 20 mg. once a week. I take 8 tablets every Friday, 2.r mg. each. I have had no negative side effects from either medication.;positive
2959;The treatment details were to help you gradually stop smoking but the drug orders you to not smoke whilst taking the drug to the daily limit from up to two weeks, this is an illogical instruction as you might aswell of not taken the drug.;negative
1689;all day sneezing and continually runny nose secondary to seasonal allergy. This medication stopped the sneezing for about 4 hrs. Then it resumed as did the continuous runny nose. Directions say take 1 only every 24 hrs. I won't buy this medication again. No noticeable side effects at all except it certainly didn't work at all.;negative
699;I had slight to moderate acne that was just really annoying and was not fixed by any type of treatment, so I finally gave in and went on Accutane. After reading all the online horror stories I was scared out of my mind. However, I had a great experience on it. I took 80mg/day for 5 months and weigh 200 lbs (90 kgs) so it was about 1 mg/day/kg, which is a moderate to high dose I was told. My lips were pretty dry and cracked if I didn't put on chapstick all the time. I also had really dry skin if I didn't put lotion on my shoulders, arms, back, and face after showering. Everything else was 100% fine though. No nosebleeds, no depression, no hair loss, no unbearable side effects. These horror stories are overblown and rare, and tons of people have great results on it. My acne is gone 100% from all over my body and it is such a relief to not have to deal with it. On completion, my dermatologist told me he has prescribed it for 10 years and has never once had a case of depression and only 2 people have had bad blood tests. If you're tired of acne, give Accutane a shot. If the sides are too rough in your case then you can go off of it, but it's such a great drug if it works for you the way it did for me and many others like me.;positive
3424;The product was to be used at bedtime. To leave on all night and wash in the morning. The treatment was to continue until acne resolved then use as needed.;positive
2702;Metrolotion applied daily, and cortisone cream applied as needed, keep my perioral dermatitis (which is exacerbated by sun, wind, chlorine, and many facial products like sunscreen) undercontrol.;positive
3509;1mL Minoxidil was applied twice daily to the scalp until the entire dose and been absorbed. treatment was coupled with Low Light Laser Therapy - 650nm 5W lasers that served to biostimulate the scalp and help in the halting of the effects of DHT.;positive
1298;One pill daily to reduce bad cholesterol with no side effects, I didn't really change my diet and the simvastatin reduced cholesterol by 13-15%. I get yearly blood test to see if it effected my liver and so far have had no problems.;positive
596;take once per day. was told it could take up to 6 weeks to see any results. took once per day as prescribed in the mornings with water but without food.;negative
312;Took 2 tablets in the morning on an empty stomach, and two tablets at night after a couple hours of dinner. This went on for seven days.;positive
252;50 MG Tramadol 2 times a day.Tylenol 500 MG 3 times a day for the Arthritis pain. Neither really help much to get rid of the pain. 500 MG Metformin 3 times a day.Glyberide 1.25 MG 1 time a day for the Diabetes.I have done well on the Meds as far as keeping Diabetes under control.;negative
2349;"I read about the drug before using it and I was very hesitant about using it since I heard about all the negative side effects. It didn't seem worth it to take the risk and try it, but I spoke to me Doctor about it. He advised me that if I noticed any of the symptoms, I should stop taking the medicine immediately. I took the chance because I don't want to look back ten (more like two, to be honest)years from now and say, ""Man, I really wish I would have tried it. Maybe it would have worked, I should have at least done my best to fight this monster called baldness."" So I tried it, and I knew almost within the second week that it wasn't for me. I notice all of the side effects and stop taking the medicine. I'm thankful for this website because it gives people the opportunity to be honest and share there experiences. If I had not read some of the comments, I might have continued with the medication and done more damage without knowing it. So thank you. I tried the drug, and realized it wasn't for me. I am very lucky that all of the symptoms have passed and I am back to normal. Funny thing though, here is something I realized, "" I can't get laid without my hair, but if I take this drug, I can have hair but I still can't get laid."" Who says the bug guy up there doesn't have a sense of humor? Good luck everyone.";negative
1761;The treatment details for Topamax which is used to treat seizure disorders was also supposed to treat migraines are as follows. As the patient I was to take fifty milligrams per day and was told I would lose perhaps two percent of my body weight but that after a thirty day period my migraines would decrease in intensity and decrease in duration.;negative
1038;I have only been on Vyvanse for 2 weeks. I started at 40 mg. and now at 60 mg. until next week where I will probably be upped to 70 mg. I used to take Focalin and then found out I was bipolar so had to stop that for close to a year to become stable on lithium. I feel alert, awake and focused and feel Vyvanse is very smooth and lasts longer. Hope I get the weight loss benefits eventually.;positive
1349;Began dose at 20 mg/day and have remained at that dose for 3.5 years. During that first year I also made some nutritional modifications. I recognize now that it was a half-hearted effort, but the combination still provided very good results.As of today, my cholesterol numbers have gotten even better. total CHOL.=102 TRI=49 LDL=55 and HDL=37(started @38).I had lapband surgery 3 months ago and have made dramatic changes in nutrition in addition to the medication.;positive
2707;Application of one gel packet once daily to either thigh. I have found that during one week of the month when the vaginal dryness is at it's peak it helps to use two packets. This was approved by my physician.;positive
1625;I chose to discontinue the HRT completely after I developed a painful mastitis in my lt breast, and 6months later a mamogram showed a suspicious spot that was removed and biopsied. It was benign. Since stopping the Premarin and switching to a natural progesterone cream that I use vaginally I no longer have painful fibrocystic breasts and the hypoglycemia and hypothyroid have been healed thru prayer.;negative
0;I take one tablet (0.5g) Azor whenever I have a anxiety attack or struggle to sleep. I was attacked a few years back, and still have panic attacks on occasion and struggle to sleep considerably. In addition, I have nightmares. However, when I take the azor, I calm down. Furthermore,I did try sleeping medication, however,I was always tired and struggled to wake up. When I take azor, I can sleep without the whooziness the following morning.;positive
3997;I had a bone density study done and it was stated that I had osteopenia, related to over 12 years of prednisone and seroid use to treat my Sarcoidosis. At the time I was seeing a Rhuemotogogist who was treating me for side effects like joint pain and swelling. I was told I didn't have osteoporosis yet, but to start taking the Fosamax to prevent it . I did but the issued reported above,meant I had to switch to another similar but milder medication , Actonel and take it one lowered dose pill a week.;negative
1140;i started off taking approx 130mg in about 7 yrs and have now reached 65mg in my 8th yr off taking methadone. it has helped me to be a normal person again and no spend my day trying to find the next pill.;positive
3533;I read carefully over the booklet and the website, thinking that maybe i was doing something wrong. I took the lunesta along the zanaflex hoping for a better result and, none!! Took it at 11pm and 3:44am, im still going strong-not even a yawn! I was formally on ambian, which would take over an hour to kick in, but my sleep time was averaging about two hours.;negative
1297;I have a family history of high cholesterol. And I have high cholesterol as well. In order to reduce the high cholesterol readings down to normal levels for cholesterol, my health care physician prescribed cholesterol reducing drug. We tried Zocor for a while. However, when taking Zocor at 10 mg per day, I experience significant problems with impotence. I reported this to the doctor and the doctor had not receive any feedback like this before. My prescription for high cholesterol was changed to Lipitor.;negative
3313;Just makes you feel better... see pych once a month then see a therapist as often as needed.. its always best to combine the two;positive
2870;I've had mild cystic acne as long as I can remember. The only time I didn't was when I was on BC pills. Over the course of 7 years, I've taken doxycyline, minocin and Doryx, all which initially helped somewhat. From the beginning, I tried to get my dermatologists to address the hormonal angle. Seven years later, someone finally listened. A couple months ago I started on 75 mg once a day and have had no breakouts since. Not sure how long she'll keep me on this regimen.;positive
1537;The small tablet is inserted vaginally twice a week. It's recommended that you do so at the same time of day. Twice a week is somewhat difficult to keep track of. Does that mean every 3 days or every 4 days? It involves marking treatment down on a calendar to maintain a regular schedule.;positive
3525;Took 2mg for the first time ever (first ever sleep med) on an empty stomach and went to bed at 9:30 Got up at 11:30 and am typing this. I feel alitte sleepy (yawns) but it obviously did zip aliviate onset insomnia.;negative
2612;it sucked. sure i didnt have ADHD but i also felt as though i lost my soul in the proccess. i became so depressed i actually began to feel like a shell;negative
1775;Citalopram 40mg to start with but too many side effects. Reduced to 20mg, less side effects, worked okay on mood..except I was swinging. Introduced Sodium Valproate, gradually increased it to 1g BD (twice day), has worked quite well up until recently where side effect profile is interferring with my life.;positive
4083;The treatment was Mobic 15mg daily started 3 years ago after the shoulder injury. At that time I also attended Physical Therapy and was discharged from PT after 3-4 months of therapy.;positive
1376;I was given Biaxin during a bout of the flu because the doctor thought I was at risk for a bacterial infection. I'm allergic to penicillin, so I always have to take something else. I had no problem the first day, but the second day I noticed a weird bitter taste that I couldn't get rid of. The doctor told me to stop taking it for a day, and now I'm waiting for him to give me something else.;negative
1961;Lyrica is a good drug for pain in my hand/arm after an accident. If I dont take this drug my symptoms will only get worse. Complex Regional Pain Syndrome has changed my life, for I cant work anymore.;positive
3681;Started on 75 and increased to 150 after a month and felt on top of the world after two months!! I would highly recommend to any one with sever gad! I have tried many other ssris four in total and had no luck, in fact had luck initially with Paroxetine but lapsed after about three months! So this has given me my life back well and truly!!;positive
3982;I experienced constipation as a side effect to pain meds from surgery. I did not have previous problems with it. It never got better even a long time after the surgery. My doctor recommended I try amitiza after many over the counter products failed. I used it for 3 months. I had some relief but it definitely was not a cure. I quit using the drug since it did not give me significant relief.;negative
2592;even though it was a very strong pain killer there was still considerable pain felt before the next prescribed dose was to be taken. i don't know if the anti nausea ingredient was effective because i felt like vomiting every time i smelled food and did vomit whenever i tried to eat, for about 3 days. however, i didn't feel nauseous when there was no food present. i was too disoriented to perform daily functions without help, or think clearly while using the prescription. after i stopped taking the pills it took a day or two before this effect wore off.;positive
3549;came in for uti, then found out it was ballanitis, this medicine was prescribed, and took me to headaches and constipation that caused high blood pressure, that caused anxiety attacs... not recommended to take this medicine.;negative
163;She took one pill at the Doctors office and she took one home to take. She died some time that night. I think it was too much medication and combination of different medicines. I miss her so much. July 17, 2009;negative
2635;"I'd visit the doctor's office once a month. At my original clinic, I would simply walk in and a nurse would inject me; after we moved to another state I learned I would have to wait 1.5-2 hours for a doctor to see and inject me, even with an appointment it could take a while. Once I had received it though I was good to go for 3 more months.";positive
3246;ALthough it is convenient, it almost defeats the purpose of birth control if you have to worry all the time that the ring is going to come out. also, mood swings and feelings of tiredness were almost unbearable. would not recommend it.;negative
3786;within 48 hr I experience extreme abdominal pain. I developed C.Difficile and was in agony. It wiped out all the good bacteria in my system and I also developed drug induced pneumonia. Subsequently I was given other antibiotics to combat the pneumonia and I became so dilirious that I almost died. ps Also, I am allergic to PCN.--anaphylactic shock.;negative
3555;i did not observe cholesterol lowering although Your doctor may decide that, along with diet and exercise, VYTORIN is right for you. If so, remember to take 1 pill a day in the evening, as your doctor prescribes. Take VYTORIN with or without food the choice is yours. VYTORIN is a tablet containing two medicines: Zetia (ezetimibe) and Zocor (simvastatin). VYTORIN was clinically proven to lower bad cholesterol more than Lipitor or Zocor alone.Unexplained muscle pain or weakness could be a sign of a rare but serious side effect and should be reported to your doctor right away. VYTORIN may interact with other medicines or certain foods, increasing your risk of getting this serious side effect. So, tell your doctor about any other medications you are taking. Your doctor may do simple blood tests before and during treatment with VYTORIN to check for liver problems.;negative
2985;With or without this medication I am a philosopher. So I will be explain how the drug works on me from a philosophical assessment. Background: I had taken Strattera for three years (2005-2007) where it helped control ADD where I had difficulty doing so. It helped me focus, stay organized, manage relations, and most or all of the benefits I listed prior. I dropped the drug for 3 years so that I may learn how to control my ADD without the help of medication. During those three years I gained remarkable self control in overcoming ADD. However, I got to the point where I couldn't win over ADD, which was losing focus randomly. During college lectures that I found very intriguing I would often zone out/space out when I could not have been more interested in what was being professed. The frustration of this led me to conclude that medical assistance was the best choice. On the drug: I read and understand that the (generally) biggest con--side effect--to this drug is that there is some sort of depressive or suicidal figure involved. From an evaluative standpoint of myself, I've concluded that my desire for happiness is lowered from where it was prior to the drug. In other words, if I felt a need for a happiness at a 9th strength before, I now had the need for happiness at a 5th strength. Since happiness, to me and most I'd say, is the driving force for existence in life, a lessened desire for it would lead to two results. Lessened feeling for the needing to exist/live and feeling less depressed (because I now do not need to be happy as much as before). Understand that this drug does not control me, I control this drug. I suggest that while you take the medication you assert a greater self-awareness. As you examine how it affects you, you can understand when you are thinking naturally or by the drug.;positive
3198;after noticing eyes twitching went back to peditrican said it was something else called pandas associated with strep throat but sympthoms got worse going to hospital because of having seizure like episodes took off medicine we nt away for 2 years but are still suffering from effects of seizure like episodes but neurologist exams say not seizures but dont know what they are i still believe it was the drug all started with the overdose brenda n son;negative
933;Complained of sinus drainage, productive cough, rust stained sputum for two weeks. Chest xray negative to significant findings. Prescribed Levaquin 750mg, 1 by mouth per day, for 10 days. Also taking OTC Mucus Relief Sinus with guaifenesin 400mg and phenylephrine HCL 10mg as need for nasal decongestant and expectorant.;positive
1019;I was diagnosed with ADD three years ago. Have tried several different prescriptions and found the best results from Adderall and Vyvanse.;positive
949;I had been suffering from repeated yeast infections that I hadn't been able to cure on my own with traditional store-bought treatments. After over 2 months of chronic scratching, the skin of my outer vulva was red, sore and still outrageously itchy. My gynaecologist prescribed Betaderm to be applied twice daily for 2 weeks, and it worked amazingly well with no side effects.;positive
663;The erythromicin was changed to amoxycillin, which I used safely and effectively for 5 to seven days and experience complete relief from symptoms of the bladder infection for which I was being treated.;negative
2880;I started using this cream about 7 monmths ago. I had pigmentation problems. i am still using this cream but noe , i have reduced its usage to everyother night.;positive
2818;My OBGYN switched me from Prozac to Wellbutrin in efforts to help with the sexual side affects. Well, it did absolulte nothing to help in that area and instead made me more depressed, irritable, had severe rages, crying all the time, no desire to get out of bed, hot flashes and my blood pressure spiked tremendously. I went back to my PCP and I'm back to Zoloft which I had taken in the past and although I'm still having w/d's from the Wellbutrin, I'm felling 80% better in it's only been 3 days. I tossed all the remaining pills out. This drug clearly didn't work for my body. What a horrible experience to go through. I will in the future only get these types of meds from my PCP and not my OBGYN.;negative
278;I would take 3 gms before bed. Wake up 2.50 to 4 hrs later for second dose. It was easy to wake up, many times I would wake up on my own. Sometimes I would try to wake up too early and would just sleep through my alarm and then wake up closer to the 4 hr mark. If I didn't have a busy job it would just be ideal to try to get closer to 8 or more hrs of sleep every night. That was not always practical for me. I started off at the 3 gms dose twice per night and never had to change. Sometimes, depending on the time of month I got less sleep with the dose - i would awake after only 2.5 hrs later and get around 5 hrs of sleep a night. Depending on where it was with my cycle, sometimes I couldn't wake up so I would lessen my second dose to 2.25 gms so I could wake up at 4 hrs after the dose.;positive
2378;The first drug I was prescribed after a mastectomy and chemotherapy was Tamoxifen, which I took for almost 1 year. My oncologist said it increased bone mass, so she wanted to use that first to counteract the bone mass-decreasing side effect of the aromatase inhibitors. Their protocol is to use Tamoxifen for 2 years, then switch to an aromatase inhibitor for 3 years. However, I had some uterine bleeding ( I am post-menopausal) so they switched to Femara early. Tamoxifen may cause an increase in uterine cancer, which my grandmother had. The most annoying side effect of Femara is the increase in joint pain. NSAIDs and glucosamine help somewhat but have their own side effects. That said, I am willing to continue Femara for the next 2 years to help prevent cancer reccurence. I read in the literature (Medscape) that 51% of women do not complete their 5 yrs of either drug, and my guess is because of side effects. I take supplemental calcium also to slow the bone loss.;negative
603;The drug was prescribed as an anti-psychotic to ease the unrealistic thoughts I was having despite taking prozac.;negative
2178;As soon as a migraine was detected a Frova would be administered. If the migraine was intercepted immediately the Frova was succesful with relieving pain and the chance of a rebound headache was slim. If a frova was not administered immediately a maxalt was taken then two hours afterwards a frova. This would eliminate pain for twenty four to thirty hours. On occasion a rebound headache would occur.;positive
3149;Took Tylenol four times a day with food ( a lite snack) and used ice on the sore area as noted above.;positive
347;I take the medication three times a day as prescribed, drinking at least a cup of water with each dose. I was originally taking a smaller dose of the gabapentin, but after about six months my thumb pain started to become more frequent again. However, my doctor prescribe me a higher dose and that helped. I do still have problems with the pain from time to time, but not at all like I used to. All in all the drug has made a huge difference in my life thus far.;positive
191;I was put on the medication by my family doctor when I complained of my inability to finish projects. It was affecting every area of my life work and relationships. Initially, I was prescribed Ritalin (but it gave me major tension headaches). I was then prescribed Adderall. It seemed to work right away with minimal side effects.;positive
3489;"One dose daily was immediately effective in reducing swelling; blood pressure was reduced within 3 weeks. Night sweats and dry mouth were the primary side effects. Moderate weight loss (water weight) occurred within one week (total five pounds).";positive
1500;I was prescribed Metrogel for my moderate case of Rosacia. I took the prescription for almost 9 months. I applied a thin layer daily after washing my face in the evenings. After 9 months I expected to see a slight difference in appearance of my skin, but did not. The only noticeable affect I saw was how dry my skin became. And with it being a very expensive product, I was very disappointed.;negative
2169;Tried a variety of other medications without success. I am still on Zyrtec, even though I pay a lot more for it. I also use Nasonex, which helps, but not to the same scale as Zyrtec.;positive
45;took it for seizure took pills drank with water drank water and took pills took pills drank water drank water took pills took pills drank water drank water took pills toook pills drank water drank water toook pills took pills drank water drank water took pills.;positive
3704;"I get heartburn caused more from my condition than from food. There were times that I had ""breakthrough"" heartburn even after using prevacid. I generally don't even use the prevacid now. I do try to not eat things that will cause heartburn but I still get heartburn often. I take the ranitidine often, but not every time I have heartburn. There are some times when I will take one or two Tums to get a jumpstart against the burning.";positive
1072;Not sure of any details, since it was during surgery and I was not awake.;negative
1195;I had one on one counseling with a therapist. I have taken 20 mg everyday for the past 12 years. I have tried other medications but they have not worked nearly as well for me.;positive
1241;The dermatologist tried several other options before going to Roaccutane. I tried using antibiotics, Retin A (which, knowing better now, I didn't use quite correctly), and Diferin gel. In the end, Roaccutane was the only thing that really mad a difference. I do, however, notice that my skin does look older than that of my peers. I don't know whether it is as a result of the Roaccutane, or whether it's just genetic.;positive
2765;The use of parlodel to regulate ovulation and prolactin levels for about two years with regular blood tests to check levels of prolactin. After 2 years and a stable level of prolactin, the medicine dose was reduced to half and then completely stopped without increasing the levels of prolactin.;positive
2451;As I was being diagnosed for my Bipolar disorder, I would say the medication did more for me than my therapist. The drug, Symbyax, made me more calm than I have ever been. It took about a week for the medicine to kick in and when it did, it really did work its magic even though Seroquil was pretty good at knocking me out to sleep, it didn't help me with my anxiety and depression like Symbyax has.;positive
2308;10 mg of Lexapro was prescribed to be taken 1x daily. I was advised that this drug builds up in the system over time and that results generally wouldn't be measurable until taken consistently for a minimum of 4-6 weeks.;positive
2146;I took a half of a 10 mg Zyrtec tablet 2X a day for about 2 months. I do not have health insurance and could not get a refill.;positive
1569;"The pill did wonders for the pain. When I took them I recieved results within 10-20mins. They also lasted a moderate amount of time to deal with the pain as well. They do become somewhat ""addicting"". So I tried to take 1000 - 1200mg of Ibuprofen to compensate for the Lortab. However, when your in a lot of pain, Ibuprofen just doesnt to seem to deliever the results that Lortab could provide.";positive
614;I was experiencing hot flashes, mood swings and headaches before taking estradiol. Since taking it, the flashes and mood swings disappeared. I have been on hormaone therapy for about 20 years and have no intention of going off. I feel good and look good for my age and I attribute some of that to the hormonal therapy.;positive
2692;"My doctor prescribed one 25mg capsule 3 times a day with food, for one month, which I followed; this treatment was completely successful for me. Since this treatment, I've used the nonsteroidal anti-inflammatory drug (NSAID) ibuprofen as needed to prevent further attacks.";positive
3754;spironolactone is a water pill that has the side effect of clearer skin. the spironolactone only is effective on the large cycst types of acne. If not taken daily there will be some cycsts that will form the week before you cycle. The small acne is taken care of with a retinol A cream.;positive
936;I went to Dr because it looked like a wound on my leg from a scrap was getting infected. He prescribed Levaquin for 10 days. I only took one tablet and within 2 hours I felt very lightheaded and nauseaus. I actually had to lay down and have someone call the doctor for me. They told me to quit taking it and put me on Cefadroxil (generic for Duricef) instead. I tolerated that fine. Levaquin is a very expensive antibiotic and now I'm stuck with the cost of that. They should just give it out in 1-2 tablet doses first to see if you can tolerate it before you get a full 10 day supply.;negative
3004;The treatment included the tablet twice daily as well as plenty of fluids. Use of the drug was supplemented by cranberry juice intake -- about 2 glasses per day.;positive
2778;I know this was prescribed because I'm allergic to penicillin and was having dental surgery. BUT given the side effects and the pain I would NOT take it again. A pharmacist advised me to take Prilosec q.a.m. and an antacid between doses. It helped a bit, but I would have asked for another medicine if it had been earlier in the treatment.;negative
2739;I take one 35 mg tab of Actonel first thing every Wednesday morning on an empty stomach with a full glass of water, sometimes 2 glasses. I wait at least 30 minutes before I eat or drink anything. While I am supposed to wait at least 30 minutes before lying down again, I confess that on a couple of Wednesday mornings when I was especially tired, I did lay back down. Even then, however, I did not experience any heartburn.;positive
2168;Take one in the morning for prohylaxis when travelling or during pollen season. Take 2 for severe allergic reaction. Crush tablet between teeth and swallow to make it faster to absorb.;positive
20;I took the pill twice a day, morning and evening, after meals. I also kept up with my daily exercise regimen (walking and swimming).;negative
3643;I applied a pea size every day. You really do have to wait 20 minutes after washing your face before applying, because otherwise you will really have an increase of the side effects. Then wait a bit longer to let it absorb and use a moisturizer which is non comedogenic, like jojoba oil. Worked fine for me! And I have very sensitve skin.;positive
971;Rinsed mouth vigorously with solution, refrained from eating, drinking, brushing, etc for 1/2 hour after use. Used twice per day. After side effects noted, irrigated only some areas of mouth. Discontinued when sores persisted.;negative
583;I take 800 mg of acyclovir at the first sign of tingling along lips or tip of nose. I've found this prophylactic approach to be most efficacious if I dose at 800 mg for a day or two subsequently. In doing so, I've reduced hsv1 outbreaks from one a month to one a year. If I do get an outbreak, I dose 4000 mg per day (800 mg apprx every 2-3 waking hours) for four days then taper to 800 to 1600 mg per day for two to three more days with excellent results. If I begin dose after an outbreak has initiated, it is immediately arrested from worsening though it still will go through it's viral cycle remaining at a very small scale as long as I continue treatment as described above.;positive
4114;After filling your prescription, you choose a quit date, and begin taking the medication one week before your quit Date. You get a starter package with a pill(s) for the first weekYou take one tablet every morning for 3 days. On the forth date you take one in the morning and one at night. You can use a support plan, called getquit to help you during weeks 2-12.After the first week, you continue to take a pill in the morning and one at night, it comes in a different package then the one you used the 1st week and is a higher dosage. support plan. We offer one it's called GETQUIT . Enroll today Weeks 2 12 On your quit date, you'll try to stop smoking completely. And you'll begin using the blue Continuing Week packages, which contain blue tablets. If you slip up and smoke, it's okay. Just keep taking CHANTIX and keep trying to quit For the next 12 weeks, you'll be taking two blue tablets a day, one in the morning and one in the evening, or as prescribed by your doctor. You should tell your doc about any other perscriptions your taking and any other health problems before starting;positive
3958;This generic version of Prilosec OTC can be taken daily on a long term basis to prevent/control the symptoms of acid reflux. It is very easy to remember to take it, as it is normally taken at the same time every day-- before breakfast.;positive
3962;My dog died and I had chest pains and other Gerd-esque symptoms. I went to doc, they gave me a sample of Prilosec. I began on it and developed the problems. I stopped taking it for about two days, I started feeling bleh and the symptoms Prilosec caused started to go away. To make sure it was the Prilosec, I took it again. The side affects returned within a hour. I am now struggling to get rid of the symptoms and the withdrawal. I would not recommend Prilosec to anyone.;negative
4101;I quit taking this med after about a week and i am now still smoking.;negative
3208;As I mentioned above, my diagnosis was based almost exclusively on labratory tests. TSH and T4 (thyroid hormone) were found to be too high and too low, respectively. Relatively non-descript symptoms accompanied the list of complaints at the time of diagnosis. These symptoms improved somewhat after treatment. It is still to be determined if side effects will be improved on reduced dosage.;positive
1093;family doctor initially prescribed wellbutin but a psychologist at the hospital suggested effexor. the dose would be increased as i would adjust and experience setbacks. the gabapentin was added when i had sleep troubles and to augment. many things were also added and subtracted to no avail. a psychiatrist felt the dose could be increased to 375 mg. so it was but i was not under any supervised care other than my family physician. all the above side effects caused me to be sent from specialist to specialist who all had tentative diagnoses ranging from borderline personality, narcolepsy (the modifinil), sleep apnea and restless leg, and finally bi polar. finally a different psychiatrist said it was the drugs!;negative
3178;I started with 25 mg a night, taken right before I wanted to fall asleep. This worked off and one but not always for my insomnia. I increased the dosage to 50 mg, which was highly effective. I took one 50 mg pill. I felt sluggish in the morning ONLY when I took a pill in the middle of the night, say 3 or 4 in the morning when I couldn't sleep.;positive
2347;I take one pill each day. Sometimes when my prescription runs out, I am forced to miss a few days, but I do not notice any changes as I think the medicine takes a longer time to work and stop working. I've worked it into my daily routine and although I do not like having to take a pill every day at 22 it has not been a problem.;positive
1702;Cleansed face am and pm. Pat skin dry. Used non-alcohol toner only in pm. Applied retin-a micro in the evening. Nothing else on top. Cleansed in the am and applied sunscreen with out chemicals-titanium dioxide based product.;positive
1789;citalopram has made it possible for me to feel good whilst coping with depression. My only concern, like with any medication is becoming dependent.;positive
2011;"Vomiting to the point of dry heaving is just not acceptable, for one, keeping the medication or anything down can't happen and for two, well putting that kind of pressure on the hemorrhoidectomy surgery site is not a good thing at all. My doctor said to keep taking the medication, but I don't think his brain was working. Dry heaves means you have vomited up your bile and NOTHING is staying down and you are still heaving nothing. That was my body's ""reaction"" to vicodin, it was like poison to me.";negative
3444;My DO prescirbed this pain med to reduce pain in my right arm/wrist from a car accident. I had tried 3 massage visits with a medical massage therapist that only temporarily relieved the pain. So after trying the massage thearpy, my doctor precribed this pain medication.;negative
3845;I self diagnosed and took what seemed to be the approriate minimum dose, aware that it wouldn't be good to take long term.;positive
681;This drug is highly teratogenic ,females must take contraceptive tablets,so I did. I didn't experience any serve side effects.It helped but the cost of therapy is horrible I resigned when I was told some of patient commited suicide maybe becouse of that drug.;positive
675;Prescribed 300 mg, once a day at bedtime for severe reflux and gastritis. Took one pill and stared to have trouble breathing. Took Albuterol and in a couple of hours breathing returned to normal. Called doctor next morning and was told to discontinue use. Did not work to control reflux. Started on Pepcid the next day which along with Tums has made reflux managable.;negative
3272;When I try again to cut back on the dose, I think I'll go to a psychiatrist while doing it. Regular physicians who refill my prescription don't know me and don't know how to offer advice about doing this. My treatment details....I take it every day. Sometimes I've forgotten a day or have run out of a prescription and didn't get it refilled for a few days. I got a bit light headed. Definitely not something you can quit cold turkey.;positive
192;Took 20mg 3x a day. Immediate release worked better than the extended version because I had more control of the med to taper it to my needs/schedule during the day.;positive
2266;"I have suffered from dysthymia (low mood) with major depressive episodes for most of my adult life. The newer antidepressants, particularly Prozac and Effexor, were lifesavers for me and I expect to be on a daily antidepressant for life. Antidepressants such as Prozac and Lexapro, however, greatly depressed my sexual desire and ability to reach climax (adversely affecting my relationship with my husband). These medications also ""pooped out"" (stopped working) after a while, and even when they were working, they would not entirely relieve my low mood. Ever since my psychiatrist prescribed Lexapro several years ago, my mood issues have entirely disappeared with absolutely no adverse sexual side effects.";positive
3866;After pregnancy my thyroid levels became too low and my thyroid gland became enlarged. The same problem had affected my mother. Once I got on the medication, my levels became consistant and my thyroid gland returned to a normal size. Without proper levels of thyroid I have very low energy levels.;positive
3930;THe patient had been treated with Prilosec for reflux. While being evaluated for chronic insomnia, a 24 hour study was done to constantly measure the pH of her stomach/esophagus junction. The study found, while using Prilosec, her stomach acid was 10 times what was considered normal. She began using Nexium and repeated the 24 hour acid study about 6 months later. Using Nexium, the stomach acid pH was normal. The patient takes Nexium once a day, in the morning one hour prior to eating.;positive
265;I take 2 50mg tablets every 4-6 hours (no more than 8 a day). It has worked wonders for me. No more headaches and my body is only slightly sore now. It has elevated my mood simply because it has reduced the pain.;positive
2020;I was prescribed Protonix 20 mg which I took daily for 30 days. Extended use is not recommended, and I did not surpass the 30 days. I do buy extra strength Tums and take it if I have any real acid or spicy foods. The bottom line is I had a lot of pain with my ucler which came out of nowhere and after almost 2 weeks of pain I decided I needed to see a doctor. Soon after taking Protonix my pain went away, but as with any ulcer a diet change might be in order. Similar drugs are Nexium, Prevacid, Prilosec, etc.;positive
1260;Once daily medication to deter excessive daytime sleepiness associated with sleep disorder Narcolepsy. Downside of it is that it is VERY expensive.;positive
3491;I took this med after trying others for depression. It worked pretty well. I decided to taper my dose down when I got pregnant & was off completely when my son was about one month old. Since then, I have kept my depression under control effectively through diet & exercise.;negative
4111;"I have taken Chantix for 6 months and would recommend this cessation method to anyone who is motivated to quit smoking! EVEN if you have a slight desire to quit then this drug is for you BUT only if the following conditions apply: 1) you are in good mental health 2) you are not in a high stress environment (I mean like combat or fight fires for a living) 3) you can accept feeling uncomfortable for about 2 weeks while your body adjusts to the drug. If you are seeing someone for mental issues then this drug is not for you! If you are in a high stress environment then leave this drug alone! If you cannot handle nausea, constipation, insomnia, or fatigue for extended periods of time then DO NOT take this drug. The nausea will fade but it can get pretty intense and that seems to be the deal breaker for a lot of people -- I can hack a lot before I ""cry Uncle"", but let me tell you the nausea will come in waves and will wear you down. BUT in the end it was worth it!!!";positive
40;I see a psychiatrist monthly. I have tried every drug recommended for Schizophrenia and none of the drugs have worked. I still have psychotic episodes.;negative
320;Very simple, just take drug at night before bed. Doctor prescribed for no more thatn 3 nights per week, but as sleep deprivation increased, so did the taking of the Ativan. Sublingual helped better than pill. Took drug up to 5 nights per week. Ran out of Ativan at some point and realized after a 3-4 days that was sleeping better and felt better mentally, emotionally and physically. Realized that the drug had severely affected his personality and motivation. sex drive and pleasure increased with each week off the Ativan. Swore to never use it again because the difference in how he felt was like night and day, once he got off the pills.;negative
2798;I have had post-partum depression severely with each of my children.(I have 3.) In addition to the Bi-Polar disorder I have lived with most of my life. The post-partum is very scary.I knew before my 3rd child was born what I would be in for,so I was ready this time and armed with Wellbutrin.It is definitely not a cure-all, more like a bandaid,but the bandaid helped get us through the last 8 months,while being more able to work on the root of the problems through counseling.;positive
2198;had blood pressure at 7 month pregnant was taking labetolol after pregnancy tred a few which made me feel ill aprovel makes me feel very well no side effect my blood pressure is now the lowest it has ever been even before i was pregnant;positive
2396;Treatment consists simply of taking a 100 mcg Synthroid pill each morning. This should be taken on an empty stomach and no food should be taken for one full hour. It is also important not to take any calcium supplement for four hours after taking Synthroid. Calcium interferes with the body's ability to effectively utilize the Synthroid.;positive
2339;Taken on a daily basis at the same time everyday. Taking it everyday at the same time increases the potential for the medication to work so that the body gets a consistent dose to work with. Otherwise the body gets confused.;positive
1916;will need to go back to dr. for another perscription. It's my fault..should never have agreed to take something new. Had simialr reaction to Augmentin.;negative
1743;"The ""stupormax"" of Topamax lasted a few days each time the dosage increased during the tritation period. one point I was afraid to drive- as I ran over a curb, made WIDE turns and even bumped the wall in the garage! the fluid retention due to dehydration was noticeable in my upper arms and upper thighs(dimpling). Now that I have been off the RX for a while now, my arms are toned and legs are lean & sleak. BUT No MORE headaches!! Praise God! BTW, never lost weight on this drug as some do-- since discontinued I have lost 7 lbs.";negative
2180;treatment was prescribed as maintainance med for ulcerative colitis. allergies to common maintainance meds prevented use of any 5asa type meds.;positive
3672;It did not work I gained 23 pounds in three months! I tried taking in am and pm and neither worked out. I gained a lot of weight and experienced insomnia and early am waking.;negative
755;"This nasal spray helped me control my allergies and sinus problems for the time I was taking it, however as soon as I stopped taking it all of my symptoms came back immediately. I don't think this drug is a ""quick fix"" that you can use for a few days and then stop...I think it is something you have to take continuously to get the full benefits.";positive
1301;To take 20 mgs a day every day.My total cholesterol is 252, LDL 153, HDL 75;negative
3081;Doctor prescribed one pill per day of Minocycline for my acne. Took the drug for 2 weeks. Then I had the swollen lips reaction and stopped taking the drug.;negative
3445;In order to correct Polycystic ovarian syndrom and to get pregnant I was given Progestin and clomid to resume ovulation. I would NEVER* take either of these synthetics again! I was a basketcase with mood swings, crying, depression etc.. and once I discontinued use I was able to return to a normal mental state. I used this for over 3 months while my poor family suffered, never recieving the results I hoped for. I achieved results only when I went natural and used a natural progetserone cream from AIM made with wild yam and instead of horrific side effects I had pleasant ones...my acne cleared, my insomnia got better and my overall mood was improved, 3 months later I was pregnant! I will always try herbal before synthetics from now on.;negative
2278;"This medication is manufactured by Forest Pharmaceuticals, Inc., a subsidiary of Forest Laboratories, Inc. in St. Louis Missouri 63045. I was given the prescription of taking 10 mg. once a day. I cannot even imagine what would have happened to me if I had taken the full dosage recommended of 20 mg. I would have probably hurt someone badly. I have always suffered from clinical depression and have taken many different medications. Right now, Paxil is helping me with my depression a little. I think that I need to have it ""upped"" because the usual dosage isn't as effective as it once was. Anyway, my psychiatrist prescribed Lexapro for me because he really believed that this new drug would be just perfect for me. I had no idea that it would cause such turmoil in my life. I was in a constant state of nervousness and my panic attacks had started to get much worse. I just thought that my daily routine was the cause for my anxiety but realized when I had the desire to shove my shopping cart into a little boy who walked in front of me in the store, as I stated before in this report, that I had to quit taking Lexapro. Sometimes, I would sit on my sofa at night and want so badly to just scream at the top of my lungs. My therapist just told me to take a pillow, put it over my face, and scream at the top of my lungs. I was afraid that my neighbors would call the police if they heard me. That was no way to live. This medication was so toxic to me that if I had not realized what it was doing to me, I might have even taken my own life. Because of my great faith in God, I didn't kill myself and finally realized that I had to call my doctor immediately the next morning to report what Lexapro was doing to me. I also have a friend who is taking Lexapro and has taken it for sometime. She also shows signs of rage at times. Just a minor infringement on her and she will go into a state of rage (but not as bad as I did). I have tried to tell her that she needs to get off Lexapro but she just thinks that OTHER people are intimidating her. One day, when she rams her car into someone elses because they pulled in front of her, she will finally realize that Lexapro is not the drug for HER either. I really do think that Lexapro should be taken off the market until further testing is done. I would NEVER recommend this drug to anyone. It is just too unstable.";negative
2674;The effects of this drug in my oppinion almost killed me I no longer take it and doing good.;negative
3724;Severe mood swings between hypomania and depression with suicide ideation before Lamictal. Began with 10mg and tritrated up to 400mg over a few months. Played around with the dosage to finally arrive at 400mg. Experimented with taking it at different times in the evening. Found that most comfortable time is before sleep.;positive
616;Nightly, I would put a small amount of Skinoren, Benzoil Peroxide and an AHA cream (with a 10% AHA)in the palm of my hand and combine, and apply to face nightly. The rest of my regimen included a very gentle face cleanser, and a mild and light moisturizer during the day along with an application of the 10% AHA lotion.;positive
197;Adderall was taken once in the morning every day. This medication was combined with cognitive behavioral therapy once a week. Within the last year, neurofeedback (biofeedback to control brainwave patterns) was added. This treatment has been very effective, and will be continued as long as it is needed.;positive
3375;I take 10 mg of Lipitor daily and get a liver function test every three months. So far, this has been fine, but I will need to be tested continually as long as I take Lipitor. I don't mind this, as the benefit of having a healthy cholesteral level is more important to me than any hassle of getting tested. If at some point my liver function appears to be unhealthy, I'm guessing my doctor will have to reevaluate my situation, but for now, it's fine.;positive
902;When I started taking paxil, I was severely depressed. When I woke up in the morning, I would sit on the side of the bed for around 30 minutes before I could finally get up and start getting ready for work and then I would still cry until around 12 noon. After taking paxil for about 3 days, I had a job as a courier and I caught myself singing and dancing to a song on the radio. I couldn't believe it, I had not done that for about 5 months. Also there was the great side effect of appetite loss, especially at first, where I had actually forgotten to eat all day on several occasions. I still take paxil today, and I my emotional state is more balanced. I am also happy with the amlodopine.;positive
3774;"Took metronidazole to preclude infection after a puncture wound from a dog bite. Did not tolerate medication; ceased therapy after 8 days.";negative
4149;It seems every time I am treated for pain in the hospital they want to give me percocet. The reaction is very quick and seems to affect my arms the most.;negative
3390;Treatment included 2months of heparin injections in abdomen. Coumadin was given daily after the injections were stopped, at 6mg. The discontinuation of this medication caused an extension of the clot and re-admittance to hospital and another drug for blood thinning was given. Eventually, 6 months later, a doctor prescribed a compression stocking, which helped dramatically with swelling and pain. The Syntron blood thinner had no noticeable side-effects. Except possibly a still reduced libido.;negative
1747;I had done some research on Topamax online before it was even an approved treatment for migraines, and it was only FDA approved for epilepsy. While on the web I found that a surprising amount of doctors were prescribing it for off-label purposes, such as an add-on to an SSRI that wasn't working well enough in depressed patients, a mood stabilizer in patients with bipolar disorder, and (gasp!) a weight loss drug in obese patients and in those with binge eating disorder. Several convincing clinical studies have been done in all of the above categories as well. Topamax will have clearance from the FDA to be marketed for the treatment of bipolar disorder in 2010.;positive
2954;Welbutrin was prescribed to aid in reducing or eliminating the urge to smoke. For the first two weeks smoke as normal and then at the conclusion of two weeks stop smoking altogether. After the first week the urge to smoke had been reduced and I found myself smoking less and less. By the end of week two the urge to smoke was minimal to non-existent.;positive
3989;I took the fosamax with 8 oz. of water and walked around for an hour.The first couple of years I did not take calcium supplements. Then I did. Since I do not think the results were really an improvemrnt, Now I am taking a calcium supplement with vitamin D and magnesium and a fairly new drug called foseum which is suppose to be entirely natural like an herb, but more expensive than fosamax that must be taken twice a day.;negative
537;The doctor does not believe I had this side effects because I took trazaone 2 weeks before I started the cymbalta. When I took the first trazadone this terrible pain begain. I tested not taking it and the pain almost completely subsided but was scared to completely stop. I did this 2 times. Then he started me on cymbalta. I had been on cymbalta for almost 2 weeks when he finally agreed I could stop the trazadone. By this time the cymbalta was in my system and I continue to have these back pains. Can anyone share with me;negative
2048;One tablet was used every evening with meals. After three days hot flashes were gone. On the 10th day vaginal bleeding started, which did not stop for 2 weeks until OC were used.;negative
3154;Take the medication in larger doses at the very beginning, and then taper off gradually. Very important to taper, no sudden stops or starts to this medication, adverse effects if you do.;positive
3153;I had a pretty bad case of pneumonia, which had culminated in a horrible hacking and convulsive cough that I could not get to go away. I was given Ceftin (I believe, can't remember the dose). I was also prescribed an inhaler and the prednisone. I had never taken a steroid of any kind before. The first couple of days were okay, though I noticed I felt constantly hungry or my stomach hurt slightly, it was actually hard to tell which it was. So, I was eating a lot of crackers and thinks that I thought would help. After the five days my skin began to break out all along the jaw line and forehead, which was not usually a problem for me. The breakout was so bad, I went to see a dermatologist who put me on a month of tetracycline, which cleared up the skin. Overall, the prednisone made me feel lousy! I hope I never ever need it for anything again.;negative
1027;Had to go to a psychiatrist to get it prescribed. Check ups every 3 months to determine effectiveness. So far everything is a go! I cannot express how this has changed my life!;positive
3740;Right now I am just taking 25 mg Lamictal once a day. I recently just stop taking Adderall, and so far have experience less anxiety. I also take busiprone twice a day with the lamictal.;positive
1976;I have a 6 year history of ruptured discs cervical and lumbar with cord compression post MVA resulting in leg spasms, fasciculations and strong diffuse leg ache with limited range of motion.also weakness of both extremities and numbness in big toe. I am on 150mg qhs (once every night before bedtime). I supplement the lyrica with Aleve during the day.;positive
1833;I was given this to prevent pregnancy and i am going off because i'd rather have a child and an orgasm than no child and no orgasm;negative
1263;The neurologist who first diagnosed the MS prescribed Provigil in 2001. At first I took only 100 milligrams per day, but have gradually increased the dose in order to get the same effect I got initially. I've asked my doctors several times if the drug is addictive, and they say it is not supposed to be.;positive
4067;My dotor precribed this for treatment of whiplash follwing a car accident.I was doing physical therapy exercises twice a week and taking 1 Mobic pill, 2X daily with food.;negative
3981;I am taking this medication after being diagnosed with Irritable Bowel Syndrome. I was on Zelnorm for this and it was like a miracle drug!! It fixed all my problems for months, then it went off the market. The doctor then told me to try this as an option. It definately helps more than not taking anything at all and I can tell when I get these stomach pains that I forgot to take the drug.;positive
3619;I was to apply the Retin-A cream twice a day but the side effects outweighed any effects of treatment.;negative
168;Take it as soon as i feel headache coming on and within 1 or 2 hours i am usually pain free.;positive
1838;I took this pill for 3 months at the exact same time each day and ending up getting pregnant. Looking back I am glad I did, because I can't imagine life without my Yasmin baby as we call him, but an unplanned prepnancy with a small child already was not fun. I do not recommend.;negative
4137;I couldn't even keep my head up at work because I was so drowsy. I would have to go lay down in the break room. It got so bad I had to quit taking it. But I decided since it had been 2 weeks smoke free I wouldn't start again just because I couldn't handle the pills. My husband and I have been smoke free for 1 year 2 months!;positive
3094;I have been taking minocycline 100mg twice a day. At first I had no side effects what so ever. However after a week I started heaving headaches and they gradually got worse. It was when I started having neck pains, I stopped using Minocycline. Although I stopped using it, I never thought the pains were due to it - I thought it was from going out right after the shower which I often do. That same night I woke up with hives appearing in my body and towards the end of the day, my face got swollen (eyes and my inner lip.) At first I thought it was a food allergy, went to the doctor and got a full blood test (White blood cells, red cells, cholesterol, sugar, full allergy, almost everything.) During the waiting period of my results (took about a week and a half) I was taking steroid pills for allergies and I got back to normal within 5 days. On the 8th day, I was like hmm lets take minocycline again, I wanna be proactive and not break out on acne again. I took one pill at night after 8 days of not using it, and the next day I got itchy hands and a few hives and then I realized it was the minocycline that I was reacting to. Luckily I only took one pill and over the counter allergy medicine such as zyrtec got rid off my itchiness and I am back to normal again. So around 8-9 days later after I gave blood, the results came to my doctor. To my surprise everything came normal no allergies what so ever, no pollen, no nuts, no nuts, no dust completely NO ALLERGIES. My Red Blood cell count along with hematocrit came a little high but nothing else. I am almost confident to say that minocycline was what I was reacting to and my doctor told me to stop taking it.;negative
774;the treatment was for a frozen shoulder. I had a lot of pain and could not sleep at night on my back or side. I could only sleep sitting up for a few hours at a time. It was hard to move. Physical therapy eventually helped and taking Tylenol products. I had many sleepless nights. I went off the medication after three weeks since the effects for me were not helpful and had terrible side effects.;negative
138;The treatment was started on the second day of the sore outbreak, and I noticed the effect very quickly: the next day I felt barely any pain and the sore disappeared much faster than usual (about 4-5 days overall vs the previous 7-9 days);positive
878;I was being treated for adult rheumatic fever with antibiotics and steroids and paxil. I had a very hard time coming off of the paxil and I was very uncomfortable on it. The mental benefit was not worth the physical detriment.;negative
2822;"Take 300 mg wellbutrin xr daily in morning, eat healthy whole foods, exercise-outdoors as much as possible, prayer; meditation, yoga, get rest, restructure negative beliefs into positive beliefs-cognitive & spiritual approaches";positive
813;"1/2 of a 10 mg pill as needed. Purposely would take it sparingly due to any addictive issues. Some doctors believe it is truly addictive; others not so. But I believe in as few drugs as possible in my life. I am also very afraid of any type of addiction. Therefore, I opt to split the pill in half and only take it 2-3 times a week.";positive
665;The dermatologist would see me every other week for and check my cystic acne. The medical tech. person would first check me and ask questions regarding any changes in what I was doing and how the medication was working and if there were any side effects. The dermatologist would then come into the room and check my cystic acne. The dermatologist would then ask if I was doing anything different and then would ask if I was taking my medication and ask if I was on any other medications. He wouild ask if there were any bad side effects to the medication and then would give me another prescription for another round of medication treatment. This would go on for about one year of visits and prescriptions. There was not any change in the cystic acne of any great degree.;negative
1043;I had began taking 20mg of Vyvanse for three months and was surprised to find that such a small dose affected my mood so effectively. When it came to school work though I found that I needed the 30mg to increase my level of focus (and have been on it for a month since). I had not experienced decreased appetite until about a month into taking the 20mg. I find that the greatest benefit of Vyvanse for me is that it tends to stabalize my mood on a daily basis and lessens any bouts of anxiety and depression that i used to face before I was perscribed.;positive
3841;Take with a large glass of water (i must say I did not notice this instruction until now). Take 1 tablet daily (with food) when required to relieve pain and inflammation. Swallow whole. Do not crush or chew.;positive
56;I was to take it at bedtime to help my sleep due to the pain and spasms in my lower back and upper thigh muscles. I could only take.5mg or it made me too sleepy during the day.;positive
2485;Taking before bed to help depression. Coming off the drug I felt awesome. Within a few days my energy returned as did my interest in my girlfriend. This drug was total crap. I'm now taking temazepam to help with sleeping and that is working pretty good most nights, no side effects.;negative
1673;I bought a 24-count box and took two as recommended each day. 2 days later having felt nothing, I took 4 for 2 days. Again 2 days later I still had not received any relief, so I took the entire box. Absolutely nothing happened. This was the name brand drug, not a generic.;negative
402;Have had chronically dry eyes for years. Regular eye drops helped temporarily (but blurred vision). Also had Herrick plugs, which seemded to help for awhile. Then doc finally recommended Restasis, and eyes have become much less dry. Very pleased with the results of the treatment.;positive
2317;I took the pills for around two years then heard on the news that many anti-depressants were no more effective than placebo. I decided to stop taking them, I weaned myself off over a few weeks. After this time I was a new person, the world felt real again, I was no longer plodding through life in a daze, I was so much happier, the things I used to enjoy I started to enjoy again. I am extremely angry that I cannot get back those years that I was taking various anti-depressants that turned me into a zombie who did not care about anything or anyone. I understand everyone is different and these may work for some people, but for me these drugs ruined my life, if you are taking them you could be missing out on so much, please consider whether they are doing more harm than good!;negative
3511;Was prescribed this drug in a 5% solution by my dermatologist when suffering from Alopecia Androgenetica. He advised to apply a 1 ml dose twice daily.;positive
876;To help me thru the early stages of the grief process in stroke recovery, which I guess it did, my emtotions were volatile at times, very hard time emotionally for a bit. But I hated the numb feeling it gave me and worried me how I would react (if it would be too slow) if my kids had some sort of emergency..they were 5 and 6th grade at the time.;negative
3627;After washing my face and allowing it to dry, I apply the Retin-A in small amounts over my cheeks, nose, chin, and forehead. I use it every night, except when my skin is peeling too much from use. Then I either switch to every other night, or put a moisturizer on first (incidentally, my dermatologist said the Retin-A should be put on first, under the moisturizer). I rarely ever get pimples in the areas I use the product. Even though there are some side effects, the benefits outweigh that.;positive
2179;"Patient had severe insomnia. 45 years old, 5'7"", 90 lbs. Was given 5 mg Halcion nightly to sleep and it had little effect. Patient was able to sleep 1-2 hours. She doubled dose and it still did not able her to sleep any longer.";negative
2516;I started off with one 600 mg tablet 3X a day and am now down to 1 a day.;positive
2629;one injection and my life turned to hell as started to bloat like a milking cow,lost self esteem and fiance,lost friends,lost will to live,no sex drive,no self love;negative
2552;already described above. I do not believe in pharmacuticals for neurological disorders. Supplements can provide benefits, but the process is long and expensive. There is not standard cure for any central nervous condition. It takes time and reading and research, and taking a pill is only a short term solution. I had allergies and my homeopathic doctor cleared my pathways that were not getting nutrients to my brain. I am now dieting and staying away from gluten and lactose and processed food. I'm doing detoxing and find with all the natural changes I have increased energy and do not have to depend on drugs. Who know what the side effects are? I could have aged my liver.;negative
3125;Had abdominal surgery for diverticulitis, during procedure a hole was riped in the bowel. I was placed on a number of IV antibiotics, I was nausea the full 10 days in the hospital so 2 days before discharge they pt me on Reglan.;negative
599;Prescribed by my psychiatrist to use in various doses over several years of use to use for anxiety and panic, and in conjunction with Klonopin as an effective measure to reduce a mixed/manic episode of bipolar disorder in an acute situation, and also at a low-level dose every day to reduce the chance of episodes from occuring. Good tool in anger management as well.;positive
775;2 pills taken daily. Thank God I did not or I would be in the hospital.;negative
375;My neurologist that prescribed the med told me to see my primary gyn if symptoms are not gone a week after discontinuation. Isn't that nice! I live in a rural town and don't have an established gyn right now so it just is not a good situation. BEWARE!!!;negative
1722;I initially began using Retin A Micro all over my face and neck (avoiding eye area) every other night. My skin is fair and a little sensitive and it has tolerated it very well. Every other day I do get a slight peeling of my skin around my mouth, my chin and my nose. This peeling can easily be removed by sloughing off the peeling skin. The benefits of Retin A Micro are unlike any skin product you could buy over the counter, used in conjunction with an effective sunscreen.;positive
3350;I had High cholesterol and was considered to be at risk for heart attack. This drug was supposed to lower my cholesterol level which would reduce any heart plaque that might be building up in my arteries. I lowered my cholesterol somewhat but ultimately my diet did much more to change my counts.;negative
2698;I was prescribed it after a bladder infection, which was cleared up, lead to a pressure feeling in my bladder. I take the medicine once a day. I guess the medicine is slow releasing but once in a while I felt like I should take a dose earlier than prescribed. I am also scheduled for physical therapy on the muscles of my bladder wall, but have not started them yet. I did this kind of therapy 10 years ago when my bladder had this same pressure feeling and the therapy did help--I'm looking forward to starting it and hopefully getting off the medication.;positive
2571;I was up to five 2mg Xanax per day due to panic and was frequently having to take between 100 and 200mg of Tuinal every night just to sleep. Then, after ten years the miracle happened: I was prescribed Klonopin 2mg twice daily, with Xanax 1mg up to twice daily only if needed for panic. Clonazepam seems to be a nice adjuctive therapy for panic attacks and insomnia.;positive
1828;1 pill everyday at the same time. Even if in the first months you see that your acne is getting worse, dont stop taking it till the forth month.you will se the difference.;positive
2784;I take my asthma medications daily and will continue to do so for the rest of my life. The same is true for my seizure medication.;positive
2916;I have terrible pain in my hip and my gp gave me the tablets ro help but i only took 4 2 nights and gave up as the side effect are really extreme;negative
1932;Took medication along with rest and fluids. Used fever reducer, salt water gargles, and tea tinctures to aleviate symptoms and speed healing.;positive
3238;Nuvaring is a very easy to use method of birth control. Even though the instructions advise you to take the ring out for three weeks, and have a ring week free after, my OB/GYN recommended that I leave it in for four weeks and on the day the ring should go back in just put a new one in. I only have my period every three months on this method, and have not experienced any side effects.;positive
827;Once a day and that's it. Now do I get to get back into my reading;positive
735;Ambulance officers gave me pain relief and this settled my stomach of the knotting and cramping/pain. This also settled the feeling of doom. In emergency, after numerous examinations and questionning, abdo xray, I was given IV hydration x 2 litres and Ondansetron IV x 2 - 8 hours apart. I was observed in emergency overnight and went home the next morning with no side effects at all. Never will I take maxalon again!;negative
392;Hydrochlorothiazide was prescribed by my doctor as a first line treatment of my mild hypertension (140/90). In addition he recommended exercise, weight loss and dietary restriction of sodium. This drug did lower my blood pressure to 130/90 which he thought was satisfactory for now.;positive
2690;I take one pill per day and have been for the past five years. I am now following a new eating and exercise plan and have lost weight, so I may not have to continue with this medicine in the future.;positive
4088;After reading these reviews, I'm afraid of even starting this drug even with doctor's Rx. of t.5 mg daily. Occasionally very effective but below average I think. Why run tge risk of some of the horrible side effects, e.g. stomach surgery. No thanks. I'll take my prednisone!!;negative
2641;you get a 3 ml eye drop bottle & use 1-2 drops 2-3 x a day until it goes away. I still have half a bottle left.;positive
2688;I have been off this medication for 2 weeks. No more itching/swelling, ringing. I still have some fatigue, but not constantly and hope that I will continue to improve. While many people seem to take this drug without significant side effects, for some it is pure poison. Beware!;negative
929;you put one drop on the wand they provide you and aplly to the upper lash base line only once a night. Only once a day no need to put more than that. Only one drop too.;positive
1280;I do like the increased alertness and cognitive enhancement but not sure how Provigil is effecting my heart in the long term.;positive
601;The treatment plan was realy bad. Although i had gone from crazy back to normal again over an 8 day period i was then made to take the drug for another 9 and a half months there after. This drug should be used as needed e.g taken to stop being crazy, and then stopped once patient has returned to normal state NOT any longer! I was basicly druged up to the eye balls an lost almost a year of my life.;negative
3054;Seroquel was added to my medication regiment after two suicide attempts on Prozac alone. Once the Seroquel was added, I was able to feel calmer and the mood swings subsided as well.;negative
2003;My doctor did not mention any possible side effects, nor did he tell me it is a narcotic. Apparently, it is a drug of abuse. Also, nausea is a common side effect. I was only told that it was a pain killer that would alleviate my discomfort.;negative
2133;patient was to take one dose of concerta per day - earlier in the morning due to the time release effect. it was obvious while taking the medication that it was time release as each layer was released.;positive
2218;I had never been diagnosed with high blood pressure, but had recently gained several pounds because of the double round of steroids I was put on because of a severe skin rash (seasonal allergic reaction). Since we had recently moved I didn't have a PCP yet and the rash on my arms looked like it may have been getting infected, I went to a local emergent care center and saw a doctor there. They took my blood pressure and immediately put me on Benicar HCT, 20 mg, once a day. I took the medication as prescribed until the anal pain got to be too bad. Since going off the medication my BP is a little elevated but I'm reluctant to go back on any meds, especially no one seems to be willing to admit the Benicar caused this problem or is offering any solutions to help it get better.;negative
1350;I was started on 10mg and retested after 10 weeks. My LDL (bad cholesterol) dropped significantly, HDL rose slightly and triglyserides dropped slightly (they were already in the normal range before). My liver enzymes were high before taking Crestor but had returned to normal when retested after 10 weeks (I don't know if Crestor had anything to do with this or not). Blood sugar levels were normal before and after taking Crestor, but slightly lower after. I am due to be tested again before the end of this year and also have a Cardio Stress Test. After a new doctor reviewed my medical history, he suggested I have a stress test even though I still haven't experienced any symptoms of heart disease. All ECG results at rest have been normal.;positive
231;take one tablet once a day every day for the rest of my life. take one tablet once a day for the rest of my life. take one tablet a day before breakfast wait 30 minutes before eating. take with one glass of water seems to work beter if I take it in the morning before I have anything to eat and wait 30 minutes before having breakfast.;positive
3124;chronic ulcers - my tube that carries the food to the stomach had an opening the diameter of a pencil - the reglan was to help empty my stomach once the food finally got there - otherwise it would sit there because my stomach was tilted and the food couldn't drain easily and therefore the stomach acids would keep eating at the food and also the ulcers till they could never quit bleeding - 3 stomach surgeries later and no stomach left to cut away i am healed and need no medications not even mylanta or tums;negative
3327;I took the antibiotic twice daily on an empty stomach to treat grade 5 rosacea. Although I still get the odd pustule one week prior to menstruation, I do at least generally now have a clear complexion. My face is still rather rosie - most people think I look healthy! Sleep, or rather lack of it, seems to affect the condition too. Before taking the tablets I had at least half a dozen spots on each cheek all of the tim.;positive
1901;i first took zithromax for my sinuses but kept repeatedly throwing it up, so was prescribed doxycycline and decided the side effects were so bad i'd rather keep throwing up the zithromax.;negative
846;I started with 2.5 mg 3x a day and gradually increased the dosage, then to 5mg 3 x a day and now I am doing the best at 10 mg. 3 x a day. I will stay here at 30mg. total for the day. They say no more than 60mg. a day but I am happy with 30mg for now.;positive
3826;In association with a glycolic peel (60%) once each 15 days I had Glyquin XM every night for, at least, 3 months. I used Photoderm MAX tint cream FSP 100 during the day.;negative
244;My doctor added wellbutrin to my existing zoloft for treatment of my depression. By adding this my zoloft side effects went away and my depression lifted.;positive
746;I would do 2 sprays in each nostril once a day. It would take about 36 hours to start feeling the benefit and about 3 days to get the full benefit.;positive
3733;I was started at 300 mg and then reduced myself to 200 mg after six months. I took it at 200 mg for almost a year and a half. For the past four months I have been gradually tapering off this medication with great difficulty.;negative
1869;This was to treat an ear infection in both ears. The side effects from this medication were way worse than the ear infestion itself. It was extrememly scary to see how this medicine took hold of my 1 year old daughter's body. My son who is 2 was perscribed this medication on Friday due to a bronchial virus, he was also given a shot of antibiotics and given a cough suppressent. The augmenton did not give him the skin rash but he has a horrible diaper rash and it is extremely painful. He is not sleeping very well either and also has diarrhea. He was percribed the medicine on Friday and I didn't realize it was the same medication my daughter had two weeks ago. I will be calling my doctor this morning to explore other options of medication to get him better. This augmenton is bad for my babies. I hope it helps other people. The side effects have definately out weighed the benefits of helping my children heal. I am dissapointed. It is tough thinking you are giving your kids something that will help them and then they are in more pain than before you sought medical care.;negative
3823;You only need take two puffs in the morning, and another two puffs before going to bed. That's it!;positive
1384;2 pills once per day for ten days until finished. Take with food. Recommend having Yogurt after the required dosage to help your stomach and maintain friendly bacteria in the body to prevent issues with yeast overgrowth.;negative
1522;Prescribed about a month ago Recently diagnosed with Type 2 diabetes. Tried for the better part of three weeks. The side effects were mild at first, but intensified so much, I ended up in the ER. Stopped taking it two days ago and slowly regaining my strength.;negative
1103;started on normal effexor 150mg ,after taking others with no real effects.was not really happy as made me feel odd for couple of hours of taking so gp changed to modified release which found much better.Had to up the dose to 325mg before saw significant improvement but now on way down again and at 75 mg modified release once a day;positive
2591;Patient suffered acne for over 15 years and had been treated with various oral and topical medications. Oral medications included most typical antibiotics and Accutane. Results were less than ideal. D;positive
3274;I started taking 50 mg. of Zoloft for about a month while my doctor monitored me. And then he gradually increased the dosage.;positive
3056;I take one 100mg tablet about 2 hours before I go to bed (I have a slow metabolism). I allow about 30 minutes in the morning to wake up and be functional before I leave for work or school. I usually hit the snooze button about 3 times.;positive
4109;Chantix somehow seems to suppress the pleasure part of the brain. Before you realize it... you will have gone a whole day or maybe days/weeks without even thinking about a cigarette subconcsiously and when you do smoke a cigarette there is little to no euphoria or any other sensation for that matter, its just the taste of smoke and nicotine. I also found it suppressed my appetite and my desire to drink, as well.;positive
624;"when I was not able to sleep the pain would increase which would lead to a cycle of not being able to sleep as I could not relax..the meds would help me to sleep which would allow my body to relax - this in turn led to a decrease in my symptoms..though there were still times when this would not be effective, such as if I was under high levels of stress or could not get 8 hours of sleep..if the condition continued for to long, severe depression, weepiness and other symptoms would begin to appear - usually a week of prescription sleep aides would help ""re-set"" my system and we could get back to the original program.";positive
