id;text;rating;polarity;n_words;score
1749;Topamax 200mg in the morning and 300mg in the evening. I started at a low dose and worked up to the effective dose that stopped my tonic clonic seizures (generalized seizures). It took additional medications to reduce my complex partial seizures, which I continue to have on occasion.;7;;48;3
2717;"I took 25 to 50 mgs at bedtime for about 18 months. I took myself off of it because I was tired of the ""hangover"" effect. Since that time, the headaches are much less of a problem.";7;;37;3
3450;The treatment was to take 1 tablet orally 2 times a day for 5 days.;5;;15;3
1776;I am writing this having just been back to the GP's as I did not think it was working as well as it could do according to other reports. He raised me up to 40mg from an initial dose of 20mg. As you can see I have listed a lot of side effects, although to be honest these were not a problem and mostly gone by 10days of treatment. That is until I got raised to 40mg and now they are back with a vengeance. However, if it helps with the depression it will be worth it. I have my tablet with food as otherwise I get a dodgy stomach, but for some people they may need to take it without food for the same reason. Again, if it makes you tired, take on an evening, if it keeps you awake then take on the morning.;6;;146;3
532;I was to take this medication once a day. At one time the dosage was increased to 50mg but with the decrease in my libido and too much grogginess in the morning my dosage was reduced to 25mg. This seemed to do well in helping me to sleep better.;5;;49;3
2137;i started using 1 pill in the morning for a week, and then when i increase to 2 pills i had a bad allergic reaction to it , so i had to stop, but it did work for the time i was using it;4;;44;3
2902;I was taking 4mg tablets three times per day. one in morning, one in afternoon, one in the evening.;7;;19;3
3776;This may be covered in the treatment benefits section, The prescribed dosage was 500 mg (along with ciprofloxacin 500 mg) both twice daily for two weeks: however, by the sixth day the side effects were severe enough that the doctor told me to discontinue taking both the metronidazole and the ciprofloxacin.;6;;51;3
2037;I have had the endoscope one time and on two different occasions had the tube inserted into my nose to check the vocal chords to diagnose why I lose my voice. My regular every day treatment dose is one 40 mg pill, but have been told at two different times by two different doctors to double up on that for two months. I notice improvement but once regular dosage is resumed the symptoms usually flare up.;6;;76;3
3319;As mentioned above I was prescibed Dilantin to avoid seizures following brain surgery. I was given dilantin injections for a period of 3 weeks while in hospital and then it changed to taking oral dilantin (100mg 3 times daily)for a year. During the year I had one seizure after 6 months which happened on the night that I felt well enough to have some drinks with my friends for the first time since the operation. I didn't drink again for the following 6 months while on dilantin and did not have any more seizures. I stopped dilantin after 12 months and have had no seizures since;6;;106;3
667;"The doctor would prescribe Erythromycin for me every time I developed a sinus infection. (This had been going on since childhood). I would take a regimen of 4 tablets daily for a total of 7 days. I was also given Sudafed to help with the allergies I suffered from. Occassionally I was also given a saline solution to flush out my sinuses. The last time I was given this regimen however, I had an allergic reaction and began itching. I broke out in a rash within 45min. of taking the first dose. The doctor told us to ""keep an eye on it and if I had difficulty breathing or any other symptoms I was to rush to the ER."" Other wise he felt the symptoms to be within normal limits. I continued the regimen and was able to get rid of the infection but was given a different antibiotic the next time I got an infection.";6;;156;3
295;I've been taking 5 mg per day for a month and I felt it was losing effectiveness so incresed to 10 mg and been taking 3 month so far. I still have some what of problem before period and have more frequent urge to goto restroom than other people but I am able to hole and wait. It is much more controlable than I wasn't taking anything.;7;;67;3
3711;I take 200 mg lamictal once per day at night so that I am not affected by the drowsiness. Initially I started at 25mg and it was increased over time until I reached 200 mg in order to avoid side effects. It took time to experience the benefits. About 6 weeks.;7;;51;3
1088;My doctor prescribed due to depression and anxiety. As mentioned above, I felt so much better on the higher dose (75mg?)... but was unable to sleep at night for several weeks on this dose. Therefore, I began again at the lower (37.5mg) dose (after trying a few other antidrepressants). Overall, I am currently unhappy with the effects of the lower dose.;4;;61;3
3400;I've been taking finasteride generic (1-2 mg daily) for several years now, after taking Propecia for a number of years. It's definitely cheaper, and seems to work just as effectively.;7;;30;3
2683;1 pill every 12 hours,with 300mg labetalol every 12 hours and amlodipine 10 mg 1 per day. i have fatigue and muscle weekness the jury is still out,on why,it is now suggested i have a non alcoholic fatty liver,from a gallblader echo. I am very leary of taking any meds.for extra work for my liver.;4;;55;3
2933;Generally 20mg for 3 days then dropping 5mg per day every 3 days. Once at 5mg the dose is halved every three days. It should never be stopped suddenly.;6;;29;3
577;I started at 150mg and slowly went up by 150mg every time the side effects calmed down. Usually when I stopped tasting the metallic taste in my mouth I would increase the dose. I've been on toprimate 400mg for one year. Therapy with my psychiatrist twice per week (sometimes once per week due to scheduling conflicts).;7;;56;3
2701;I have been on Detrol LA for since being diagnosed with Multiple Sclerosis two years ago. I have a spastic bladder and urinate every two hours. I take 2mg twice a day. The medicine worked for about six months, then was virtually ineffective.;4;;43;3
3975;started out the first week with breaking 5mg in half. then after that been taking 5mg daily. B/P was never above 130 systolic and never above 90 diastolic. but was prescibed this because of the intermittent chest pain.;7;;38;3
3943;Take 20mg first thing in the morning about half an hour before breakfast, or before I have a meal I know will cause problems - Italian food, garlic, spicy, etc.;7;;30;3
3361;I am taking one 10 mg pill once a day for the past three years not only to lower my cholesterol level but also as a preventative medicine.;7;;28;3
3703;I was put on a 37.5 mg dose once daily for about a month before it was increased to 75 mg. While I was using this prescription, I had regular meetings with the psychiatrist who prescribed it to track my progress and I attended therapy sessions once a week.;7;;49;3
555;1 tablet once a day before food. I usually took it first thing in the morning. I also avoided any calcium supplements and dairy products for two hours afterwards.;7;;29;3
2750;I took a 120mg pill after any meal with fat (2-3 times daily). It seemed like over time, since my body was aborbing less calories i started to crave less. The only problem was that without modifying my diet, the weight came back after i quit taking the drug. It is also expensive, and although it does work I am not sure it is worth the high price.;7;;68;3
1099;I was prescribed to take one 20 mg dose two times a day. This seemed like to much at times, and so I would cut it in half.;5;;28;3
3337;Sinusitis diagnosed after 1 week of pressure headache and pussy nosebleeds. 1000mg per day for 7 days prescribed. Aggrivated IBS and caused severe nausea and bitterness in the mouth that disturbed sleep pattern. Also feeling of anxiety noted.;7;;38;3
361;"Pt was initially prescribed neurontin 300mg; one pill in the morning and one pill in the afternoom then two pills at bedtime. Patient then began to complain of increased pain in upper arms and shoulders after about two years total on the recently described dosages. The doctor then increased the dose, starting with 300mg, two pills in the morning, then one pill of same at noon and the two pills, 300mg each at bedtime for four days. After that it will be neurontin 300mg, two pills in the morning, then two pills at noon and two pills at bedtime. This regeme just began yesterday, so results of such are not yet observable.";7;;112;3
1474;I took 20 mg. 1x per day (in the morning) for the first week, gradually working up to 60mg. 1x per day. After 2 months, I am tapering down again. 60mg made me too drowsy.;5;;35;3
338;I take 600mg of Gabapentin three times day. It seems to be effective but I feel I need a hire dosage as the longer I take it the more I experience relapses.I first started out with 300mg three times a day but it was ineffective.;6;;45;3
349;Treatment Details: Take 1 Gaberpentin capsule (300MG) by mouth three times a day. Morning about breakfast time, Noon before lunch and night after dinner. 1 Unithroid Tab. (1000 MCG) before breakfast. Metformin (850MG) 2 times a day. Morning and night. FLOMAX (0.4 MG) at night after dinner. Aricept (10MG) tab at night after dinner.;4;;54;3
4065;i take 1x 7.5 tablet every other day plus omega 3/6/9 and halibut liver oil caps and walk as much as possible. I only resort to 1 tablet daily if knee is really bad. 15mg daily and i am pain free but i am not prepared to risk the side effects on an otherwise healthy body;6;;56;3
1276;Was prescribed 100 mg and could go up to 200 mg as needed. On a regular day 100 mg was sufficient. On long days or if I had activities schduled after work I would take another 100 mg tablet or I'd cut a tablet in half to take 50 mg rather than 100 . I made sure I didn't take anymore after about 6:00 pm or it would keep me awake at night.;7;;73;3
795;I take 1 pill everynight before bed as needed. Sometimes I could quit taking it when my sleep cycle was normal.;7;;21;3
1983;I have severe tension headaches on a every other day basis. Occasional swelling in the top of neck. if ibuprofen didnt do the job, fiorinal usually topped it off. but this medicine alone didnt do much for me. I was prescribed 1 to 2 pills every 6 hours when headaches occurs.;5;;51;3
2522;I had a bakterial prostatitis in the winter (likely from a combination of psychological and personal stress, bike riding in very cold conditions). But also before the bacterial prostatitis I had a very sensitiv Prostate and often sensual problems. The first 12 days after diagnosis I had to take Doxycyclin antibioticum (tetracycline) and 600mg Ibuprofen two times a day. After the inicial 12 days I had to continue with Ibuprofen for about 5 weeks.;7;;74;3
1786;20mg once daily for 5 months, weaning self off over 1 month decreasing dosage until 10mg every two days then stopped;4;;21;3
2025;Take the protonix one time daily with 1 tab naproxen. Also take another tab of naproxen 12 hours later.;7;;19;3
810;I have had insomnia for as long as I can remember, as it is a symptom of my illness. I usually go to bed around 7 AM if at all, and I don't mind it usually, except when I have responsibilities the next day and I am unable to fulfill obligations due to exhaustion. The first few times I tried Ambien, my doctor prescribed me Ambien CR which is extended-release.. I was taking the 12.5 milligrams. This medication gave me extremely bad headaches and didn't really affect my sleeping pattern. I went back and asked her to prescribe me another dosage, and she gave me the lower 10 mg dosage, not extended release. This dosage makes me feel very groggy at night, and a little drugged out. I have noticed dependency issues developing with it, even in my short time taking it.;7;;142;3
1203;I was suppose to take 20mg daily for treatment of depression, it helped my depression but i often felt manic and 'not myself';6;;23;3
2785;She takes 3 pills in the morning upon waking and 2 pills at night before going to bed. She was taking 1 Klonopin pill but is now taking Lamictal and is gradually increasing the dosage. Her neurologist is weaning her off of Keppra and gradually moving her to Lamictal.;5;;49;3
1436;Began at 75 MCG and they lowered my dose to 50 MCG and the fatigue/sleepy/brain fog symptoms got better (I did not fall asleep in public again) but I was still more tired and foggy than I was before I began taking the medication. I took the medication in textbook form--first thing in the morning and did not eat for 4 hours. Finally, the doctor gave me permission to stop taking because I was afraid the physical symptoms were going to negatively impact my job. Had my blood checked last week after one month off the medication and numbers showed I was back in hypothyroidism. Doctor is mystified at my symptoms, which for the most part seem to be the opposite of what they should have been on the medication. He prescribed me Armour today and I am scheduled to go back in 6 weeks to have my blood checked. I am a healthy, 36 year old female. I exercise regularly and attempt a healthy diet. We'll see if this works better for me.;4;;174;3
1795;I take it once a day at 20mg per pill. I do better on it now then I do without it. So I will keep my fingers crossd and hope the sleepness goes away.;7;;34;3
3879;L-Thyroxine was supposed to increase the low production of thyroid hormones, which was a result of hypothyroidism, as well as to help lower the number of antithyroid antibodies (which indicate the autoimmune disease that may be damaging the thyroid gland). Levothyroxine (25 mcg)was taken 30 60 minutes before breakfast daily, for almolst 2 years. The doctor told me, that i should take it as long as i live. However, the levels of thyroid hormones have changed dramatically when i stopped taking l-thyroxine, they were in absolutely normal range, which showed, that i do not need to be on l-thyroxine anymore.;4;;100;3
440;0.5mg taken 5 x per week in the morning. Started taking avodart but then moved onto generic ('Dutas') with no change in effectiveness.;7;;23;3
712;treatment began with two 40mg tablets twice a day, but was reduced to once a day after the first month due to extremely dry skin. When sexual side effects began in month 2, my dermatologist suggested using a personal lubricant during sex (which was never needed before treatment began) and that the problem would clear up once I was finished with the treatment. I began the treatment in Febuary 2007 and finished September 2007. The problem with dry skin cleared up rapidly, but I continue to struggle with the sexual side effects (as of June 2008). I have been treating the vaginal dryness with an over the counter product called Replens since January 2008 and this has helped considerably, but it causes constant vaginal discharge. I am now able to have sex about once ever 2-4 weeks, but have yet to experience a vaginal orgasm.;5;;145;3
1759;i started off taking 25mg in the evening for 2 weeks then 25mg in the morning and evening for 2weeks. this then got increased to 75mg and then 100mg;6;;29;3
1565;I was given Loritab to help stop the pain in my back and running down my left leg. I was to take it every 6 hours or as needed, which ended up using it round the clock the pain was so bad. The Doctors also gave me 600mg of Ibuprophin to take with the Loritab. It helped at fist but the end effects to my body I feel in some ways not worth taking the medication, but it it's defense it did help me get a handle on the pain so I could get off the drug;7;;97;3
1850;Augmentin was administered at a dosage of 500 mg to be taken two times a day. Total treatment time was to be 10 days, but within 24 hours, the side effects of the antibiotic were so intolerable that, after 3 days, the drug was terminated and a different antibiotic was administered.;4;;51;3
3488;Diazepam : 1/3 of 1 pill whenever i'm feeling stressed,mood swings, felt BY- POLAR Non moody after taking 1/3 of 1 pill, calm and relaxed. Never feeling sexual aroused anymore since taking the pills though. Not once since taking the pill. Not wanting partner to try anything sexual, I'm just turned off. Have no idea why but i definitely know it's those pills.;5;;63;3
1264;I took 1 tablet every morning. 100 mg. It was important to take it in the morning. If I took it at night, I would be up all night.;7;;29;3
1554;I take one 15mg dose of methotrexate once a week along with sulphasalazine and naproxen to reduce activity of my very active rheumatoid arthritis. The pain and inflammation is still there but has reduced slightly. I also take Bendroflumethazide to reduce high blood pressure taken on a daily basis. I have researched on the internet and found I need to increase my daily intake of water/fluids. This has never been mentioned in the contraindications or by my GP. I understand the reason for increasing fluid intake is because the medication I take is cytoxic and I need to keep my kidneys and liver flushed as much as possible, which is why patients who take methotrexate and sulphasalazine have monthly blood tests.;6;;121;3
2824;Prescribed at 300 mg per day, have taken as much 450 mg per day. I like this drug because it has few side effects.;7;;24;3
3393;Prescribed Coumadin after DVT and PE stay (with IV heparin first) for six months. Weekly blood tests until INR levels stabilized, then biweekly. One 5 mg pill taken daily with warnings to watch food, drug and supplement intake.;5;;38;3
2586;I TAKE ONE ACTOS 15 MG IN THE MORNING. HAVE BLOOD TESTS DONE EVERY 3 MONTHS TO CHECK MY KIDNEYS, GLUCOSE LEVEL, CHILESTEROL, ETC. ALSO HAVE MY EYES CHECK EVERY 12 MONTHS, AND MY FEET AS WELL.;7;;37;3
3948;40mg a day of Prilosec were prescribed to me after I complained to my doctor of chronic heartburn symptoms. I began taking it that day, and once every morning there after. Heartburn symptoms began to subside after 2-3 days of taking it. Mild side effects after about a week. The most noticeable and bothersome side effect (constipation) began after about 9 days of treatment. After putting up with it for a week I went to my doctor. He prescribed a mild laxative and suggested I stay on the Prilosec for at least 2 months to get the drugs full benefits. I did, but the constipation was still there (laxatives helped some). The doctor switched me to Nexium, which worked just as well and without the constipation.;4;;126;3
2854;treatment for bronchitis, doctor prescribed albuterol 2 puffs q 4-6 hours daily to clear airways for breathing better.;7;;18;3
1200;Began taking 20 mg daily then increased it to 40 after 3 months. Might help more if I were to go to some type of counseling, which I have not.;7;;30;3
3266;50 mg per day, in the mornings. Total duration of the treatment: 3 years. During the treatment course, attempts were made to titrate the dosage to 100 mg per day, but I couldn`t tolerate it.;4;;35;3
1160;I was prescribes 4 mg zofran to take 4 times per day for relief of nausea and vomiting which was most likely due to vertigo. I had a decrease in the nausea symptoms after the first dose, and had total relief after about 3 doses. i did experience a mile headache, which I believe is common for this drug;5;;59;3
1138;I began recieving Methadone when I was 21 years old. I started seeing a pschiatrist because I needed help for pain pill addiction. I began getting prescriptions for hydrocodone when I was 19. I have an abnormality in my lower back which causes me severe pain. I began taking more than I was supposed to for the pain and was taking anywhere from 20 to 30 pain pills a day. So I knew I needed help. That's when my doctor gave me Methadone. He gave me 60mg a day but I usually only took 40mg depending on what I needed. Over the years I have weaned myself down to 20mg a day and everyone even my doctor says to me that I should be able to come off of these pills easily but no one understands the physical and psychological symptoms I go through. It's so hard to just stop taking them when I have became so depended on them in my daily life. I have four kids and with out them I feel like a different person and it takes everything in me to get out of bed and take care of my kids. Is it in my head? I don't know but either way, in a lot of ways it helped me but in a lot of ways it ruined my life. I don't want to be addicted to a pill for the rest of my life. Now my doctor has stopped giving them to me because he feels that I can come off them easily at such a low dose but what does he know he does not understand what it feels like. I am at such a downfall in my life, I have to buy them now just to feel normal every day. I feel like if these doctors give them to me then they should help me with the withdrawals ao I can get off them. I still need help after all these yesrs. I don't have a car to drive to a methadone clinic everyday and no one to help me. So what are people like me to do?;6;;355;3
370;I started out with 25mg and moved quickly up to 200mg per day. I increased to 250mg but found no benefit so I dropped back down 200mg. If I didn't have the sweating side effect I would DEFINITELY continue to take this drug.;7;;43;3
2918;after breakfast i would take 2 tablets then another two after lunch and another two about an hour before bed. If i had a migraine then i would take 2 tablets 4 times a day;5;;35;3
1236;I take 3 capsules once daily in a single dose. Have done split dose method 2 times per day with no increase or decrease in product action. Vitamins Beta Carratine, Vitamin E, Vitamin D, Alpha Lipic Acid, Coq10, Glutathione and Chromium Piccalate are also used as supplements;7;;47;3
464;Doctor prescribed this for me as I had a tooth abscess of a few weeks duration. I had previously been prescribed Ampicillin 500mg 3 times a day for it, this resulted in a lessening of the abscess for a few days and then its return as bad as ever. Started taking the Flagyl and it made me feel lousy. Nauseous, vomiting, feeling as if I had the flu. Discovered that the side effects lessened if I ate something substantial (especially dairy products) before taking it. I was determined to persevere to get rid of the abscess. This did not begin to subside until the fourth day of treatment, but it did go completely by the seventh day and has not returned. This was one month ago. It is an effective drug, but very unpleasant to take.;5;;136;3
3295;My primary care physician prescribed counseling and the antidepressant, Zoloft. The plan was to take the medication for three to six months until I felt I was back on track and could maintain a functional lifestyle without it. I started with 25 mg every other day for five days, then 25 mg a day for one week, followed by 50 mg a day every day thereafter. I began therapy with a psychologist once a week where I was diagnosed with PTSD. Strangely enough, I found the counseling to do more harm than good in this case partially because it made me see my childhood for what it really was. I did not find that to be helpful at the time. Had I not been on anti-depressants before I went to counseling, I would have needed it afterward to deal with the emotional blows that I had to face and could no longer ignore that drove me into depression in the first place.;7;;162;3
923;20 mg a day from day 1 for 8 years. Quit 2 years ago. Started Paxil again Feb 2010 at 10 mg per day for 1 week, 20 mg per day for 4 months and back to 10 mg per day. Quitting with slow withdrawal presently. Now taking 10 mg every other day for past 6 wks. Starting to feel more alive and less sexual side effects.;7;;67;3
1127;I take one 60mg pill daily which can be taken anytime of the day, with or without food.;5;;18;3
1185;I took Prozac once a day in the morning with my other medications. At first my depression was under control but after about 5 years the depression began to become more intense. I was then placed on Wellbutrin with Prozac and my depression soon was improving. However, I started noticing hand shakes which progressively got worse. So after 2 years of Prozac and Wellbutrin I was told to stop Prozac. Within 6 months the shaking/tremors subsided and my depression is now fine by taking only Wellbutrin (150 mg/day);7;;88;3
3825;Take 500 mg of Valproic Acid before bed, daily, and 375 mg at breakfast, daily. This dose was titrated up slowly and eventually stopped at this level. Blood work is done to check the blood trough level. We are instructed to contact the physician should the seizure pattern change.;6;;49;3
2931;i took 300 mg. twice a day and also used an inhaler regularly. i assumed it was as good as it gets. my new asthma specialist determined i had suffered some loss of lung function as the asthma had not been controlled as well as it could have been. i had to have regular blood work to determine the levels were right.;5;;62;3
1756;I took 25 mg for two weeks at night, then 50 mg for the next two weeks, then 75 mg for the next two then I went down to 50 mg for three days then to 25 mg for three days and I have discontinued the medication.;4;;47;3
3720;I take 100 MG of Lamictal orally, twice a day. Generally, I take the first pill when I wake up in the morning, and I take the second pill with dinner.;7;;31;3
3347;the prescribed lipitor was taken for cholesterol for 12 months at 30mg per day once eye irritaition started stopped taking the liptor and the irritation stopped started taking lipitor again and eye irritation returned;5;;34;3
150;Took four 250 mg pills at once, so 1,000 mgs all together. Quite a hefty dose on my stomach but it worked.;7;;22;3
62;Doctor prescribed 1 Pill every 8 hours. I've taken only 1 so far, as I woke up this morning with extreme discomfort as described above.;7;;25;3
1374;I took 500mg every 12 hours for 14 days and i was given a script for Tylenol w/ codeine for the sinus headaches. I was also given a saline wash to wash out my nasal cavity;7;;36;3
1193;After being assessed by a psychiaterist using differnt scales for depression, the patient was diagnozed with moderate to severe deprssion. The patient was then commenced on Prozac 20mg daily which was then to go up to 20mg daily. some side effecteds were reported during the firt two weeks, but they gradually wore off to minimum. The patient was on the medication for 2 years. The results were an improved mood, changed( positive outlook to life) and improved motivation and apetite;7;;80;3
1208;I am a recovering alcohol and drug user, and have A.D.D. and severe Depression, as well as possible undiagnosed Oppositional Defiant Disorder. I was taking Imipramine 100 mg. before bed and 20 mg. XR in the morning and 10 mg. in the afternoon before a hospitalization. I was switched to Prozac from the Imipramine, and given Trazadone to help sleep. I am also on an upward increase in dose of Strattera, because my A.D.D. has gotten very bad on the Prozac and off the Imipramine, but have a better mood and increased social ability.;7;;94;3
2915;100mg twice daily seems to work well for myself however if you can get away with taking co codamol i would recomend this first. co codamol worked wonders for me for the first 3 months however i soon built up a very high tolerance and was taking 60mg of codiene 4 times a day to get any effect hence the change to tramadol.;6;;63;3
695;I was started off with a .5 mg dosage once a day then after two weeks twice a day then after that I was bumped up to 1.0 mg twice a day until 6 months of treatment was completed;4;;39;3
2287;10 mg of Lexapro (daily) was prescribed. It was taken every day for nearly two years, in conjunction with check-ups with the prescribing psychiatrist every six months. (The psychiatrist determined that the anxiety was due to a chemical imbalance and not situational. Therefore, regular visits and/or therapy were not necessary.) After two years on the medication, treatment ended due to inability to tolerate the side effects noted above. During the weening process, severe dizziness occurred. The only way to alleviate the dizziness was to take a Lexapro pill. As the weening continued, dizziness occurred less often and longer periods of time elapsed before it was necessary to take another pill. Eventually, the dizziness ceased completely.;7;;115;3
2515;I took approximately 50 mg. of Motrin 2 to 4 times daily during the heaviest days of my mentrsual flow.;6;;20;3
579;"I was prescribed acyclovir for an initial diagnosis of HSV 2. Initially one is supposed to take it 400mg 3x daily for 10 days. I then chose to continue taking acyclovir as part of a ""suppressive therapy"" regimen. At this time the dosing decreased to 400mg 2x daily.";7;;48;3
407;I insert 1 drop of Restasis in each eye morning and evening. In between I use preservative free artificial tears as needed.;6;;22;3
2529;The terbinafine was taken to eradicate nail fungus, which had aggressively attacked 2 toenails and was spreading to nearby digits. The terbinafine 250mg tablets were taken, 1 per day, for a little over 2 months. The first symptoms of the rash were noticed as slight, itchy redness on the skin around the chest and stomach area. These symptoms were noticed on 5/21, about 7 weeks into the treatment, but the condition not diagnosed as an allergic reaction until 6/10. By that time it had spread to 70% of the body, on the torso, back, and legs. The diagnosing physician suspected the terbinafine, and the patient immediately stopped taking the drug. Assessment of the original condition (toenail fungus) was that the terbinafine had already successfully resolved it.;5;;126;3
3403;The treatment details were the oral intake of finasteride. I obtained it in the 5mg form known as proscar. I would cut the tablet in half to get a 2.5mg dosage. I took 2.5mg of finasteride every day at night before i went to sleep. If i missed a dosage i waited for the next day to take the next dosage. Taking the whole 5mg dosage per day in my opinion would be to high a dosage. The side effects would increase.;7;;82;3
3894;The amoxicillin was given in 500mg pill form 3 times daily for one week. It was inconvenient to have to take the medicine every 8 hours, but the physician recommended this time frame in order to keep the blood levels at a helpful level. It meant having to wake up in the middle of the night to take it.;6;;59;3
274;The new treatment schedule started with 50 qam for 1 week. Decrease to 40 mg for a week, and then slowly keep decreasing by 5 mg daily, for a week at a time, until finished. Usually takes about a month. I only needed to take prednisone about once a year when flare-ups occurred. Remission periods between flareups became further and further apart as I became older, often years, so I am no longer osteopenic as a result.;6;;77;3
3752;Dermatologist prescribed Spironolactone for female Androgenetic hair loss. 100 mg per day. It has been somewhat effective in slowing down hair loss but has not completely stopped the excess shedding.;5;;30;3
199;Started with Celexa to treat anxiety/depression, then was diagnosed with adult ADHD, and started on Adderall. Abused Adderall for about a year (sometimes taking up to 120mg per day), but eventually returned to 30 mg.;6;;35;3
4120;Take one 1 mg tablet two times per day. The first several days the dosage was one half until I worked my way up.;5;;24;3
1874;Took Doxylin 50 mg once daily for 3 months. Improved acne during that time. However after stopping treatment. Acne came back. Was also using oil-free based cleanser twice daily at the time. Avoided oily foods, ate heaps of fruit and veg.;6;;41;3
847;I seemed to metabolized the drug quickly. Onset was rapid and anxiety producing. The extended release did not work for me. I was tried on a variety of doses, from several small doses through out the day, with minimal effectiveness, to several higher doses per day, up to 20mg 3x a day in combination with Xanax to decrease the anxiety. I was not prescribed Xanax prior to the higher doses of Ritalin. That combination worked better than the previous, but I felt drugged out a lot. So my doctor put me on 20 mg at 6am, and noon, with a small 5-10mg dose in the evening, and Xanax only as needed. I learned to live with the anxiety and work around it. I planned my doses where the onset(1 hour) would occur when I was alone or in only with a small group of people. I had to plan everything around the Ritalin to survive with the anxiety, but it was very difficult. But it was the only way I could keep a job. Without the Ritalin I was unable to concentrate enough at work to remain employed. Eventually my doctor retired, and I went to a psychiatrist who has ADHD himself, and he prescribes Adderall, 20mg early morning and noon, and 10 mg mid afternoon. The sustained release doesn't work well overall for me. My focus isn't as strong as it was on Ritalin, but there is no problem with anxiety, and I don't need the Xanax.;6;;248;3
958;Started on 20 mg dose for 2 weeks, then increased to 40 mg. After 4 months the benefits decreased dramatically so switched to another drug, bupropion, but still taking 20 mg of fluoxetine daily.;6;;34;3
1547;took 10 mg every 3 hours for a total dose of 30 mg/wk. Initially started with 15 mg/wk but became tolerant and had to move up to 30 mg/wk;6;;29;3
3028;Prescribed to be taken nightly as needed. Originally prescribed 20 mg, increasing to 40 mg, and potentially increasing to 60 mg if needed for a 135 lb woman. Intended to be taken for a few months, but due to grogginess and difficulty focusing, stopped using it after 3 weeks.;6;;49;3
4027;I took 2 pills, of 750 mg each of Glucophage XR, every day before going to sleep, during 1 year. Every 6 month sugar levels were controlled by a blood sample. Now i have been prescribed Cabergoline for 1 month.;7;;40;3
1269;Took 100mg each day in the morning, sometimes if drowsy another 100mg mid-day for cronic fatigue.;6;;16;3
2175;Started on Zyrtec after Claritin was ineffective and Allegra caused arrhythmias. Combined with nasal steroid spray for very effective relief of allergies. Cut dose to 5 mg daily to reduce brain fog/fatigue issue - this works most of the time, ezcept on high mold spore or pollen days.;7;;48;3
1783;I started with the 20mg dosage and it seemed to be working pretty well until about a month in when I had a bad anxiety attack. After seeing the doctor, she upped me to 40mg. After one dosage of 40mg, I nearly passed out twice and started profusely sweating. My hearing also went all funny. The doctor advised me to drop back down to 20mg and then try to go back up to the 40mg. Emotionally, I felt better after the 40mg, even after nearly fainting, but the side effects were very bad.;7;;93;3
872;Initially I was only prescriped paxil and xanax. I took only these for a few months under my PMD. Dose was increased from a lower one to 20mg as my depression and anxiety symptoms were still moderately severe, impairing my work performace and other quality of life. Withing a few months I was referred to a psychiatrist for med mgmt. After less than 6 months, Wellbutrin was added to the cocktail at a dose of 150mg, then increased to 300mg XL once daily. Ambien was also presccribed as my symptoms did not allow me to fall asleep. Life greatly improved within the next 8 months to a year. I weaned off the ambien and xanax completely. Still take the paxil and wellbutrin at the same doses. Also had counseling during all of this time.;7;;134;3
4087;Physical therapy twice a week. Doctor every two weeks. Suppose to take 1-2 Mobic everyday for pain. 1-3 Flexiril a day to relax tense muscles. I take Flexiril at night because it knocks me out. But have only needed it the first two days of treatment.;6;;46;2
3937;I was advised to take the drug in the evenings and it was easy to incorporate the drug into my daily regimea;7;;22;2
3397;Proscar was cut into 4 pieces and 1.25 mg were taken daily for over 2 years. There was immediate cessation of loss and moderate amounts of regrowth. Return to baseline, and then drastic fall below baseline, was observed in the year subsequent to drug initiation.;7;;45;2
504;Begginng dose: 25 mg for 1.5 yr.(may 08 to dec 09). Dec 09: want 2 have bbs..so I talked 2 my Doc and I start with 12.5 this week (dec 7, 09). To end the process. If I can turn back time..OMG..I used alternative treatments..no drugs..;5;;46;2
2161;Allergies are very common in Oklahoma because of the ragweed. Different medicines prescribed and over the counter were tried. At one point, I had to visit the doctor every six months two get a B12 shot and a steroid shot. I was not pleased with the such frequent visits to the doctor's office but needed a treat for my new found allergies that were really affecting my work and family life. I began taking 1 tsp onf Zyrtec once per day. The drug proved to work.;5;;86;2
3680;Taken once a day (until up to 150 mg/day and then taken twice a day). Always in the morning, as would help with insomnia.;7;;24;2
564;if i took it in the mornings with a meal. sometimes ,not all time my blood pressure did not lower like it should,so i took it at night, with a bigger meal.that seem to help, because during the day i seem to have a problem but not as often.;7;;49;2
2813;I switched from Zoloft to Wellbutrin because it seemed like Zoloft was increasing my appetite a lot. I originally was treated with Zoloft for a severe episode of depression. After switching to Wellbutrin and taking it for a few months I continued to experience the original relief I had gotten from depression by taking Zoloft. It is possible however that I no longer needed anti-depressants. I stopped taking Wellbutrin b/c while taking it, a few times a day I would feel pretty strange physically for a few moments. I found this frightening so I didn't want to continue taking it.;4;;100;2
3637;I initially applied a thumbnail size dab every other evening as advised before bedtime and then after about two weeks I began applying it daily. The medication was too harsh.;5;;30;2
3189;I must take it daily and can not just quit suddenly. I must phase off if necessary.;7;;17;2
1703;Use once daily at nighe before bed on problem area and any part of face for anti aging.;5;;18;2
2771;At bedtime, wash face with mild cleanser. Apply duac gel (pea size), follow with anti-aging over-the-counter moisturizing cream. Wash again in the morning (or else the Duac will bleach clothing), follow with SPF 30 moisturizer, and makeup as needed. Acne lesions which are dry and crusty were treated with a dab of topical neosporin ointment to speed healing.;6;;58;2
2423;I take BP medicine 1 time per day each day. I take at night due to issues with drowsiness. Thyroid medicine is taken 1 time per day in the morning. MD recommended Synthroid rather than generic form;7;;37;2
4100;prescribe to take two times per day. found once per day was effective and still had significant side effects. cannot imagine the effects with twice the dose. Supposed to take for 3 months but discontinued after 14 days due to side effects and not really needing medication anymore. still smoke free.;7;;51;2
2394;"Although this drug did alleviate my hair loss it only lessened my depression, exhaustion, and weight gain. I still have difficulty with concentration and memory and experience ""brain fog"" every day. My endocrinologist says my dose is perfect based on my blood test results but my symptoms persist.";5;;48;2
3249;I went to my doctor to complain about the yeast infections. It seemed like every time I inserted a new NuvaRing, I got a yeast infection. She told me to use Monistat, and see if that works. It worked for a week, but then I developed another yeast infection. I went back to my doctor/gyno. She prescribed me Diflucan, an antifungal pill taken by mouth. I was to take 1 pill every time I started a new ring. I still had yeast infections. My doctor then advised me to take the Diflucan every other day for 3 days after starting a new ring. No improvement. She then prescribed me a vaginal cream containing steroids and an anti-inflammatory. I gave up - the next time I went to the doctor, I had her prescribe me a new birth control. I'm back on the pill, Loeastrin24FE. Haven't had a yeast infection since the switch off the nuvaring.;4;;155;2
2632;I received the shot once every three months for a total of a year. The side effects outweigh the benefits in my opinion. I don't plan on taking this drug in the future, or recommending it to anybody else. I am definitely doing more research before I take another birth control again.;5;;52;2
3376;Treatment was simple: take on tablet daily at bedtime. The drug was (and did) to help reduce my overall cholesterol numbers.;6;;21;2
308;I was asked by the prescribing doctor to apply the ointment once a day to the affected areas (the back of both of my hands). This was the entire process and I was to report back to him within a period of approximately six months. This was a rather experimental treatment. I applied the product as instructed but did not notice any repigmentation during the time I applied it (around 3 months). I subsequently was advised by the doctor that I needed to continue the application, for a total period of at least six months;5;;95;2
948;I use this cream as little as possible - only when I have a serious flare-up of the eczema. When I do use the cream I apply a reasonable amount to the skin - just enough to makae sure some cream comes in contact with all of the inflamed area. I use the cream once or twice a day during the flare up. Once I notice the inflammation is going down I stop using it- and teh skin finishes healing up on its own without further nedication. I rinse the cream off my hands after applying becaue it is not helpful to treat eczema on my hands anymore.;6;;108;2
516;I already have a low heart rate, so an hour after taking it I always take 200mg caffeine + 2 Primatene tablets (25mg Ephedrine HCL) to raise heartbeat while the Atenolol stabilizes it. The Ephedrine also helps to counteract sleepiness and depressed mood Atenolol causes in my system. I was going to quit taking it but over 2 months I have slowly experienced an increase in my health, before I was almost bed-ridden, now I can get up and walk around for extended periods of time. I originally had a bad case of Mono a few years back and it still showed in my system, he said it probably caused a bad case of Chronic Fatigue but it is not considered a real medical condition, so he wrote me a script for Atenolol after my EKG. They took 6 EKG's that read no heartbeat and the 7th read a supposedly impossible wave, I did every test from two separate doctors, they have no idea what it is.;4;;167;2
4082;I am supposed to take the tablet once a day, however due to how tired I get for the entire next day, I only take as needed. I did not figure out the problem with this drug until my son had to take it for something and he was totally wiped out as well. So, I really try to use as little as possible, even though I have a permanent prescription for it.;4;;73;2
3583;The treatment is to improve the skin texture,complexion by constantly going for peels and derma-rollers once in 15days.The above mentioned medicine is prescribed to be used through out the treatment period.;7;;31;2
3562;after washing face at night i applied a thin layer over entire face every second night and washed it off in the morining;7;;23;2
2608;I woke up every morning a took 1 20mg tab with a full glass of water. Then, throughout the day I would have to make myself drink water and eat. I had lost all desire to eat or drink until around 8 or 9pm that day. I would have obsessive thoughts and couldn't stop working on something until it was finished. This meant even if I really needed to stop and do something else I couldn't. I called my doctor and explained this and he switched me to adderall 10mg without extended release. This has been much better. However, I still have some obsessive behavor. I have never been dx or tx for OCD.;4;;114;2
118;Took one pill per day at the same time everyday. It does and will stain things so be careful of the blue dye.;6;;23;2
1929;the treatment was 1 pill a day for 4 days - first day 2 pills. The pills were easy to take and remember;5;;23;2
3423;used from a tube mainly at night. Used a pea size amount on each hand and one pea size amount on the face. Used over the lip line and on fine lines under the eye.;6;;35;2
3428;I applied a pea-sized amount of Tazorac cream once a night before bed, starting in my freshmen year in high school. I've been using Tazorac ever since (five years or so) because of the positive skin effects it's supposed to have.;6;;41;2
3069;Take for pain, 2 pills every 3-4 hours, no more than 8 in 24 hours.;7;;15;2
182;I started with low dose with 5 mg dialy, gradually increased upto 20 mg. Did not hv satisfactory results but my psychiatrist did not feel comfortable to increase the dose due to serious drug abuse potential though I absolutely hv never tried as illicit drugs including the most commonly used MJ and alcohol.;4;;53;2
418;used as needed no healing- just treatment the medicine was very effective at treating headaches as needed but provided no preventative help still had them just as frequently but was able to rid myself of them;7;;36;2
1134;"When i first started going to the methadone clinic, i had to go there withdrawing. I had to take a physical and a drug test when i started. You can fail the first test, because they know you would have drugs in your system. I had to pay $154 when i first started and i pay almost $400 a month, which equals out to be $13.50 a day. I get drug tested every month and i have passed so many that i get ""take homes"". I only have to go there once a month now and i have to see my counslor for an hour each month and get drug tested. I get called in for random drug testing. I have to bring my bottles in so they will know that they are ""straight"" so they know i am not selling them. They do that to everyone. I have been there for seven years now and i am 26 years old. WHen i first started, i had to drive 1 1/2 hours a day for seven days a week for three months and then i got one take home. after three months of passing drug tests: 1 take home 6 months: 3 take homes one year: 5 take homes 1 1/2 years: a weeks worth 2 years: 2 weeks worth 2 1/2 years: a months worth.... I had to drive so much where there isn't many clinics in the states and i had to drive that far just to get to mine. I have been doing good and being strong. I just wish i would have lowered myself down after about 6 months. So now i am addicted to methadone. It is just legal and cheaper for me then pills and i know i get it everyday. I hope i helped. Thanks. :)";7;;303;2
1294;The drug was prescribed by a Cardiologist and was effective, however the side effects were considerable. After approximately one year the cholesterol LDL did drop and although this was positive, the side effects continued. After two years, the dosage was reduced to alternative days at the same daily dose. If the cholesterol level remains normal, with the adjustment of diet and exercise, the plan is to further reduce the drug over time.;5;;72;2
716;tok one tablet a day after lunch. a 10 mg tablet. Had side effects like chapped lips, dehydration, dry hands, peeling skin on finger tips. Also had to avoid being in the sunlight and apply a good moisurizer.;7;;38;2
900;paxil and wellbutrin taken once daily. initially also taken with xanax 0.25mg (1-2 tabs) and ambien for anxitety and sleep. weaned off xanax and ambien within one year. counseling once a week.;7;;32;2
2671;I definitely have to have synthroid, because once I stopped taking it, and I couldn't get out of bed I was so tired. I have not stopped the lisinopril, continue to take it with no side effects, except I wonder about the ear ringing.;5;;44;2
1681;Basically I had allergies and severe allergy seasonal cough. Doctor told me to try Claritin. I only took it once just to see if the drug would work. The drug did not work right away. As it is stated in the label, this drug takes time (perhaps about a week) in order to be effective. I ended up not taking anything. As soon as mid June came around, the allergies and cough that lasted about 3 months all went away.;7;;80;2
1432;I take one thyroid pill a day. I did originally take Synthyroid, but changed to the generic brand about 5 years ago to save on total costs. Since I have been on generic brands, the shape of the pill has changed. Also, so has the directions on taking it. Now I can hardly take it and have it be effective, because I have to take the pill on an empty stomach, with a full glass of water, in the morning, and I can't have anything that might interfere with its absorption for 4 hours -- such as food, vitamins, or any other medicine. So I do not know if it is effective or not, since I would have to try and take it in the middle of the night. I am not going to do that, so I take it at night before going to sleep --- without a full glass of water.;6;;153;2
1420;(1) pill in the morning with food or 8fl oz water..never took more than two..;7;;15;2
724;Told to use in morning and night all over face. This proved to be too much for my skin so I tried just at bedtime. Need to wait after washing face for skin to dry and settle. Was also suggested to try different face cream moisturiser and sunscreen during the day. Sunscreen a must. Also used some anti-wrinkle cream with retinoid...;5;;61;2
3928;I take it once daily on an empty stomach. I sometimes take an additional dose at night if I'm having problems, but that doesn't seem to do my any good.;7;;30;2
1575;twice daily.? also suggested to take as needed, but i noticed a huge shift in tolerance quite quickly and more and more would be needed to maintain effects...;6;;28;2
3778;I have yellow dicharge and after 3 attempts of swabs it finally came up as bv positive, was prescribed metronidazole 500 3 times a day;7;;25;2
3801;Took .25mg of Cabergoline 2 times per week for 6 weeks. During this time, the test was to see if time between orgasms decreased and if sexual desire remained. Test was successful.;6;;32;2
1964;good relief from pain . i take 100mg. at bed time it helps me sleep well but am tired in the am. it makes me just want to lie on couch and sleep all day this makes my arthritis worse. am tired and draggy all day with no desire to do any thing, even the thing that have always interested me.am prescribed one 50g for daytimebut cannot tolerate it because i will sleep all day and be very light headed and unable to concentrate.;6;;84;2
953;At first took 80 mg dose, did well for several years. Over time, weight crept up, wasn't managing stress well and dosage was upped to 160 mg. Noticed more side effects on that dosage than on the 80 mg dose. Also caffeine seems to play a major role for me in rising bp, as well as salt causing water retention.;7;;60;2
3432;Apply moisturizer at night after cleansing...wait 10 minutes then apply a pea size drop of Tazorac over entire face. Every other day, not every day.;5;;25;2
299;As memtioned above in treatment benefits, this drug was used to avoid recurrance of early stage miscarriage. The high blood clot factor originates from two reasons: for one my husband and I share two HLA, and two I have condition so called antiphospholipid syndrome. To reduce the factor I was directed to take baby asperin and Lovenox. Once I reached 13th week when the plecenta is well establised and growth of baby was well, my doctor decided Lovenox is no longer needed and baby asperin alone be fine onward.;5;;89;2
2468;20 mg. taken daily. Highly effective for treatment of GERD. Unfortunately, resulting severe pain and weakness forced me to discontinue medication.;6;;21;2
2590;i take this drug on an as-needed basis. i take this drug 30 to 60 minutes prior to bedtime. I take it for three weeks on a regular basis. the first week three times the second week two times and the third week three times. The drug was very effective. I fel immediatly in sleep.The most common side effects of benzodiazepine i had were drowsiness and impaired coordination. Other side effects include slowed mental processing, confusion, memory impairment and fatigue.;7;;80;2
3563;differin was prescribed to treat moderate facial cystlic acne. it is applied once every other night on affected area. For the first month, the acne that were underneath the skin surface were pushed out, thus created the appearance of a break-out. However, this break out resolved over time and healed quicker than previous break-out experienced before using the medication. Drying and Peeling and all the typical side-affect of retinoid were observed.;6;;71;2
894;I am unsure of what the treatment details mean. I took this drug for about a year under the supervision of my general practioner. I took a 10 mg dosage the entire time. This dose was never increased. The drug took about 4 weeks before I noticed the benefits. I stopped taking the drug when I, along with my GP felt that I was doing better and no longer needed it.;6;;71;2
4026;I would take one 500 mg pill every time I ate, or 2 500 mg pills at breakfast/dinner. Effects were apparent after 10 days. I am still on this medication, as I no longer have side effects.;7;;37;2
458;I took the antibiotic as prescribed every day, twice a day, one pill each time. My Bacterial Vaginosis cleared up after treatment. However, I did have a slight yeast infection that went away with an OTC treatment.;7;;37;2
723;"I found this time-consuming to apply 1-2 times daily. Also, due to the ""halo"" effect, it was a little precarious to apply as well.";6;;24;2
2745;Eight years ago I started with Fosamax for 3-4 years and then took Actonel. In March, I decided not to take Actonel any longer. I had been on it for too long and was fearful of esophageal cancer and bone breakage. Now my doctor wants me to take the Prolia injections, which I am not going to do. I am not going to continue with any drugs. My bone density recently done was in the minuses. I do work with a personal trainer and execise daily. I am searching for alternative ways to deal with this problem.;7;;97;2
1268;I took modafinil for cronic fatigue and general drousiness. I found it to be moderatly effective. In the morning after I would take a dose the effects were noticeble and even pronounced, however after about lunchtime it totally wore off and I would have to take another dose, but if the second pill is taken later in the day it sometimes would interfere with sleep so one must be carful to take the pill at the right time.;7;;78;2
1210;took a seemingly long period of time to become effective. Once started, however, it did what I expected. It is hard to be without now and think that it will be a problem stopping in the future.;7;;37;2
1762;take two 100 mgs tablets in am when I was given the increase I was told to take two 100 mgs tablets in the am and 1 in the evening before bed;6;;32;2
3060;I just took the pills every 4-6 hours when the kidney pain was too bad. I tried to only take them at night as the conditions improved since they made me sleep. I stopped takeing them long before the infections and colon problems were resolved, as I don't like takeing drugs.;7;;51;2
3082;I don't have severe acne problem, just occasional break out. I was prescribed Minocycline by my doctor and was advised to take it once a day for treatment of my acne. I was told that it would take up to six month to see result. After more than a year being on it, it did very little for me. I was still breaking out, it just that some of my break out was not as bad. Bottom line, I was not satisfied because it did not help clear up my acne altogether.;6;;92;2
2118;Renova applied once at nightime approx 20 minutes after cleansing. If skin was particularly dry a light moisturiser would be applied approximately 20 minutes after the Renova was applied;6;;29;2
175;Treatment was to take the med. daily. It controlled the seizure disorder but the side effects were too much for me. I talked to the physician after two years and said it's gotta go. He then prescribed Lamictal and I lost 40 lbs. in one month--simply by stopping the Depakote.;4;;50;2
3435;The treatment details for the skin gel Tazorac was to apply it once a day, or in my case nightly to the face. Not more than a small pea size of cream was directed however this was quickly absorbed into the skin and could not be applied over the remainging area of the face. Caution was applied in ensuring that the treatment gel was not applied to mucosal areas. Nevertheless it did radiate to areas such as the eyes and lips causing severe dryness and chafing.;6;;86;2
1321;Prior to taking Prevacid, my symptoms required daily doses of anti-gas medications and occasional antacids. Although Prevacid was very effective, I discontinued use of it and switched to over the conter Zantac because of the side effects. As a note, I am very sensitive to medications and often experience side effects from different medications and thus refrain from any unless experiencing severe symptoms.;7;;63;2
3649;I use Retin-A 0.25% every evening along with 70 mg of Accutane a day. I will have to continue the Retin-A for at least a year.;6;;26;2
76;"I was told to take it PRN - in other words on an ""as needed basis"" - which given that I have a type of hip dysplasia, was fairly often.";5;;30;2
3789;I was instructed to take Keflex 3 times a day, or it might have been 4, but that I did not have to wake myself up at night to take it.;4;;31;2
1284;I have been using modafinil since 5 days, 100mg for 3 days and 200 mg for 2 days along with citalopram 15(mg) as prescribed by my doc.Initially for 3 days (when I was on 100mg) it was ok,just slight irritability.But after taking 200mg felt the following-: 1.)Tired never before after 5hours 2.)Then began hallucination,felt like I am dreaming 3.) I became anxious,irritable and jittery feeling overcame me. 4.)Stomach bloating was so high that it bothered my heart a lot. 5.)Coudn't get a sound sleep. Not sure whether this happened because of modafinil alone or the mixing of citalopram and modafinil. But it sure did bother me.;4;;106;2
2297;My dose was increased from 10 mg to 20 mg after about 2 months. I took the 20 mg dose for one month but then I abruptly stopped because of the side effects. I did not have any problem stopping the pill (no withdrawal symptoms at all). My sex drive and the ability to orgasm came back.;4;;57;2
2124;apply at night 30 minutes after cleansing. Used a pea size amount. Followed with a moisturizer. Used sun block in the morning;7;;22;2
1532;I had a irritation on both my feet. I applied the medicament twice a day and when the itchy sensation occurs.;6;;21;2
2001;The prescription was given to me prior to having my tooth pulled. I never filled the prescription because I really did not notice any pain. After the procedure, I immediately went to have the prescription filled. I took the medication while I was still numb from the novicane. As the novicane wore off, and the two tablets I took wore off, I took the vicadine once again.;7;;67;2
3813;One 90 mg. sustained-release tablet taken once daily at any time of day with or without food.;7;;17;2
2580;I would see a psychiatrist once a month. The doctor would ask me how I was feeling and would change the dosage if neccesary.;4;;24;2
1772;I started taking 20mg pills for a few months. I noticed that it would feel as though it was wearing off by 7pm or so. My doctor prescribed me up to 30mg for a week and then to 40mg for the rest of the month. Things seem better than on the 20mg. However I still get depressed at times and nothing seems to ever go right. Perhaps therapy will help which my doctor mentioned. Going to continue on the 40mg for a few more months and see if it helps if not I will make another apt at the doctor and see what she thinks weather we want to try and up the dose or try something different.;7;;118;2
592;Due to longstanding knee osteoarthritis, I am prone to fluid-filled cysts on the backside of my knees. The cysts cause pain, swelling, and reduced circulation to the lower leg. The cysts interfere with walking gait as well. In past I had used NSAIDs to reduce the inflammation of these cysts, however due to NSAID-related side effects, this class of drug was put off-limits by my physician. His recommendation was that I try a drug in the pro-NSAID class, which is less irritating to the stomach. In retrospect, I think that for me, the Sulindac was a trade-off: less stomach irritation exchanged for liver irritation with the Sulindac. Due to this side-effect, my doctor reduced frequency of medication to once per day. My response to the Sulindac was less robust than I had hoped for -- much less improvement than I had experienced previously with NSAIDs -- and it also took a long time (3 weeks) to reach the level of improvement that in past I would achieve in 3 days with OTC NSAIDs.;4;;173;2
119;pill form, once a day. But now because of side affects I only take it once a week or when needed.;7;;21;2
3632;I applied it after cleansing skin at night and made sure my skin was completely dry before I put any on and I used a small amount, which was sometimes hard to spread around.;7;;34;2
946;I had 300 units of Dysport injected into my forehead in about 5 different places. I was told to not bend over or lie back for a few hours or touch my forehead after the treatment. I followed my doctors instructions. It has been over a week since the injections and there is still a mild wrinkle between my eyes. The wrinkle is definitely not as deep looking as it was but it is still visible. I would probably have this done again although the results are not perfect.;7;;89;2
1458;Started using Cymbalta 60mg to primarily for chronic tension headaches and neck/back pain and the resulting depression from chronic pain. Worked wonderfully for about three months then slowly lost effectiveness. Tried increasing to 90mg with little response. Ended up switching antidepressants and finding different means to treat the pain. It was a good drug when it worked, but unfortunately it didn't last very long. It also acts on serotonin like an SSRI and started my dependency on SSRIs.;5;;78;2
1898;The Dr. had me take one 100mg pill 2 x a day. Said I would need to use for an indefinite amount of time. After 5 months I went off of them because I couldn't be outside much.;6;;38;2
621;Washed face with a gentle, sulfate-free cleanser, waited 5 minutes for face to dry, then applied Finacea. Finacea only applied once a day in the morning. Waited 20 minutes after application before applying sunscreen, moisturizer, or makeup.;7;;37;2
2752;I was to take one dose and a full glass of water at each of three meals per day. I came to find out that taking the drug once a day (with lunch) was effective enough to receive the benefits. It was rare that I took it twice a day and never three times a day.;7;;56;2
1391;I had sneezing, dry nasal passages caused by seasonal allergies. Using this product daily seemed to ease my symptoms. I still had some sneezing but the frequency and intensity of sneezing fits was reduced considerably. Administered one spray per nostril prior to going to bed at night. Used product nightly for approximately three weeks.;7;;54;2
1067;"The first use of botox was 100 units. Injections were 5 injections on the upper-mid forehead. 3 injections were given around the outer side of each eye. Within 2 hours it was difficult to close my eyes. The forehead was totally stiff. Upon smiling and talking my cheek muscles were noticably twitching. Eye lids twitched, friends noticed my face spasming. I make note of this issue because of the fact concerning the stability of the botox. I realize that botox is available in 50 or 100 unit vials, which are then reconstituted. The nurse stated that he had to use all of the botox (apparently he only had the 100unit vial)because it would be instable after 4 hours. Since this time, I have had 50units of botox at two different times, injected in the same areas stated above. There was no adverse spasms, be definite ""freezing"" of the forehead muscles. The 100 units and 50 units lasted about 4-5 months before lines started to appear again due to frowning, smiling, etc. I recently had only 10 units injected mid-upper forehead in 2-3 injections. Upon raising my eyebrows I needed (I thought) injections more lower mid section since the upper forehead did not move. After one month, I find that I have a few lines above my eyebrow but in general, my forehead is less lined. My MAIN CONCERN is : if physicians, agents have only 50 - 100unit vials available, and they are only injecting 1 client, what do they do with the residual. Is this why there is such a high cost $11 - $15 per unit?? It makes me wonder if physicians are freezing or using the botox beyond the 4 hour expiration time. Have manufacturers ever thought of packaging smaller unit packages to assure clients are getting ""the real"" stuff. This last physician did not have the manufacturer's bottle for me to see, only a small syringe already pre-filled.";5;;322;2
3324;250 mgs twice a day on an empty stomach for reduction of redness and papules of rosacea.;7;;17;2
3770;I took the tablet once a day, in the morning, together with my other prescribed medications. It caused no other observable side effects as I was able to keep up with a 40 to 50 ho9ur deskn type work week and walking an hour a day o9r more.;7;;48;2
2306;The pills are administered once a day, daily, for as long as you think it's worth taking them. The prescribing physician recommended taking Lexapro for at least six months to get the full benefit of its normalizing effects.;6;;38;2
3595;Apply nightly to face. Wash off in am. Do not use more than every other night due to potential dry flaky skin. Use as infrequently as needed to avoid dryness and irritation. This is a long term skin care application and results may be very moderate and perhaps I will see no fifferance at all. Instructed to continue using long term.;5;;61;2
438;Take 100 mg at first indication of migraine. May repeat dosage after 2 hours if pain isn't relieved. Thereafter, only 1 may be taken in a 24 hour period.;7;;29;2
1614;I applied the product to my face in the morning OR evening and did it in combination with other typical facial sunscreen products and mosterizers. Since the product was expensive and made my face peel, I tended to apply it only on the dark freckles I was trying to fade.;5;;50;2
2804;"Once a month I see a psychiatrist, although I am ""in between"" doctors right now because my previous one left as they always seem to do. I have been without a therapist for a while now, wanting to take a break from the time and monetary commitment that therapy demands. I am beginning to think that now is a good time to go back to it. I consider the jogging, yoga, healthy eating and vitamins I take to be a part of my treatment.";5;;84;2
1144;I was diagnosed with a fungal infection of the beard (or Tinea Barbae). It is a form of follicular infection caused by a fungus of the hair follicle. My derm cultured some of the dead skin cells and in the mean time while the results are pending, put me on Griseofulvin because my symptomns were positive for fungal (a bacterial culture was also administered and was ruled negative). This is a similar treatment for cases of Ringworm of the skin or scalp. Griseofulvin has poor absorption unless taken with a fatty meal. I take (1) 500 mg tablet a day for 4 weeks until I have my next check up. I just completed week 2 and have seen NO signs of improvement.;5;;122;2
3422;Use once daily, at night. Wash face, use toner and leave to dry (10 minutes). Then apply pea size amount of cream all over face, excluding eye area. Let soak in (15 minutes), then layer with moisturizer. Must wear sunscreen daily.;5;;41;2
1560;Prepped with Zofran and followed with daily Folic Acid and regular blood tests. Same protocol this time. Using sub-q,not willing to try oral again.;7;;24;2
3088;I've been on Minocycline for five years. My acne was significantly reduced on 100mg/day dosage. Acne completely disappeared after dosage was upped to 200mg/day, except still get acne during week of menstruation. Acne immediately returns upon stopping medication.;7;;38;2
1089;I was prescribed increasing doses by my family doctor until he had reached the maximum (150) he could prescribe. I tried to commit suicide, I was referred to a psychiatrist who doubled the dose. After seeing the psychiatrist twice over 2 months. I did not have to see her again. And my family doctor could continue to prescribe at this higher dose.;6;;62;2
1454;The treatment consisted of taking 30mg every morning for thirty days. Also, started an exercise program to increase the endorphins levels in the brain. The doctor suggested fifteen minutes of sunshine a day. After the thirty days period the follow up consisted of answering questions about the positive and negative effects of the drug. After reviewing the answers it was determined that I needed to be on a higher dosage because the symptoms of depression were still an issue. The increase in dosage was from 30mg to 60mg and still at the end of thirty days there was mo change in the symptoms. Finally I had to switch to another medication which so far it has worked fine.;4;;118;2
2534;Take one tablet, once a day for two weeks. I was also supposed to eat a lot of yogurt and take a pro biotic pill once and a while. Affects were not noticible and I have no idea whether I really had yeast over growth and whether it did any thing beneficial or not.;5;;54;2
3638;For flat warts on the face, was prescribed Retin A by a dermatologist. I started out every other day for 2 weeks and then increased use to daily. The skin area did improve however there was painful chapped skin that would crack and hurt. Moderate improvement seen but return to condition after stopping the treatment.;4;;55;2
3034;I started off on 25mg daily, mosved up to 150mg night and 100mg morning and now i am on 300mg of the XR Seroquel.;6;;24;2
1748;Topamax was prescribed due to incresing occurance of migraines. Dosage started at 50 mg and was increased to 125 until migraines were under control. Imitrex is taken as need when migraines occur.;7;;32;2
264;Medicine was prescribed to be taken twice a day in combination with physcial therapy for back condition.;5;;17;2
318;Lorazepam was prescribed inability to fall asleep. Also, if needed during the day for anxiety. I never took it during the day for anxiety, only at night to aid in sleep. I have stopped taking it and have not had a panic attack in 2 days.;5;;46;2
1658;I wash with proactiv in the morning and at night. I apply the evoclin at night only.;5;;17;2
1323;It took several days for the medication to start working, but once it did I felt better. I have to take one pill everyday with food for 4 weeks.;7;;29;2
1725;"advair is an inhaled power that you take twice a day. it's composed of two ""active ingredient"" - a long acting bronchio dilator and a steroid - both aid in combating asthma.";7;;32;2
2290;Taken orally daily at night to address depresion. Stopped taking due to side effects. Found increase of regimented daily exercise to be more beneficial.;5;;24;2
2017;The treatment was to cover entire affected area twice daily until acne cleared up. Was not supposed to use any other topical treatments with the cream.;7;;26;2
3421;daily use for 4 weeks and at present, used after applying cerave moisturizer, very smalll amount was more effective, as fewer side effects. spf 30 every day to prevent burn.;5;;30;2
2113;Apply renova at bedtime waiting atleast 30 minutes after washing face. I had to extend the time I waited after washing to an hour to try to reduce the sensitivity of my skin. I also applied the renova every other day during the summer or times when I knew there would be a skin irritant to try and reduce sensitivity.;5;;60;2
2887;Product was used in the OBAGI system and mixed with hydroquinone 4% in a 1:1 ratio nightly. Before bedtime. I also went behind myself after application with a cotton swab in the nasal alar area and oral commissures to avoid product settling into these areas and becoming macerated.;7;;48;2
491;Drug dosage reccomendations were not followed, and only taken in the morning as this lessened the side effects.;7;;18;2
2252;make sure your doctor prescribes you 800 mg because its wayy cheaper because you can cut them in half if you want because they are tablets. Its like the same price as the 200 mg for the same count so its really stupid to get the lower dose when you can just cut up the higher dose.;7;;57;2
77;He takes a capsule in the morning and one at night. Along with the medication he is faithful to wash his face twice a day with basis soap.;7;;28;2
198;One 10mg tablet of Adderall was taken twice daily for a period of one month. After one month, the treatment ceased.;7;;21;2
725;Placed the cream daily on the pigmented lesions for 4 months. I have stopped using this drug altogether after reading the reports.;7;;22;2
2288;I had never had a panic or anxiety attack before. After having my first one, and being scared to death to have another one, my doctor put me on Lexapro. I take 10mg/ day and have not increased it.;7;;39;2
1045;"On 9/18/11 I was prescribed (30) 30mg Vyvanse for ADHD to take every morning. It had common side effects on me, such as loss of appetite, severe chewing, and I ""geeked out"" pretty bad. I'm not usually a very organised person, but shortly after school, I spent 5 hours cleaning. (My binder, my room, the house, etc.)";6;;57;2
1736;I sought treatment for frequent severe migrains. I started getting migraines at age 30 and in recent months had been having 2-3 migrains a week. I was taking Imitrex at the initial sign of a migrain (eye aura) but this was had limited effectiveness. My doctor recommended trying Topamax. In the first 2 months I had 2 migrains and have only had 4 in the last 18 months. I take 100mg at bed because it makes very relaxed and sleep very deeply. I very occasionally find myself forgetting nouns and proper names but that has been the only cognitive effect. I still have been able to be effective and focused at my job.;7;;113;2
1330;I will be taking Omeprazole, as I have been doing for years.. took Prilosec before the generic was available. Prevacid contains only 15 mg of acid reducer whereas the other two contain 20 mg. Yet you are charging as much as the others, and giving the customer 25% less.;5;;49;2
1851;The cat bite on my foot was very swollen and painful. I was hospitalized for 4 days, during which time antibiotics were administered intravenously every 6 hours. When I was discharged from the hospital I felt fine, without any of the symptoms described above. When I started taking the Augmentin there were very few side-effects - they became very noticeable after the 5th or 6th day. By the end of the treatment, the dizziness had subsided as did the light headed feeling, but the intestinal discomfort remained until 3 or 4 days after.;5;;93;2
1694;Applied the cream once a day at night to face. Did the daily treatment for about 2 months and then reduced to applying every 2-3 days.;5;;26;2
1639;DUE TO A SLIP AND FALL ACCIDENT, I NEEDED TO GET BACK SURGERY FOR MY CONDITION. THE TYPE OF SURGERY I HAD WAS CALLED ANTERIOR CERVICAL DISKECTOMY AND FUSION FOR CERVICAL DISC DISPLACEMENT. THE DOCTOR PRESCRIBED OXYCODONE ALONG WITH NAPROXEN. I RARELY TOOK THE NAPROXEN BUT TOOK THE OXYCODONE FOUR TIMES A DAY FOR TWO MONTHS. AT THIS TIME, I STILL TAKE THE MEDICATION ONLY WHEN I FEEL I NEED IT - APPROXIMATELY ONCE OR TWICE A DAY.;7;;78;2
102;Take the medication every several hours as prescribed for 3 days. I didn't think this medication did anything.;7;;18;2
1877;The doctor prescribed doxycycline to me to eradicate my infected throat and lungs. The treatment was intended for 7 days at 100mg a pill and the instructions were to take 2 pills a day, however, following the side effects, I took one pill a day until.;6;;46;2
2246;I applied the ointment several times a day. The sooner the application after the first symptom (usually tingling) the more effective. As I stated still had the outbreak but the ointment did lessen the severity and duration.;7;;37;2
208;The treatment consisted of 2 times a day of applying the cream into the face for eczema. Pimecrolimus came in cream form so it would rub off easily.;6;;28;2
3255;1 year at 25 mg .5 year at 50 mg once a day in both cases;7;;16;2
2275;I just took one a day, in the morning. When I would voice my concern about the perks of the drug with my Doctor, he was just adjust the dosage or try me on something else. I wished he would have advised me to do some psychological exercises to accompany the treatment.;4;;52;2
2875;I would apply the Avita 20 minutes after washing my face every night, wash it off in the morning, and apply sunscreen on my face.;7;;25;2
2280;The details are I take a pill once a day and have for the past several years and intend to continue in the future;7;;24;2
205;Contact dermatitis due to detergent allergy on hands. Wouldn't go away with over the counter medications. Used Elidel twice daily for approx one week. Used gloves on hands at night to increase effectiveness of the product. No side effects, no odor. non greasy. Cleared up the condition nicely.;7;;48;2
1527;"At the time of weaning my second child, I was apparently experiencing some hot flashes/night sweats and worry/ panic and tried fluvoxamine, the generic version of Luvox (which I had used previously by about four years). I had successfully used Luvox and was able to discontinue it without any side effects or symptoms of worry returning. This time only the generic was available to me so I tried it - thinking that it would be the same drug and provide similar results. It did not. I experienced nausea, and did not get any sleep benefits, although I felt that the Luvox had improved my sleep when taken at night; neither version of the drug caused any drowsiness. I did not feel any improvement in symptoms with the generic version. Perhaps my hormones needed to balance on their own, and were too intense for the fluvoxamine to modify. I hope there will be something better available if menopause eventually causes a return of symptoms. Some generics are better than others, and individual reactions differ. It is useful to have this rating information available to access online.";5;;185;2
1875;I need to take the medication twice a day, but one hour before eating or two hours after, which has turned out to be a really big nuisance, since I like to eat six small meals a day.;7;;38;2
763;Treatment only involved twice a day use, squirting the liquid up each nostril. Not inconvenient at all.;7;;17;2
3065;Medication to be taken as needed for pain after arthroscopic shoulder surgery. Would not want to take this medication unless in severe pain due mainly to the fuzzy headed/dizzy effect. Certainly could not drive or operate machinery while on the medication.;6;;41;2
2581;The application is very simple. Just apply the ointment to the affected area(bottoms of my feet) twice a day. The Dr. recommended I exfoliate the area regularly to remove any build-up of skin. Following that recommendation I would use a pumice stone 4-5 times a week prior to applying the treatment.;7;;51;2
96;I was given the drug to take once a day to help with severe migraines that were triggered due to stress and severe PMS symptoms.;7;;25;2
2657;one tablet twice per day with food took one month to see if worked then another to continue and then as needed. marathon runner and needed it for repeat injury;7;;30;2
2279;"Patient has been on Lexapro in past, though weaned off (with negative side effects including tremors, electric ""zaps"" and finally the return of the depression/anxiety). Began treatment again Sept 07 and continues currently. Current treatment began with 5 mg daily for 4 days then 10 mg daily after that. Medication is taken in morning.";7;;54;2
3926;Taking Nexium once a day in the morning on an empty stomach. the reflux symptom mostly gone after 2 days. taking Nexium for one week notice weight gain (3 pounds) after 2 weeks gain 6 pounds even exercise more and eat less still gain weight. Quit taken Nexium for one week lost some weight (3 pounds) but refux symptom return. Start take Nexium again one a week doesn't help much. I tried so hard to loose weight and lost a lot and now I have to deal with weight gain because of reflux treatment pills.;5;;95;2
1946;When I switched to the generic brand the side effects were moderate to severe, but after returning to the non generic Hyzaar once again, the side effects were less severe and acceptable once again. I wore a heart monitor and took active blood pressure readings in order to determine if the generic brand enhanced the side effects. While still not conclusive in my mind, I've elected to pay the extra dollars for the non generic brand.;7;;76;2
551;taking a 6 month course of antibiotic for acne 2 a day. differin once at night;6;;16;2
4038;one should apply once a day at nighttime.it will appear good in starting but once stopped will come again.it should be applied in a little amount.;4;;26;2
3078;Sulfasalizine was taken three times daily. As I began to wean off the drug, I moderated how much I was taking in regards to the pain and inflammation I was feeling. I am currently off the drug and take no medication for Crohn's.;6;;43;2
1529;As a result of my cervical disc (5-7) surgery, my neck, chest, left shoulder/arm/hand and face have a tendency to become inflamed if I lift something heavy, I am tired or I over use my arm. Therefore, I continue to take the medications to ease my pain and numbness. Additionally, I use Motrin IB, 200-800mg, as necessary.;7;;57;2
1320;"Prevacid was prescribed for my symptoms of acid reflux, which included some stomach upset and ""full"" feeling after eating. Although it was highly effective, I eventually discontinued use of Prevacid due to side effects. I am now using over the counter Zantac successfully, only as needed, not daily. It should be noted that I am very sensitive to medication and often react to medications that are not a problem for others.";5;;71;2
3656;Retin A applied with the Obagi skincare products at night before going to bed. Obagi skincare regimen: Cleanser, toner, clear, exfoderm, sunscreen during the day. Cleanser, toner, clear, Retin A mixed with the blender at night.;7;;36;2
2873;I used Tretinoin every night after cleansing my face. After cleansing, I waited 15-20 minutes (as my doctor had recommended) and applied about a dime size of the medication on my entire face. I made sure to use a sunscreen in the morning because Tretinoin makes the skin sensitive to sunlight.;7;;51;2
3829;I was told to use it once a day at night and to apply it with clean brush. It is important to try to keep the bottle from having direct contact with the skin in order to avoid contamination. I used a new eyelash brush daily and Latisse contains once a day applicators.;4;;53;2
2884;The treatment was mainly to help keep the ageing spots on my face to a minimum and to try and prevent my wrinkles from getting worse. I have found that daily use of exfoliating sheets and using an Olay thermal mini-peel or similar abrasion cream, I can keep the skin flaking under control. I have to be careful out in the sun so I do use a sunscreen as well as a sunscreen powder make-up so that my skin doesn't tingle.;6;;81;2
1417;37.5 mg once per day. Went back in after a month to have blood pressure tested (my blood pressure has always been near perfect). It was high, so they weaned me off of the pills.;7;;35;2
1740;25mg morning and night. 9 months, then went to 15mg capsules morning and night for a few months. Now down to 15mg at night time only.;7;;26;2
2330;I took the drug once daily in the morning and outwardly I felt no discomfort at all. Blood pressure was controlled. I took this drug approximately one year before starting Benicar and losing the symptom of coughing.;4;;37;2
313;When I began having the side effects after surgery, the doctor took me off of the Furosemide and the side effect immediately disappeared, and I also had no edema for a few weeks. The doctor then put me back on the 20 mg dosage, which I still take. It seems to help sometimes, but not all of the time.;7;;59;2
3576;I used a non-soap cleanser to wash my face twice daily. In the morning, I followed this with an application of Persa Gel and then a sunscreen. In the evening after washing my face, I would apply a moisturizer, then the Differin, and then spot treated pimples with Persa Gel.;7;;50;2
4118;"Began taking a low-dose as part of the ""starter pack."" Desire to smoke diminished quickly and was gone within only a few days. Dose gradually increased to 2 1.0mg tablets/day. Continued with this dosage for close to two months at which time I stopped taking the drug due to the side effects listed above. Have since started smoking again.";4;;59;2
83;applied directly onto affected area 3 times a day. chose to apply generously and cover effected area with a bandage.;7;;20;2
812;I was to take 1 nightly for 1 month to see if this helped my problem, then return to doctor for consultation.;4;;22;2
1521;Metformin was the treatment of choice for my diabetes as it does not produce weight gain. I take 4 time-release tablets after my evening meal. It is important to take the tablets with food to minimise digestive upsets. On disconcerting feature is that the empty tablet cases pass through the body adn appear in the stools;7;;56;2
213;Inconvient to remember to take as they are required three or four times daily. Overall very pleased with results.;7;;19;2
2434;"I was prescribed symbicort because I was using ventolin several times every day. I have been using the 200/6 turbohaler most of the time in the past 2 years consistently 2xtwice daily until recently when I have noticed some loss of flexibility in my back and worsening indigestion (plus nervousness at using steroids); so I have been taking note of an information ""wheel"" from the nurse which basically tells me I can reduce dosage eventually to 1xonce a day if I am showing no symptoms. At the moment I am on 1xtwice daily which feels about right. Will ask nurse about 100/6 (which has half the steroid content) on next visit. Would like to come off completely but maybe not possible.";7;;121;2
111;"I take 2 100 mg pills a day. As I said it does help with joint inflammation. My attitude is, ""what is the alternative"". Since I do not have an expiration date stamped on me, I will not know if this drug lengthened or shortened my life. But it does help me today to lead what I think of as a more 'normal' life.";7;;64;2
1717;I applied the product at night along with a moisturizer recommended by my doctor. While there was a decrease in blemishes, I still have several on any given day. This is has not been a completely effective treatment on its own.;7;;41;2
1568;In my experience with this medication, I've found it moderately addicting and should be taken with caution. I advise to take when in mild-moderate pain because that's what it's for, but hold off taking it every six hours (or as prescribed) if pain is not an issue.;6;;47;2
1754;The first week I took I lowered my elivil to 20Mg and started my Topamax and had that at 50Mg for the first week. The second week lower the elivil to 10mg and up the topamax to 100 mg tehn the third week stop the elivil and continue the topamax at 100mg.;7;;52;2
3141;The treatment continued off and on for approximately 10 years. During this time, I did go off of the medication for short intervals just due to the lack of necessity for the drug. The medication was taken on a daily basis, and was effective. Now, however, for me--the health risks involved in taking the drug (risk of heart attack, stroke, blood clots) far outweigh the benefits (I am a non smoker). In addition, the mood factor also played a part in not returning to taking this drug.;7;;87;2
2998;I took one 10mg tablet every night and it was very effective for the first week or so. Then after the first week I found that one tablet wasn't very effective, I had trouble falling asleep and also woke up several times during the night. I took 2 tablets for the next few days and it worked well, but after that it wasn't working well anymore so I took 4 tablets one night. The sleep was very disturbed, I kept falling in and out of sleep all night, and felt extremely drowsy and disorientated. I discontinued the use of this drug immediately as I realized I had quickly built a tolerance to it and wasn't effective anymore, even with 40mg.;5;;120;2
1807;This medication was prescribed to me following my knee arthroplasty. I had a surgery done on my knee where the joints have been replaced. following the surgery I had severe pain and so the doctor as opposed to morphine prescribed OxyContin. I was taking this drug 3 times a day and later 2 to 3 times depending on my pain. The drug worked very well and I was satisfied with it.;7;;71;2
905;take last thing at night. suits me better. some pple prefer taking in the morning.;7;;15;2
791;Ambien, the brand name product seemed to work better than the generics. I only take the generic, zolpidem once in a while. I have asked my doctor to prescribe Ambien CR to see if it will be more effective.;6;;39;2
3984;I took one tablet each morning on an empty stomach and waited a minimum of one hour before eating or lying down. I tried the weekly dose, but this did not work and my bone density increased. For me, this represented a difference between the daily and weekly versions. I never took the generic version released recently. Three years ago, I replaced Fosamax with Strontium and for the first time, my bone density increased 3%.;4;;75;2
3411;"Patient: I had suffered a fall from a vasovagal syncope episode (fainted from a standing position, hit back of head on floor). It was approximately 6 or 7 months before I was prescribed the Aricept. The Aricept was prescribed to help the brain repair and re-connect (memory, executive reasoning: strategic planning, options, solutions, implementation, changes and follow-through). The side effects were worse the first 2-3 weeks on the 5 mg, then the 4th week, my body appeared to adjust and they became less intense. The 5th week, the doctor moved me up to 10 mg, and the side effects increased again. At that point, he took me off the Aricept and tried a competitors ""patch"" called Exelon. That didn't work well at all and set me back 5-6 weeks cognitively. Now I'm back on the 5mg of Aricept for the past 2 weeks and the plan is to stay on that dose for 6 months to a year. The side effects were the same at first, and are now getting better each day. I suspect those side effects to subside in the next few weeks. And cognitively - I am improving again each day.";7;;194;2
2650;The treatment was for my back pain, this was lower back pain caused by a slipped disk. I also received cortisone injections which gave little or no relief. I was prescribed 3 tablets a day of 75mg dosage to take with meals. I also had to undertake some back strength exercises in order to strengthen the muscles which had wasted away.;7;;61;2
2303;Basically, I had anxiety attacks and was prescribed Lexapro. I took the pill once a day every day for about a year, when I was weaned off. Apparently, if you don't wean yourself, you can experience withdrawal.;7;;37;2
2502;The medicine woks but I still can feel the pain, so for me is not working because of the side effects, I have to take the medicine with food and milk and still have this severe stomach pain, nausea and some times vomits. My doctors are working on put me on something else that could work better for me;6;;59;2
1937;The Lac-hydrin was applied topically to all parts of my body (expect my face) twice daily. My dermatologist recommended that one of the applications be directly after my shower. The skin will retain moisture from the shower for a bit, and the application of the Lac-hydrin will help to keep it there. I would reapply to dry skin again before bed.;5;;61;2
924;"My MD perscribed the medication for some increasingly intense feelings of anxiety around presenting to certain groups of people in higher levels of management. I was hoping for something that I could take only on a ""as needed"" basis as I've never been one to take medication unless absolutely needed. My MD does not believe in prescribing that kind of medication due to the highly addictive nature. I do not like the side effects of this drug and do not intend to continue it.";7;;84;2
1823;I HAD TO TAKE BIRTH CONTROL PILL EVERY DAY AT THE SAME TIME FOR 3 WEEKS AND BE OFF FOR ONE WEEK. START A NEW PACK OF PILLS ON THE FOUR WEEK AFTER MY PERIOD.;4;;35;2
2405;Post thyroidectomy, the patient was placed on Levothyroxin 120 mcg, but the patient complained of pronounced weight, lack of energy, lack of sex drive and some depression. Blood work was done and the dose has been adjusted to 100 mcg and will be re-evalutated in 2 months.;7;;47;2
3980;Doctor told me it appeared I was getting very dehydraded, my electrolytes were depleted. I will get a full fasting lab in a few weeks. In the meantime, was told to take a sports drink once daily and take the hydrochlorothiazide to see if that helps with the edema and controls the spikes of HTN.;7;;55;2
2170;I was prescribed one tablet daily along with eye drops and a nasal spray, over seven years ago.;6;;18;2
629;started at 10mg and worked my way up to 50mg weekly, the side effects got worse as the dose got higher.;7;;21;2
3534;For years I had suffered with insomnia until my doctor prescribed Lunesta in a 3mg dose. It worked very well putting me to sleep and I did not wake until morning. Unfortunately I could sleep 10 - 12 hours and still wake up with a hangover from the medicine. Sometimes a half of a pill would do but I would still have somewhat of a hangover although not as bad. Now I only take during times of stress when sleeping is more important than any of the side effects.;7;;89;2
1250;I take one tablet at bedtime. I try to delay taking it until I'm just about ready to go to sleep, since the effect is most pronounced in the first few hours after taking the tablet. Later in the sleep cycle, my hot flashes wake me up more fully, as they have for the last four years.;7;;57;2
3519;My care provider said to use lunesta three times week at bedtime. I only used it once because of the side effect described above. Also I was only able to get 6 hours of sleep instead of the eight that lunesta promoted in their advertisement.;5;;45;2
1944;Simply take the dosage once a day at the same time and monitor my blood pressure;4;;16;2
1890;perioral dermatitis disappear completely during the treatment, but occured again after 2 months. Continue taking 100mg a day for 40 days and I'll see;7;;24;2
2754;I took the pills twice a day as I tried to have only two meals per day;4;;17;2
2015;Brevoxyl was applied all over the acne area twice a day. Leaving on the skin for 15 minutes and then wash off with soap and water.;7;;26;2
2990;"Afterbreaking for 3 months and receiving antibiotics treatment for the chest problem, resumed strattera 60mg till current. however, currently though with earlier benefits, I have a feeling of ""getting stuck"" and ""hypoerfocussing on things that interest me like browsing, listening to music etc and lack of the initial ""kick"" to complete tasts and look at things in details. Can someone help advise....should my dosage be increased to 80mg or more? I weigh 80kg. My dosing hasnt been basd on weight.";5;;80;2
1678;The treatment details were very simple as far I can remember. One pill once a day. I stayed on the Claritin for at least three years. I do not recall any side effects or problems during this time. Eventually it seemed as if I didn't have any allergies because I had gotten so used to the positive effects of taking this medication.;7;;62;2
1393;I began at 10mg then worked up to a 50mg dose. I had relatively good suppression of depressive symptoms at all doses, higher doses being better. The higher doses did not seem to increase the weight gain/heart rate side effects any more than the lower doses (as in non-dose-dependent effects).;7;;50;2
4008;I started with 10mg/day, for one month, when I started to feel less anxious, but not motivated or more energetic, as expected from an anti-depressive medication. Then the dose went up to 20mg/day for another 3- 4 months, when no 'anti-depression' effects were noticed, the dose went up to 30 mg/day, it made no difference either. I have stopped taking it gradually (20mg/day for 1 week, then 10mg/day for 3 weeks) until i stopped completely. Now I'm waiting to see how I feel, to see if I 'll try another medication, since the side effect described above was intolerable to me.;5;;101;2
3442;I applied a pea size amount nightly to my face. The gel was greasy and does not dry like a lightweight gel. My RX Insurance did not cover any amount of the product - I had to pay full price for the prescription.;6;;43;2
2119;Applied at night, after cleansing the face, more than thirty minutes before going to bed. Used ~1 cm of the cream for entire face and neck, followed with 4% Hydroquinone solution. When swelling occurred, application was omitted until it disappears, which usually took place in 24 hours.;7;;47;2
2883;I applied this cream to my face every other day at night as recommended by my dermatologist who prescribed teh cream. I noticed tightening up a few minutes after applying. My skin did seem to look a bit better but I stopped suing the cream becasue I was afraid of any other possibly as yet unknown side effects.;6;;58;2
1855;I was taking 2 1000 mg tablets a tablets a day . I was also taking Clarinase to releave congestion . The insomnia like side effects I encountered may be because of clarinase.;7;;33;2
597;I went to my dentist complaining of immense pain and swelling in my jaw area. An x-ray was performed and nothing could be detected. However, due to my symptoms, Hydrocodone/Ibuprofen was prescribed. I was sent home with a follow up visit scheduled. The swelling and pain decreased within a few days, I discontinued taking the drug and I was able to continue normal activities. However, approximately a week later the symptoms returns and I returned to dentist. This time the x-ray revealed a need for a root canal. I continued to use the remaining tablets until my root canal, when I received a second prescription of Hydrocodone/Ibuprofen which I only used a few of the 16 tablets prescribed.;7;;118;2
1316;She was to take one pill in the morning with the first meal of the day. No other treatment instructions.;4;;20;2
3515;cream applied twice per day for two weeks. one week without treatment and than two weeks on the treatment. Repeat this regiment until symptoms are reduced or disappear.;7;;28;2
2814;I've been taking Duloxetina (Cymbalta) 60mg for 2 years now. It helps with my mood but it doesn't take all the depression sympthoms away.;5;;24;2
3640;After wasing your face at night and letting it completely dry, you apply a thin layer all over your face and go to bed. In the morning you need to wash your face and apply a lot of moisturizer. Stick with it, it will provide resluts after about 6 weeks.;7;;50;2
889;I was to take the medication to help with social anxiety. I was to take the pill once a day.;4;;20;2
2867;I take two 50 mg spironolactone tablets each morning along with 50 mg od doxycycline.;7;;15;2
136;At the first sign of a possible outbreak I would beging taking the medication. It would be taken twice daily for three days. Discussed possible daily dosage if outbreaks became more frequent. I decided to try a more natural approach with Lysine taken at any signs with very similar results.;7;;50;2
2841;\take 5mg a day for as long as your doctors think you have improved,if not continue as long as you get better ......................................................................................................................................................;5;;23;2
4015;I took 60mg for severe depression & anxiety. However, after 1 year, I decided to quit taking due to the sexual side effects. So far I just take wellbutrin for depression & am doing well.;6;;35;2
1921;daily dose of medication on days 15-27 of my cycle. Periods were not as heavy but I did have breakthrough bleeding mid cycle which would last some months 7 days meaning I would flow for about 14 out of evey 27 days. Doctors could not give an explaination. Am currently on natural progesterone in vaginal cream form - 1gm nightly days 10-15. This is my first month so it's too early to evaluate. I switched becasue I did not want to continue with the oral - I have concerns about long term side effects.;6;;94;2
207;The treatment consisted of applying the cream form of Pimecrolimus twice a day on the face for eczema treatment. The cream itself wore off very fast which limited how effective it acted. However, benefits were seen within the first week of use.;7;;42;2
2182;I would apply the carac cream to cleansed area and have the wash my hands immediatley after applying. In the morning I would dap off the residue and apply sunscreen. I did this for 3 weeks.;6;;36;2
1444;125 mcg Tirosint per day and doubled on Sat and Sun. Listen to your body and be persistent with your doctors.;4;;21;2
3107;The treatment is relatively simple and safe. It is also supposed to decrease your chance of cervical cancer. Take one pill each day and there is a 99 percent chance of not getting pregnant. However, you can increase your risk of blood clotting if you are a smoker. You highly advised to be smoke free throughout treatment. Once treatment stops you must seek another form of birth control.;7;;68;2
2505;supposed to take one tablet before each meal and one at bedtime. i take only one at bedtime and have still had considerable success w/ibs symptoms. i also supplement with acacia powder, apple cider vinegar, acidophilus supplements, and magnesium supplements.;7;;40;2
2769;I apply duac once a day to clean dry skin and follow with a moisturizer.;7;;15;2
820;I have been on Prozac for 12 years. I was titered starting with 20 mg. days, then 40 mg then 60 mg which is my current dose.;7;;27;2
1965;"I took it 3 times daily to help reduce nerve pain from spinal compression that needs to be fused but I did not want another fusion yet so this was one of the medications they put me on when nuerontin at the levels I needed caused some of the same side effects as Lyrica;.";5;;54;2
1324;Treatment consisted of Prevacid (1.25 mg) three times a day and at this time the duration is indefinite. Concurrently his diet was modified, removing wheat, peanuts, dairy and beef, based on a blood based allergy test. The next phase of evaluation will include a measured DTH response to the identified allergens.;5;;51;2
373;Began taking a doseage of 35 and increased to 200 mg. at 150 and 200 noticed lack of balance and reduction of motor skills. Immediately reduced to 75 which was perfect for the patient but well below the recommended level of 200 to 400 mg.;6;;45;2
3316;I saw a few dermatologists and each one told me to use it twice daily. I was even given different forms. One a cream and the other a foam. I was also informed to use them for two weeks and then stop. I did, and when I stopped my rash slowly started coming back.;4;;54;2
2972;started dosage at 500MG worked up to 1500 but if I missed a dose i would drop back down to lower dosage to avoid flushing. I found it hard to stay at the 1500 range without severe flushing and itching and it would happen randomly no matter what even when i took aspirin and ate before taking. Stopped for awhile and am now back on as my numbers have gone up again on bad Cholesterol and I do not want to take statins as I have no other makers yet for heart disease;7;;93;2
3577;I was directed to apply once or twice a week and build up to once per night as tolerated. I was able to tolerate once per night application for the entire course of treatment. There were some negative side effects (itching, sensitivity, warmth, and redness especially around my eyes) and not much in the way of positive side effects. I am now considering asking my dermatologist for a different prescription.;4;;70;2
1598;Once a day preferably at bedtime but if a situation arose I would have to take another sooner and still one at bedtime in order to sleep.;5;;27;2
4095;I was to take 1 small dosage pill twice a day for 1 week. Then increase the pill to the regular dose gradually after that week. The medication is suppose to stop you from wanting to smoke basically by making you sick to your stomache when you smoke. During the first week you can smoke, but the second week you have to stop.;5;;63;2
3707;take 2-3 times per day to aviod reflux acid. this is most effective prior to eating so take 30 minutes before eating or drinking alcohol will help to aviod heartburn;7;;30;2
3168;Taken daily orally once a day. Eventually tapered off to 5 mg. per day, then 5 every other day, then 5 once a week.;7;;24;2
1631;I took premarin once daily for over twenty five years following an emergency hysterectomy due to severe endometriosis. I stopped taking premarin because my doctor quit precsribing it.;4;;28;2
2114;I went to my doctor and asked for a wrinkle treatment. He give me some samples of the creame. He then wrote me out a year prescription of the creame. He told me to apply it twice a day but, if my skin becomes dry, to reduce it to one a day. I preceeded to do that and it stopped some of the dryness.;5;;64;2
571;After diagnosed with tachycardia, prescribed metoprolol tartrate at varying doses over course of a few months (lowest dose possible was not high enough to keep heart rate low and next highest dose possible was too high, i.e, produced extreme shortness of breath/tight and heavy chest/dizziness. On the positive side, the medicine did slow heart rate and reduced episodes of extremely high heart rate. Next, prescribed metoprolol succinate with similar benefits and side effects. On both meds, side effects were too severe to function day to day. So I was put on Atenolol, and it has worked for me much better. Heart rate is held at a safe rate, and is more consistent than when on the metoprolol. Symptoms of dizziness, heavy chestedness, etc. are still present but highly diminished (I can at least perform normal daily functions now). Now I have additional symptoms of vertigo after elevator rides, indigestion, constipation, and short term memory loss (but nothing that I can't function with). Recently, doctors suggested a catheter ablation, as they discovered a source of my problems to be the presence of extra electrical pathways in my heart.;7;;187;2
682;This was an oral treatment and the regimine was twice daily. I had to constantly use a moisturizer and my lips became the most dried and cracked than they had ever been before.;7;;33;2
4018;I was diagnosed as having mild depression when I was 17. I was prescribed a mild dose (10mg) of celexa by my doctor. At the time, (being a teenager) I was frequently tired anyway. I think this is why I did not notice the side effect at first. But years later, I decided to try going off it, and discovered an increase in energy and motivation. After that, I tried a few other drugs like lexipro (which gave me the same side effects), and Wellbutrin (which made me feel manic, highly anxious and stressed). I had tried the Wellbutrin because I was told it would not make me sleepy. Unfortunately, in increased my anxiety to the extreme. Recently, I have gone to a therapist and with some therapy, I am no longer on any drugs. This is what I should have done in the first place.;7;;146;2
3108;The Ortho Tri-Cyclen birth control pills are a low dosage progesterone treatment that is intended to prevent pregnancy. I was required to take one pill every day. My understanding is that I experienced a relatively rare side effect with the migraines. I have not heard any similar complaints from friends who were taking the same pill, other than complaints about weight gain, bloating and mild acne.;4;;66;2
398;Once a migraine is formulating, one pill is to be taken. The medication took almost thirty minutes to kick in. Once the medication started to take affect, I began to develop a tingling sensation in my left hand and later my right hand. I also noticed my hands were very shaky after the medication was in my system for at least an hour.;5;;63;2
3050;I took 200 mg a night for a couple years but after awhile my doctor was worried it was becoming toxic so she took me off it.;5;;27;2
3613;I started applying a pea-sized amount of the Retin-A cream on every second night about one hour after washing. After two weeks, because there were no adverse effects for me I started using the cream nightly. With nightly usage I experienced very slight side-effects of sensitivity, slight redness after washing and occasional slight flaking. None of these effects were severe so I continued with nightly treatment. After approximately one month I experienced gradual lessening in severity and frequency of comedonic acne. Comedones still formed, but were less likely to become inflamed/infected. Slight reduction in surface oiliness noted. After about 10 weeks I noted a slight improvement in sundamage and skin texture. Overall I was very pleased with the efficacy of this product, but may in the future switch to the Retin-A gel to see if this results in a further reduction of comedones.;7;;143;2
2582;Apply twice daily for a period of three weeks. Do not use hot water on treatment area. After shower or bath gently dry with towel. Moisturize often.;7;;27;2
1243;Four 20 mg capsules taken once daily. Also had to double reccommended daily water intake. Moisturised skin and lips when absolutell necessary although this was not advised by dermatologist due to clogging of pores.;4;;34;2
2817;My doctor prescribed Wellbutrin for depression and anxiety. I take 150mg two times per day.;9;;15;3
2218;I had never been diagnosed with high blood pressure, but had recently gained several pounds because of the double round of steroids I was put on because of a severe skin rash (seasonal allergic reaction). Since we had recently moved I didn't have a PCP yet and the rash on my arms looked like it may have been getting infected, I went to a local emergent care center and saw a doctor there. They took my blood pressure and immediately put me on Benicar HCT, 20 mg, once a day. I took the medication as prescribed until the anal pain got to be too bad. Since going off the medication my BP is a little elevated but I'm reluctant to go back on any meds, especially no one seems to be willing to admit the Benicar caused this problem or is offering any solutions to help it get better.;1;;149;3
2217;Benicar/HCT was taken once a day due to my blood pressure being high. It did help control my blood pressure, if I ever forgot to take it I could feel the results - headache, etc. When I first began taking it I felt really tired all the time but eventually got used to it. I started losing weight (not because of the medication, I was actually trying to lose weight) and my potassium got so low that my physician took me off of the HCT part and started me just on the Benicar 40 mg daily. I am still taking potassium pills until my labs show that my potassium is okay.;8;;111;3
1655;Starting with the first day of menstruation as day 1, a daily dose of 150 mg is taken from day 5 to 9 of the monthly cycle. Chlomiphene citrate does first suppress estrogen in the womens body therefore the body reacts with an increased effort to build estrogen. After day 9 the increased effort to build estrogen comes effectiv in the ovaries producing more ovuls.;1;;65;3
1526;I took 100mg Fluvoxamine about an hour before bed each night. I continue to take it nightly.;9;;17;3
1308;I was to take 1 pill in the morning after breakfast, then 1 at night before I go to bed. I am to take it for 6 months as a test. The generic was a cheaper version for my parents.;10;;40;3
1126;"I was given one month's free sample of Evista by my doctor. I took one 60 mg pill each morning with 600 mg Calcium with Vitamin D as directed by my doctor. I also walk 30 minutes daily on my treadmill, again at my Dr.'s direction. I refilled the presciption at a local discount ""member's only"" store and paid $106 for one month of the drug. I have since purchased the drug on line for about half the cost. Once I receive it, I will resume taking the drug. Looks like I'll have about a two week vacation. Biggest concerns about taking this drug are blood clots and stroke. You are not allowed to smoke and alcohol consumption needs to be kept to a low level because it's not good for the bones. Other lifestlye issues related to healthy bones are followed.";9;;142;3
1781;Patient mood was extremely low when treatment was started. Initial dose was 5mg, increasing to 10mg after 1 week. Started taking in the morning but caused too much drowsiness therefore changed to take in the evening;8;;36;3
248;The treatment includes Wellbutrin XL 300 mg. This is a time released tablet and delivers medication during the day. In addition, I would take Lexapro 5 to 10 mg for the aggitation and racing thoughts. This was really helpful with anger and outbursts. If I had trouble sleeping I would take Trazadone 10 mg at night, and if I did not have it I would take Simply Sleep or Tylenol PM, but only one tablet. Sometimes I would cut the Trazadone in half for a 5 mg dose. I have had low grade anxiety and depression for many years. I have been menopausal for 4 years. I have a lot of stress in my life with two teenage boys and we live in a high end community outside D.C. with cut throat competition on every corner.;10;;136;3
1980;After the initial dosage taken (described above), I reduced the dosage to just one tablet (25 mg) but I increased the frequency to one tablet every two hours. I figured this would be equivalent to the recommended directions of 2 tablets every 4 hours but I spread the tablets out to keep the effects of the medication fresh. I also learned not to take this medication on an empty stomach. It worked since I did not suffer any nausea, drowsiness, dry mouth, or upset stomach.;9;;85;3
779;500mg twice a day for injuries....then 500mg here and there for spot pain reduction. I used after deep physical therapy work that may make my pain worse - seemed pretty effective.;8;;31;3
1958;Once I started taking Lyrica, it took a couple of weeks to gain full advantage of its benefits. Originally, I has been places on a dose of 200mg three times a day, which I believe what was recommended for fibromyalgia. The resultant relief of pain was pretty good. However, I found myself very tired and mentally dull. I switched doctors and was given the reduced dosage of 75mg. twice a day. Although my pain relief results have not been as good, I do still have some relief while at the same time being able to be more alert and functional.;8;;100;3
352;Took 300 mg three times daily, doctor wanted to increase but side effects too severe. I could barely function on what was prescribed.;1;;23;3
2577;Just visit the doctor from time to time and take klonopin twice a day and my 200 mgs of zoloft once a day.;9;;23;3
2053;Daily use of drug was generally effective in reducing severity of hot flashes, but at 1.5 mg I still had them. However, I didn't want to increase the possibility of more severe side effects, so I was willing to put up with some discomfort. I am concerned about continuing to take it for years.;9;;54;3
2844;My maintenance daily dosage: AM - Meptin 25mg , Ansinar 200mg PM - Meptin 25mg , Ansinar 200mg, Kastair(Montelukast)10mg;3;;19;3
30;Took 0.5 mg Xanax as needed for anxiety, prescribed by primary care physician. Was very helpful in getting me through an extremely stressful time of my life.;9;;27;3
2070;"I take 1000 mg caplets; one in the morning with my breakfast and one in the evening with my dinner.";8;;20;3
1467;I was on 90 mg daily, one dose of 60 mg and one dose of 30 mg. It was prescribed to me for fibromyalgia and depression, however, I did not notice much improvement on this drug but I was not on it for a real long time either so it may just take longer to notice benefit but it definitely affected my liver. My mom also has the same problem with Cymbalta and her liver enzymes.;1;;76;3
1909;I took 1 400 MG pill per day for 5 days and got plenty of rest and drank plenty of fluids. (My lymph nodes and thyroid glands were swollen and I generally felt ill.);9;;34;3
2029;Took 1 40 mg tablet in the morning before my first meal and controlled the acid reflux symptoms and stomach aches. Then took 1 40 mg tablet before I went to bed to once again control those symptoms while sleeping for a 24 hour effect.;9;;45;3
710;I took two 20mg pills daily following a meal with a moderate amount of fat (more than 10 grams). The time of day I took the medication varied depending on when I would be consuming a moderate-fat meal.;9;;38;3
3509;1mL Minoxidil was applied twice daily to the scalp until the entire dose and been absorbed. treatment was coupled with Low Light Laser Therapy - 650nm 5W lasers that served to biostimulate the scalp and help in the halting of the effects of DHT.;10;;44;3
2936;As soon as the prickly heat starts I had to take 6 tablets daily for a maximun of 10 days I have never had to take the tablets for more than 3 consecutive days;10;;34;3
22;began with two 500mg tablets three times a day by mouth. reduced to twice a day after six months. symptoms gradually subsided in the first three months. on maintenance dose currently.;8;;31;3
23;I can take up to .5 mg / day as needed. I usually take .25 mg to .5 mg / day.;10;;21;3
1252;I'm not completely sure what to write here,that would consist of fifty words.I take (Clonidine)-0.1mg 1 tab twice daily and (Lisinopril/HCTZ)-20mgs.12.5 1tab,twice daily.I've learned to take them with food.Earlier,when introduced to these meds,upon attending a Drs. appointment and having my blood pressure checked,the reading would be high and I felt no internal or external symptoms.The inquiry would be have you taken your meds? and I had.So,it was suggested that I try administering them with food.Thereafter,no more high readings and entered a normalized phase.;10;;83;3
670;Her doctor originally had prescribed hydrochlorothiazide 25 mg per day for her fluid retention. This held it for 6 months, then it's effectiveness lessened. We didn't want to double the dose as we were concerned with potassium loss. Instead we used this combination formula, which adds in the potassium sparing triamterene. This medicine has held her swelling completely in check for more than 8 months. We have monitored her liver function and mineral levels, and haven't noticed any problems.;10;;79;3
61;I was to take 10mg three times a day for headaches as needed. My doctor said if it works, I can stay on it. I recently decided to get off narcotics and this is a good medicine to take.;10;;39;3
4005;I took the medicine 20 mg once a day for one year and had no major side effects. Did not feel any sonolence and actually improved my sense of overall well being.;10;;32;3
3049;"I took 200 mg of seroqeul in the morning and before bed; 1000 mg of depakote morning, afternoon, and night, and 10mg risperdol morning, afternoon, and night. Most of the side effects are probably becuase I should never have been taking that many medications at once and the ammount of them, but that is how they were prescribed to me.";1;;60;3
2074;took 500 mg twice a day with virtually no side effects, except could not tolerate any doses higher than that because of gi upset. continue to take it without a problem.;8;;31;3
196;i was prescribed 60 tablets of 20 mg. he told me to experiment myself as to what dosage worked for me, not exceeding 2 whole pills daily. normally i take one whole pill in the morning at 6:30-7 @ 1/2 at 12 and 1/2 before work at 4 pm. sometimes on the weekend i'll only take 1 because i try to have extras in case needed at another time & i dont want to build up tolerance;10;;77;3
600;An old and STUPID psychiatrist in Asha Hospital, Hyderabad had put me on Risperidone 2 mg, Pacitane 2 mg from past 2 years as I was suffering with anxiety and social phobia. I do not have any symptoms of Schizophrenia nor Bopolar disorder and I stopped taking the med since 4 months worrying about the serious side effects..The result is..it just RUINED my life in every aspect. I can't feel ANYTHING. I feel nothing in my brain..unable to sense pleasure..lost my unique nature..lost my personality and identity..not getting any thoughts..consciousness is reduced..not able to concentrate on any particular thing..unable to form clear ideas..difficulty understand simple things..chronic sleeplessness..stiff muscles..numbness on the hands..weight gain..sensory loss..memory shot..hearing is badly damaged..dim and blurred vision...no sexual desire at all and lot more..My FUCKING psychiatrist doesn't even let me know of these siide effects and just told me to continue the medication for two years and no need to consult him..I never know why he had put me on Risperidone.This med is really FUCKING..I never suggest this med to anyone at all and I want to file the lawsuit against the company who manufactured this ROGUE drug with these many dangerous and life threattening side effects.I will report to FDA, United States to put it in block list and RUIN their business completely.They are playing with the valuable lives of the patients with their stupid formulas and creating the FUCKING drugs..Do they bring back the life to normal once the brain got permanently damaged????;1;;248;3
3710;began at low dosage and increased little by little. during the little by little time i forgot my medication of 50 mg one morning. the following day lost consciousnes while driving fell down a ravine accident i had at 17.30. anyway increased medication to a state where. touch wood, i don't have any problems really other than minor side effects, given clobazam (5 mg 3 times a day) for anxiety & depression,with which i have noticed no side-effects and does help eliminate other epileptic problems (deja vues etc);8;;88;3
3662;Maximum dosage indicated in literature is 150 mg per day. Took two 75 mg capsules in the morning with breakfast. The medication started to work within two or three days. However, it's expensive. I would not say that I am non-functional without it, but I believe I am more functional when taking it.;8;;53;3
124;I was supposed to take 2 tablets a day 1 in the morning and 1 in the evening. I followed this regimen for 1 and a half weeks then I decided to reduce the dosage myself to 1 per day. I checked with the ND and she said that protocol could be followed unless I felt that I was going to have a breakout then go back to 2 a day. I can take up to 4 per day if needed however so far the 1 per day has worked well for me.;9;;93;3
3190;I am supposed to take 50 mg a day. I was told to take 1/2 in morning and 1/2 at bedtime or 50 mg at bedtime or 50 mg in the morning. Whatever works. There are so many side effects that the good night sleep will have to be given up. I can't stand a drug taking control of my body. I hope there is a better treatment. I have a call into my doctor.;2;;75;3
2039;"I was diagnosed with high blood pressure (145/90) over 10 years ago, a few years after experiencing early menopause. Severe headaches were also commmon. First treatment: dietary changes and increasing daily exercise--not adequate; in fact, it increased. I was prescribed Cozaar, 50 mg/day, with the reminder that the first dosage tried was rarely the correct one. In my case, it was and I get checked now every 6 months. My blood pressure stays around 118/70 range.";10;;76;3
3135;The treatment for me is to take 2 80mg capsules of Geodon daily and follow up with a psychiatrist.;10;;19;3
3836;applied 1 drop to the each eye daily in the evening,very effective,took few weeks to grow new lashes,but it was worth waiting,used disposable applicators daily to prevent eye infections,as well applied to the brows growth line;9;;36;3
444;My doctor prescribed ten 1 mg tablets to take on an as needed basis. The prescription was given to me in February 2008 and I still have 1 left and it's August 2008. So roughly, nine tablets in twenty weeks.;10;;40;3
3288;I began on the tiniest amount, 50 mg. once a day. It was not at all effective. I was upped to 100 mg. daily and that made a difference. Afer about 6 months, at my request, the dosage was upped to 150mg. daily. This held me for 7 years. Then I crashed again. The doctor upped it to 200 mg., taking 150mg in the morning and 50mg at bedtime. This has worked for me for many years. Once you pull out of a depression, which is a very physical thing for me, and you can experience a life that is not defined by how gray to black it is, it is humbling. I can now experience tasting food, having a sex life, feeling joy, and actually bound out of bed. My energy is normal. Anyone who claims that they pop antidepressants for kicks as if they were uppers or downers has got to be making it up. If you have ever experienced true clinical level depression and then had the gift of taking this medication and for the first time really having a life like everybody else, you would never ever abuse it. It is so precious to feel normal for the first time. I will take this medication for the rest of my life. This must be how it is for people who take insulin. It's about getting your personal body chemistry righted.;10;;234;3
502;A single 10 mg dose was taken daily. I logged my progress by journaling my emotional and physical state at various points in the treatment.;8;;25;3
2863;Interestingly, if I took four 250mg doses per day, the drug was not as effective in treating my acne.;9;;19;3
3366;Treatment consists of one 10mg dose of lipitor taken just before retiring at night. Blood tests every six months to ensure liver health is unaffected.;10;;25;3
2966;i take 1 1000 mg pill every night. along with the medication i have improved my diet, lowered my fat consupmtion and added 30 mins of walking every day. I feel the niaspan has helped my hdl blood count considerable.;8;;40;3
572;Treatment was 1 pill per day for approximately 3 years (25 mg) which I am told is a quite low dose for this medication. However my weight is 100 lbs on average and small build so for me it was more than enough. It helped my hypertension come back to within normal range which I was pleased with. If I needed to go back on an antihypertensive, I would try it again;8;;72;3
2684;Started on Lisinopril(20mg)/HCTV(12.5mg) and after 5 days the leg and back pain, headache, jumpiness were unbearable. Doctor assumed potassium loss due to the dieuretic and took me off the HCTV and went with Lisinopril(20mg) only once per day. The side effects continue well past the time when the HCTV should be out of my system. I am going to the doctor tomorrow and want off this drug completely. Plan to use diet and exercise to lower my BP.;3;;78;3
10;He takes the nasal spray in the morning and at night-2 sprays each. It controls his allergies and he no longer suffers from the sinus headaches that were interfering with his life on a daily basis.;10;;36;3
15;The first dayI started taking the medication 500mg 12 hrs apart. Then my stomach was hurting and I had diarrhea. I decreased the dosage (on my own, which I would not advise others to do) because I have a history of pseudo-membranous colitis, and I need to be cautious of antibiotics. However, I needed the med for the kidney infection. On days 2-5 I took 250mg 3 times a day (eight hrs apart). This reduction in dosage relieved the stomach pain and the diarrhea. After the third day of antibiotics, I noticed a decrease in back pain so I knew the medication was working.;10;;104;3
2353;Took one pill orally in 1mg form, generic - daily for 6 months. (Am still taking....) At the 6 month mark I've certainly not lost more, the hair looks thicker, and longer. I do need to admit that I'm also using Nisim shampoo. Which has a clinical study reported to be successful. While it only has one ingredient which is thought to regrow hair, Saw palmetto , it's clinical trial after 5 months saw over 80 percent of men regrow hair. It's a stimulant that appears to work, while the shampoo appears to thicken hair. I think it is working in conjunction with propecia to restore my hair.;8;;108;3
317;After having this prescribed to me by my dentist, I knew it was very effective. I'd tried various other medications prescribed by my doctor to help me sleep, so I told him I'd like to try Ativans as they had worked so well as a relaxant before a dental extraction. We worked together to come up with a dosage, and he then prescribed the 1mg. As stated before, the one mg. was more than enough at first, so I would cut the tablets in half and for the first couple years this worked just fine. For the past couple years though, I've had to use the 1mg. before bedtime... and will probably have to talk with my doctor soon about going to a stronger dosage as I am noticing lately that it is not working as well as it once did.;8;;141;3
1737;"I am still taking it to manage both my migraines and my mood disorder--200 MG 2x per day. I take 2 in the AM and 2 in the PM. It is prescribed by my Neurologist and managed by him mostly; and my psychatrist also works with him, because if I ever go off of the drug, I would be required to go onto a mood stabalizer due to the bi-polar disorder. I would be very unhappy to have to go back onto something like Depakote, because that made me very slow and sluggish and Topamax does not have that side effect.";10;;101;3
50;"The prescription says to take 1 tablet every day as needed for allergies. My allergist suggested I use this daily, as I have chronically dark circles under my eyes and a drippy nose, even though I have a home with zero carpet and have sealed my bed and pillows in allergen barriers. However, I do not take this daily because it is drying and costly to do so. I use this occasionally when I sleep at someone';s house or need to dust or sweep.";9;;84;3
461;I had numerous surgeries with the insertion of c-tongs to drain abcess, they just kept bagging the flagyl into me not telling me that I could get peripheral neuropathy. Today 8 years later I take neurontin a very low dose, can't handle higher than 200mg per day for the peripheral neuropathy, My Neurologist has tried everything under the sun, but I guess only God can repair or give you new nerves damaged forever by the medicine. I also take percocet 5/325 4 times a day because it takes the edge off of the burning and feeling like I have a motor sitting on top off both feet. I also walk w/ a cain my left leg sometimes does not come forward and I have fallen breaking wrists, ribs and such.;1;;130;3
4021;I took a Vermox tablet orally for three weeks and another dose for three days a month later. I began taking a dosage of Celexa of 40mg which was eventually reduced to 20mg per day after about 1 years. I continued a dosage of 20mg for another 1 years, but switched to the generic form, Citalopram.;9;;56;3
4051;I was prescribed 21 Amoxicillin caplets which were 500mg per dose. I was instructed to take the medicine at regularly spaced intervals and to complete the prescribed course. I therefore took one caplet at breakfast at around 8am, one caplet after lunch at around 3pm and one caplet in the evening at around 10pm. I was not advised to take the Amoxicillin caplets with food and, apart from the first daily dose, the times I took the caplets did not coincide with meals. I swallowed the caplets with water as advised.;10;;91;3
1968;The treament consisted of taking lyrica 75mg once in the morning and again a bed. Take the soma as needed and the morphine every 12 hours.;9;;26;3
875;I was prescribed the drug at 20 mg a day. For the first three weeks I took it in the morning but, due to severe drowsiness, after 20 days I began to administer it just before bedtime. This resulted in the vivid dreams and led to greater alertness during the day.;10;;51;3
3740;Right now I am just taking 25 mg Lamictal once a day. I recently just stop taking Adderall, and so far have experience less anxiety. I also take busiprone twice a day with the lamictal.;8;;35;3
2947;I had to take 150mg daily for the 1st 5 days, then twice daily. The tablets made me feel very anxious and depressed from day 6 onwards. I experienced a full blown anxiety attack on day 10, with racing thoughts that I could not control, suicidal thoughts, and a feeling that I was about to lose my mind. I had the presence of mind to realise that I was experiencing a reaction to the drug, but had to call a friend to spend the evening with me as I was experiencing a strong urge to kill myself. I discontinued the tablets, and the symptoms went away immediately;1;;107;3
1800;I was given 2ml of Methylprednisolone to reduce the inflammation of my sinusitis and to reduce the infect i was given Clarithromycin. I was ordered to take 2 tablets of 500mg once a day after meal.;8;;36;3
1546;The methotrexate is administered by subcutaneous injection (self-administered) 25mgs once per week. I have been taking methotexate for approximately 5 years. Foe the first 4 years I took the same dose orally, but it eventually beacme less effective so I switched to subcutaneous injection. It has been extremely effective at controlling the symptoms of rheumatoid arthritis and I feel 95% normal.;10;;61;3
3116;28 day pack, 1 pill a day for prevention of pregnancy. Prescribed 28 pills to take once a day for a year supply through my doctor till the next annual exam.;8;;31;3
1146;I took 2 pills at the onset of my menstrual cramps and then every 8-12 hours took 1 pill as needed for about 3-4 days until cramps were over. If cramps are bad, make sure to take every 8 hours on the dot because the medication stops working suddenly and unfortunately takes about an hour to an hour and a half to kick back in.. if cramps are only moderate, taking every 12 hours is okay.;10;;76;3
3947;I was given Prilosec prescription at a dose of 45mg per day. Medication was taken once, every morning before eating. Each treatment duration was for 6 months.;3;;27;3
1043;I had began taking 20mg of Vyvanse for three months and was surprised to find that such a small dose affected my mood so effectively. When it came to school work though I found that I needed the 30mg to increase my level of focus (and have been on it for a month since). I had not experienced decreased appetite until about a month into taking the 20mg. I find that the greatest benefit of Vyvanse for me is that it tends to stabalize my mood on a daily basis and lessens any bouts of anxiety and depression that i used to face before I was perscribed.;9;;107;3
1084;started on a low dose (25mg) and built up to 150mg over 3 months which was reduced to 75mg per day after six months. This dose continues today. A six month treatment break resulted in a return of the symptoms so treatment was resumed at 25mg up to 75mg after one month.;9;;52;3
1351;"Because my LDL cholesterol was in the ""high risk"" range by American Heart Assn. standards, it was important to lower my risk level quickly. In addition to taking 5 mg. of Crestor daily, I made disciplined adjustments to my diet. I cut out animal fats, including dairy fats (like cheese and ice cream). I cut out trans fats (like partially hydrogenated oils). I greatly increased my consumption of wheat bran and oat bran, and raw vegetables. I also took 500 mg. of time-release Niacin with my lunch each day. Once I got my LDL cholesterol down to below 100 mg/dL, my doctor revised my prescription to only 2.5 mg. Crestor per day. Since Crestor is not sold in this dosage, I must cut the pills in half. I was tested again after 60 days at this dosage, and my LDL was still below 100 mg/dL. And that was with a more relaxed diet.";10;;153;3
1938;I was prescribed this medication after being seen by a doctor for a severely infected cat bite wound on the top of my left foot (which the doctor was concerned might become a systemic infection). The foot and my entire left leg were very painful (especially upon movement), so the doctor had me take Ultram ER to help relieve the pain. I was told to take 1 tablet daily as needed. I did as instructed for two consecutive days and did not have any relief from my pain. After I reported this to my doctor, she gave me a prescription for a stronger pain reliever (which did help).;1;;108;3
2321;I have found that I have to take it at night because of the sedating effect it seems to have on me, but that is not a problem. I was on 10 mg, and ramped up to 20 mg fairly quickly, which was like a shock to my body.. that 3 or 4 days were like a haze, but I stuck with it and it passed. I am on it for almost 4 months now and I am feeling much more like myself.;9;;83;3
2957;I took one 150 mg tablet for seven days, stopped smoking on the sixth day. As prescribed I took one tablet twice a day for six weeks. After consulting the doctor over my cncerns of the side efeects I took one 150 mg tablet a day for the next four weeks.;9;;51;3
1261;Recommended dose is 200mg once a day, can also be taken again in the afternoon if needed.;10;;17;3
1757;Topamax 50 mg was prescribed at bedtime for reduction of severe vocal tics. Medication was prescribed by a neurologist. The side effects far outweighed the benefits of this medication.;10;;29;3
1691;I take 10 mg of a grocery store brand loratadine nightly. I try to not take it with milk, I felt like it was not working the next day when I did take it with milk.;9;;36;3
2191;"For years, after some kind of nerve damage after a spinal tap, I would start to have small seizures every time I would begin to relax. (GETTING TENSE DIDN'T HELP EITHER ;-) I had trouble laying quietly, let alone sleeping. My teeth chattered and my legs twitched like crazy and there was a very painful weak spot in my lower back. I still have the painful weak spot and pretty severe migraines, but this drug was a quality of life saver. When I took it at the same time as Topomax it was ESPECIALLY effective. I take 2 mg at night before bed, and sometimes another .5 or 1 mg during the day if symptoms were bad. It's exhausting to never be able to relax.";9;;125;3
2445;I take 1 tablet in the morning an 1 tablet at night everyday. When I am able to afford it I intend to try the brand name of this product to see if it will help with my libido now since I have had a hysterectomy and am experiencing low libido, weight gain, and depression of a different kind than I experienced in the beginning.;10;;65;3
2945;I take a .25mg tablet every a.m. and then around dinner I take another one. This keeps me from becoming jumpy in the daytime because I used to just be sitting there and my arm or leg would fly up or I'd feel the need to move. I also take 1 mg at bedtime to stop my legs and arms from jumping in my sleep. This has improved my quality of sleep immensely.;10;;73;3
505;I've dealt with anxiety since I was a kid as well as obsessive thinking. It continued to build until I was 17 and I had a major panic attack, which I could not calm down from. My psychiatrist put me on Paxil CR and I worked up to 25 mg. The dosage made a big difference, though I still had moderate levels of anxiety, but I could function. About a year and a half ago I was hit with another major attack that send me into a relapse for about 2-3 months, then I upped my dosage to 37.5 mg and within a week I felt fine, even better than I felt before. Now a year and a half later, I found myself in another relapse and after a week I released that all this time I was not at a high enough dosage because my anxiety and obsessive thoughts would still creep in and cause me distress. So my psychiatrist agreed that I was not at my ideal dosage and I am now taking two 25 mg in the morning which equals 50 mg, which is still a fairly moderate dosage considering other patients that were on 80 to even 120 mg. I just started taking it, so I should start feeling even better within about a week or two. I've accepted that I may need to be on this for the long haul, which is fine. I look at is as nutrition for the brain, or like taking insulin for diabetes, it allows me function and enjoy life.;9;;260;3
1157;She was given an oral suspension (8 mg/mL trimethoprim and 40 mg/mL sulfamethoxazole) of which she needed to take 7 mLs 2 times a day for 10 days. She took it once in the morning after breakfast, and once before bed.;8;;41;3
2350;I have to take 1mg/day to stop hair loss. I did not notice results until recently after having taken it for 6 months and I am hoping to notice even more once I have been on it for a year.;9;;40;3
2194;Initially this drug was prescribed short term for a significant life crisis. I did not use it much as such, I did not feel short term effects for daytime use. I did, however, learn that taking 1 mg prior to bed would better the quality of my sleep, stop me from waking up in the middle of the night with anxiety and allow me to sleep longer. Overall, this improvement in sleep quality allowed me to function better in the daytime thus allowing me to deal with the stressors on hand. I have reduced the dose to .5 mg nightly with the same effects and less morning drowsiness. I intend to continue to lower the dose until I am off it entirely. That said, if the sleep disorder/anxiety returns, I will not hesitate to return to using the drug. Hope this helps someone.;10;;143;3
3375;I take 10 mg of Lipitor daily and get a liver function test every three months. So far, this has been fine, but I will need to be tested continually as long as I take Lipitor. I don't mind this, as the benefit of having a healthy cholesteral level is more important to me than any hassle of getting tested. If at some point my liver function appears to be unhealthy, I'm guessing my doctor will have to reevaluate my situation, but for now, it's fine.;10;;86;3
1954;For Fibromyalgia, in the morning I take half of a multi-Vitamin and 50mg of Lyrica. 5 days out of 7 days, I excercise for 20 to 30 minutes on a tredmill. In the evening, I take half a multi-Vitamin, 100mg of Lyrica, and 5mg of Flexeril;8;;46;3
3046;I currently take 200 mgs at night before bed along with 200 mgs of Lamictal and Wellbutron. No therapy anymore.;8;;20;3
135;When you first feel a cold sore coming on take 4 pills with water, wait 10 to 12 hrs and then take another 4 pills. I have heard of people taking a daily maintenace dose that should ensure you never see a break out of blisters appearing, however, if not on a drug program, this would be very expensive, and depending on how many times you tend to break out, probably not necessary.;8;;73;3
1592;I was started at .5mg, the second strength of dosage, 2 times daily. I became afraid of it because I was taking it to calm me from coming down off opiates, however, I was already on a medication to stop me from taking opiates, which was actually not supposed to be taken with alprazolam because of concerns that both medicines cause respiratory depression.;8;;63;3
3179;I take 50 mg at night 1/2 hour to 1 hour before I want to go to sleep. I stay asleep and don't wake up every hour like I did before starting it. I feel refreshed in the morning. It does make my mouth pretty dry, especially first thing in the morning. I also have dry eyes I believe as a result of taking trazodone and it makes it difficult to wear contacts because of the dryness.;9;;77;3
793;Post surgery to my right knee I was in considerable pain, and suffered insomnia because of it. Ambien 10mg was prescribed as needed at bedtime. I took it nightly for the first 3 nights post surgery. On the 4th night, I didn't take it, and woke up all through the night. All in all I took the Ambien a total of 7 out of the first 10 days following the surgery. It helped me to sleep very soundly and the pain didn't interupt my sleep. I had no ill effects from it at all. I still have the remaining 20 tablets that were prescribed one year ago.;9;;107;3
2969;I observe a strict Atkins Diet, with regular supplements of a good iron-free multivitamin, calcium citrate-malate, fish oil, glucosamine/chondroitin and coenzyme Q-10. Liberal use of Morton Lite Salt provides good potassium supplementation. I also use a psyllium-husk fiber supplement to consume 7g of soluable fiber daily in 3 doses, which by itself had significantly lowered my LDL and total cholesterol prior to commencing Niaspan ER therapy. I've been exercising on an elliptical ski machine for 30 mins twice per day, burning 1000 calories, and have lost 50 lbs over the last six months.;10;;93;3
2337;1 mg pill taken daily for hair loss on the crown of the head. I later changed doctors and instead of prescribing Propecia he gave me Proscar 5mg, which i was able to take one-fourth of the tablet and save about $60.00 a month.;8;;44;3
2822;"Take 300 mg wellbutrin xr daily in morning, eat healthy whole foods, exercise-outdoors as much as possible, prayer; meditation, yoga, get rest, restructure negative beliefs into positive beliefs-cognitive & spiritual approaches";10;;31;3
200;Take 2 pills about an hour before I wake up in the morning. Then I take the third pill between 11 am-12 noon.;8;;23;3
1406;Take 1 pill in the morning to treat ADD-like symptoms that started after a car accident. Took several years to get Chronic Fatigue/Fibromyalgia diagnosis and quite awhile after that before this medicine was prescribed. Tried most of the standard ADD medications to help with brain fog but bad side effects, worked for awhile then stopped, or no effect. Many doctors not comfortable perscribing this medication for ADD or ADD-like symptoms since it's a weight-loss medicine. I usually only take this medication during the work week and give my body a break on teh weekends.;10;;94;3
2820;"300mg Wellbutrin daily. My hair started falling out after the first week. During week two, I saw my doctor and told her about this. She said it was not a known side effect. Internet research assured me the hair loss was not coincidental; others had the same reaction. I quit taking it a few days later.";3;;56;3
132;I had had herpes for years before I was prescribed Valtrex (previous treatments were Acyclovir). It was prescribed on the second day after the sores appeared and I noticed the improvement the next day - the pain was almost gone. I took two pills per day, one in the morning and one in the evening, for 7 days, after which the remission was longer than the previous ones (sometimes, the outbreaks happened as often as every two weeks), about two months. After that, I started taking 2 pills of Valtrex the day I started feeling the outbreak (a nasty, gnawing feeling in the area where the sores would appear) and if it does not prevent the outbreak entirely, it lasts much shorter, is much less painful, and each time the remissions are rather long.;8;;134;3
1677;Dr Rx recommendation to take 5 mg of Loratadine every 12 hours until symptoms reside. Extended Release Tablets was indicated for my relief of the nasal and \ symptoms of allergic rhinitis including nasal congestion due to the common cold.;8;;40;3
2491;After trying many anti-depressants, anti-anxiety and panic drugs - sometimes alone, sometimes in combination, nothing really worked for years until i tried (and continue to use) Remeron. It has made a *world* of difference to me and my quality of life. Started out on 7.5 mg one per day - gradually increased it. Too much made me sleepy, but found a right balance. Wish i knew about the drug many many years ago.;10;;73;3
1033;I take one 70mg pill a day in the morning. I don't take it with food and it does not bother my stomach at all.;10;;25;3
2276;Doctor prescribed lexapro when I had seen him about black moods & depression which is something I have had on and off since I was very young. Depression was starting to effect my family life so felt I needed to see a doctor, he prescribed me lexapro as it helps with depression & anxiety. I was prescribed 10mg and take one tablet daily. I visit the doctor regularly to update progress on lexapro;8;;73;3
3404;The cost of the Proscar tablets was around $100 dollars Australian and came in 5mg tablet sizes that each needed to be cut into quarters for the daily dosage of around 1mg. took the tablets every morning around 8am once a day.;8;;42;3
3056;I take one 100mg tablet about 2 hours before I go to bed (I have a slow metabolism). I allow about 30 minutes in the morning to wake up and be functional before I leave for work or school. I usually hit the snooze button about 3 times.;9;;48;3
2066;"My diabetes treatment is three fold. I take medication ( glucophage, gliperide, & actos) follow a diabetes friendly diet and exercise regularly. My medications are glucophage 1000mg in the morning and 1500mg at night; actos 45 mg in the morning and gliperide 20 mg in the morning. My diet is based on a 1800 calorie ADA diet with meals including no more than 60 grams of carbohydrate and snacks with no more than 15-30 grams of carbohydrate. My exericse is a minimum of 20 minutes of walking 3-4 days a week.";9;;91;3
1864;I was prescribed Augmentin at 875mg to be taken twice a day for 10 days in order to fend off infection in my nail bed. Meanwhile,I used topical iodine and hydrogen peroxide to clean the wound several times a day and applied new bandages at each cleaning. Once the swelling and pain subsided and growth of a new nail was evident, I trimmed away what I could of the damaged nail to allow the new one space to grow and to aid in keeping the wound clean.;10;;87;3
1190;The dose was prescribed in capsule form at 20 mg to be taken daily, preferably in the morning.;8;;18;3
3035;25mg once at bedtime to start first week, then 50, 75, 100, 150, then 200mg final dosage after weekly increase. Tiredness was suppose to subside in increased dosages, which really I feel it was so highly increased that it had a reverse affect and made it impossible to sleep or move or even hear a pin drop without thinking it was the front glass door being broken into.;1;;68;3
232;In conjunction with taking Lexapro for anxiety, Wellbutrin XL was taken (150 mg/day) to reduce depression and balance the side effects of Lexapro, including lethargy, weight gain and sexual dysfunction. Lexapro was taken in evening, Wellbutrin XL in the morning.;8;;40;3
785;My family doctor prescribed naproxen for continued inflamation and soreness after I had completed a 3 month period of physical therapy for my separated shoulder. I had been using ibuprofen and/or tylenol and my discomfort had continued unabatted. I was given a prescription for naproxen, 375mg, to be taken as needed twice daily. I had been having trouble sleeping due to the soreness and discomfort in my shoulder. The first night I took naproxen, I slept without waking during the night. I have gradually improved with a limited amount of inflammation and soreness. I have noticed improved range of motion in my shoulder.;10;;103;3
998;For the last 8 years I am taking 90 mg Armour thyroid daily for treatment of my multinodular goiter.;8;;19;3
2069;Metformin 500 mg taken twice a day. This controlled by blood sugar but it is important to realize that the medication does not peak until about 4-6 hours after it is taken. This is important knowledge to have in order to time the administration of the drug. When I took it too close to dinner time, it was not as effective as when I took it 4-5 hours before dinner. I wish my healthcare provider or pharmacist had told me when it peaked but that information came from a diabetes educator. I got better control after I knew when to take my dose.;8;;103;3
3176;"I first had a 60-mg shot in the office; the next day I was to take three 20-mg pills (=60 mg, once a day). Then, for 5 days, I had to take two 20-mg pills; then for the last two days, I was to take one 20-mg pill each day.";8;;50;3
3264;200 mg once a day for seven years so far has worked very well,and will continue to take this medication at this dosage for at least another year,maybe more.;8;;29;3
2845;to take Montelukast every day. to take clenil (inhaled) 2 puffs 2 times a day to take salbutamol - when needed;1;;21;3
2730;I take 3 flexeral a day at 10mg each. I take 3 elavil at night at 25mg each.;9;;18;3
3689;Took 75 mgs once daily for about three months, then wheened myself of it. Very difficult to do, had withdrawels that included nausua, crying, dizzyness, brain felt like it was short circuiting in a way. I had to lay in bed when I didnt take it for 2 days.;8;;49;3
125;I took Valtrex before a laser treatment to prevent the outbreak of cold sores or herpes virus. The first laser treatment without taking Valtrex caused a herpes/cold sores breakout on my face around the chin area. After consulting with my physician, he prescribed Valtrex to prevent the outbreaks in future laser treatments. I learned that the laser triggered the herpes outbreak, since the virus is in a dormant state until it is disturbed and activated by the laser. I was prescribed 500 mg of Valtrex to be taken 3 days before the treatment, the day of the treatment and three days after the treatment, for a total of seven days. I took the medication twice a day and started this seven day regime each and every time I had a laser treatment to prevent any outbreaks.;9;;136;3
707;I began the medication at a dose of 30 mg once daily and it was increased to 60 mg... which became the maximum i could handle without significant discomfort.;9;;29;3
1301;To take 20 mgs a day every day.My total cholesterol is 252, LDL 153, HDL 75;1;;16;3
2833;I take 20 mg Lisinopril dailey at night. The drug is very effective in lowering my blood pressure. I have not had any problems with side effects, some people have problems with a chronic cough.;10;;35;3
2179;"Patient had severe insomnia. 45 years old, 5'7"", 90 lbs. Was given 5 mg Halcion nightly to sleep and it had little effect. Patient was able to sleep 1-2 hours. She doubled dose and it still did not able her to sleep any longer.";3;;44;3
3705;"I take a 150mg tablet in the morning before or during breakfast and then another at lunch. This combination prevents heartburn throughout the day. Late night dinners may produce heartburn, often I'll take a tablet prior or immediately after as prevention. Also I elevated my bed about 2"" at the head to prevent what had been fairly frequent events of stomach acid somehow working its way into my mouth at night. This drug and the elevated bed has reduced this to a very rare occurence, and again often associated with late evening meals if I do not take a tablet in the evening.";9;;103;3
3924;I took 1 capsule (40 MG) of Nexium daily for 30 days. Because my heartburn was typically worse in the evenings and at night, I took it in the late afternoon about 45 minutes prior to dinner. After one month, the improvements have been quite noticeable and I have been able to switch back to less powerful, over-the-counter medications.;10;;59;3
2806;I started on 150 mg for 2 weeks on the brand name drug once a day. It seemed like as soon as I was switched to the generic 300mg, the energy and focus benefits stopped. There is no way to know if it was the switch to generic or just my body getting used to the drug, but it was dissapointing. I really enjoyed the energy. I weaned myself off after 1 year because I didn't need it anymore. I did not have any significant withdrawal symptoms. Overall it was a positive experience, although I was glad to not need it anymore.;8;;102;3
3511;Was prescribed this drug in a 5% solution by my dermatologist when suffering from Alopecia Androgenetica. He advised to apply a 1 ml dose twice daily.;9;;26;3
1237;Patient was to take 800 mg twice daily to treat ulcerative colitis but was found to be intolerant to Asacol and was discontinued. The side effects began about 7-10 days after starting the Asacol. The nausea and vomiting was not immediately associated with Asacol but was attributed to possibly having the flu. It was only until his urine became a brownish purple color that we thought it must be the Asacol and immediately stopped it. Symptoms went away when stopped.;1;;80;3
1603;Was started on 2.5 mg daily and was increased slowly. I never finished school, back then we didnt have add/adhd just lazy students. I wanted to finish school for twenty four years and never could.. I recently took my GED and passed. I am now looking into college courses. I do feel I could benefit from a slight increase in my dose or a longer acting does as I lose concentration around early evening (study time);10;;76;3
507;I began talking 250mg 4 capsules 4 times a day along with other medications after surgery for a bowel obstruction. this was the 3rd surgery for bowel obstruction I had over 20 year period. Eventually I weaned down to 8 capsules then began 500 mg and take 4 capsules per day.;10;;51;3
47;Treatment regimen was 1 5mg pill per day. Did not need to take with food.;3;;15;3
1218;I started taking one 10mg tablet of Fluoxetine in the morning for three days and then changed to one 20mg tablet in the morning;1;;24;3
1259;"I was originally prescribed 1 tablet bid and discovered that for me, reducing the dosage to 1/2 tablet worked much better. I am about 5'4"" and weigh 140 lbs. I now use the medication only on an as needed basis rather than take it daily, which is not necessary as my energy levels vary quite a bit. It was also suggested that I try Flexoril (sp) to see if the cause for my fatigue was caused by pain or discomfort which kept me from getting adequate sleep. That was not effective unless I wanted to miss a day from even more fatigue than usual.";8;;104;3
1638;Once daily I am taken Premarin .0625mg and I am planning to try the new dosage of .045 mg. To me, it was a tremendous life changing event and I only have positive comments. The benefits far outweigh any side effects mentioned by some people.;10;;45;3
1267;I take 200mg every morning. It keeps me from feeling tired, but doesn't help me feel rested. At night have to take a sleeping pill so that I actually fall asleep.;9;;31;3
1936;took the z-pack as prescribed on the box and by my physician. 2 pills on day 1 then 1 pill per day on days 2 through 5.;10;;27;3
1523;the treatment is taking the medicine every day, three times a day for the first three years the dosage I got was of 850 mg twice a day one pill after breakfast and one pill after supper. after three years the dosage was changed a bit and I have received 500 mg three times a day, one pill after each meal. recently (round six months ago) since the blood sugar leveled were under control, the dosage was reduced to 500 mg twice a day after breakfast and after supper;8;;89;3
2298;I am to meet up with my doctor again after 2 weeks to see how it is affecting me. I am taking 10mg once a day in the afternoon after lunch. I have made an appointment with a therapist to also help me. I don't see this as a forever fix but for now it is doing the trick..... Meanwhile it allows me to focus and feel like I want to better myself so in the end I am hoping that this is just a bandaid until I heal myself or find a way to deal with things as needed.;9;;100;3
4105;first week 1 pill per day while smoking continued. Doubled dosage from day 8 on and stopped smoking. Was able to stop taking medication after 3 weeks. No smoking recurrence for 10 months.;10;;33;3
3793;I was given keflex (3x daily) for an infected root canal that needed to be redone. The swelling, pain and swollen glands subsided substantially while I was waiting 2 weeks for my appt to have the root canal redone. After the root canal, the dentist put me back on the keflex (2x daily) to insure against further infection, also since I have mitral valve prolapse. After 2 doses I developed diarrhea and took .5mg of immodium (I am sensitive to immodium, only need a very small dose). 8 hours later I developed worse diarrhea and then very severe vomiting, stomach pain, severe headache, dizziness, chills. Also my muscles were shaking and cramping as if I was very cold. I had to be taken to the urgent care, received an injection of phenergan which helped, and told never to take keflex again. Flu test was negative, I had not eaten anything during that day which could have caused food poisoning. Dx: gastroenteritis caused by keflex.;1;;164;3
3846;I was perscribed 75mgs X 2 per day. I take double that amount and still have very little relief.;2;;19;3
250;I went up to 450mg once a day but cut back to 300mg a day about 6-8 mnths ago and didn't find I was less able to cope with my depression. I do find that I feel depressed more often but I recognize the signs of the depression and use coping stragies to deal with what is happening.;8;;58;3
3387;Treatment started in an alcohol rehabilitation clinic january 2010 in the netherlands. Baclofen is generally known as a muscle relaxation medicine often used by people who have epilepsia. Initially 3times daily a total of 60 mg, after 6 months 90 mg per day, to increase effectiveness. Should be used in combination with therapy. Patient was severe alcohol addict for over 20 years, and has not taken any alcohol since 6 months. Patient describes that his alcohol cravings have nearly disappeared.;9;;80;3
267;Tramadol was prescribed after suffering from TMJ for over 20 years. I suffered from chronic pain due to severe TMJ complications. In addition, the TMJ was causing migraine headaches and insomnia. After all conventional methods of treatment (e.g., exercises, mouth appliances etc.) and drugs (e.g, ibuprofen) did not alleviate the problem, symptoms or pain, the only option left was surgery. Because surgery for TMJ conditions is not a guarantee for success, I was reluctant to agree to the procedure. Finally, as a last resort, I met with a doctor who specialized in chronic pain management and I was prescribed Tramadol, 100 mg/twice daily. This drug has worked extremely well for the past 11 years in controlling the pain.;9;;118;3
2076;Began at 500 mg once daily, increased to 500 mg twice daily, then increased to 2000 mg (1000 mg twice daily). I believe that the slow increase of the dosage helped control any negative side effects. It took about 3 months to really start noticing a difference, but that could be due to the titrating schedule. I am also trying to be more conscious of what I do eat and when, which is helping with the weight loss and appetite issues.;9;;81;3
287;I had a sinus infection and was instructed to take 500mg. of cephalexin every 6 hours for seven days. It took four days before the cephalexin took effect. I have a hard time getting an antibiotic that I don't have a negative reacton to. I am allergic to penecilan and can't take Z-pack because it severely upsets my intestinal tract.;9;;60;3
3731;I am currently taking it, and started taking it again in September 2009. I now take 150mg once a day. I have not had any side effects since I started taking it again in september.I partially believe that the reason it is so effective now is that I am 20 lbs heavier than I was when I first took Lamictal and because I now take a lower dose.;10;;68;3
2470;I take the pre-prepared 50 mg. injection once a week subcutaneously, usually either stomach, or loose skin beneath left tricep.;9;;20;3
2247;Having suffered from recurrent severe cold sores in the past, I began taking 200mg five times a day once the onset of another attack became obvious. Instead of ending up with large and unsightly blisters and scabs, these were considerably reduced in size and the time it took to heal completely was also reduced.;8;;54;3
974;Supposed to take 1 tablet every 12 hours, if I remember correctly - did not take more than one dose because of horrid side effects.;1;;25;3
1764;I take one 200mg tab in the morning and one 200mg tab in the evening. I take the brand name topamax as the generic one caused my blood levels to dive a bit and I had a breakthrough seizure. Too bad as the generic is much cheaper.;10;;47;3
908;For depression take 20mg once a day. Will now come off and try another. Didn't work for me.;2;;18;3
260;I took 1 to 2 tablets three times a day prior to surgery. After surgery I took and continue to take 1 to 2 pills a day as needed.;8;;29;3
1581;I started taking Xanax in 1984 at the age of 33. I have a Mitral Valve Prolapse. I am one of the few people who has problems with it. Right before I started taking xanax, I was in and out of the emergency room with heartbeats up to 200 beats per minute. My heart doctor put me on Lanoxin and inderal to control heartbeat, and gave me Lorazopam for nerves. The Lorazopam did not do me any good. I was still having fast heartbeat attacks. He then referred me to a psychiatrist who put me on Xanax. My panic attacks stopped for the most part. I started out on .5 mg 3 times per day, and dropped down to .5 mg 1 time per day a few years later, as I was able to cope better with less. Today, I no longer take any medications at all. I withdrew from Xanax in 2003. I am doing fine. I have gone to a natural approach.;10;;164;3
508;2 tablets daily (500 mg) and in case of a flare up (inflamed digestive tract) the dosage can be tripled and for precaution measures a colonscopy should be done very 2 - 3 years. During a flare up I have light abdominal pain and bloody diarrhea. Salofalk is an anti inflammatory to reduce inflammation in the bowel.;10;;57;3
312;Took 2 tablets in the morning on an empty stomach, and two tablets at night after a couple hours of dinner. This went on for seven days.;8;;27;3
2308;10 mg of Lexapro was prescribed to be taken 1x daily. I was advised that this drug builds up in the system over time and that results generally wouldn't be measurable until taken consistently for a minimum of 4-6 weeks.;9;;40;3
3159;In addition to whatever antibiotic I was currently on, I was to take 9 mg. of prednisone -- the first few times, it was 3 mg with each meal, but that was really too much, so later we did the three tabs all at once in the morning -- a day for several days, sometimes as few as 7, sometimes as many as 15. Then, I had to taper off the amount I took for several days, in 3 mg increments for a few days each new dose. Finally, I would be off it. This time.;3;;96;3
339;I take 100 mg three times a day, with hydrocodone, and three hundred mg at night before bed.;10;;18;3
767;My Rosacea had progressed to the second stage (pustules) before I was diagnosed. I woke up one morning with pustules on my face, and one was infected. I went immediately to a dermatologist, who diagnosed me with Rosacea and prescribed 200 mg of doxycycline daily. I tried that, but my stomach would not tolerate it. He lowered the dose to 100 mg, and I did better, although it took a few days to adjust.;8;;74;3
1303;I am taking 40 mg once a day. I have been taking this drug for the past two years.;8;;19;3
1235;My treatment consists of taking 3 pills 3 times a day. Routine colonoscopys are necessary. I also take a multivitamin twice a day. I watch my diet. I drink a minimum amount of milk, eat a minimum amount of fried and unhealthy food, drink more water and fruits and vegetables.;9;;50;3
2519;"Depending on my arthritis pain, I would take 1 x 600mg Ibuprofen two to three times per day. During flare-ups, it was necessary to ""hit the pain hard"" and take 600 mg four times per day and on the very rare occasion 5 times per day (this has not been necessary for over 10 yrs.)";9;;55;3
2373;I started taking Propecia 4 years ago. Initially I took it daily as prescribed. Over about 12 or 13 months I noticed a significant reversal in my male pattern bauldness. Thereafter I slowly reduced the doseage and now only take 1 tablet once per week. My hair has not receded as a result.;8;;53;3
1415;"I would take 1 30mg pill in the morning at about 8am and then another 30mg pill at about 10am (sometimes trouble falling asleep if taken later). I have done that for 2 months. At the beginning I started off with only 1 pill a day. I try to ""self administer"" my breaks in taking the medicine because I've heard it was addictive and I don't want to be addicted.";8;;70;3
2242;I was required to take Accolate for three months to promote softening of my Breast Implants. The 20mg tablets were to be taken twice daily along with continued daily massage of my breasts. My Doctor said that the treatment had more chances of being effective if used early in detecting the Capsular Contracture (My treatment was started 5 months after the breast implant surgery). If the treatment didn't work, he advised, I would need surgery.;1;;75;3
881;Took 20 mg of paroxetine each morning (easier to remember in the morning). Reviewed effectiveness with prescribing physician every 3 months.;8;;21;3
1365;Took Biaxin twice per day (1,000mg total daily) and used Nasocort inhaler for inflammation of the sinuses.;8;;17;3
1609;2-100mg tablets are taken at bedtime. The dosage is self medicating, which means that if the condition is under control I can lower the doseage to see if the contrlo can be maintained at a lower dose. So far, after one year, I have been unable to do so.;8;;49;3
2341;Given 1mg Propecia for ~one week in 10/05, noticed instant compromise of sexual capacity and an increase in anxiety & confusion. Stopped because of this experience, however did not completely regain libido, sexual function or mental sharpness as promised. Tried treatment again two years later thinking my experience was normal and would subside with continued use (as indicated in drug info), until the same exact thing happened. I researched the symptoms and learned I was not alone thanks to propeciahelp.com, I stopped once again and have strived to reverse the damages since to no avail.;1;;95;3
2131;patient taking one 36 mg tablet, 7 days a week, in the morning after breakfast. Tablet was a slow release lasting throughout the day.;8;;24;3
2668;I take 1 pill daily at night. I don't have any nausea or sleeplessness because of it. I tried to bring my blood pressure down with diet and exercise.It is supposedly hereditary. I am 50 and in good shape.;10;;39;3
818;"I've taken Ambien 4-5 nights a week for the last year or so, to help with falling asleep. Despite being tired at night when I go to bed, I find that I can't ""shut my mind off"" and need a little help to actually get the rest I need. Ambien helps me get a really good night's sleep, but doesn't leave me with a hung-over feeling that other meds do. I usually only take 1/2 of the 10 mg tablet, and that's enough to help me drop right off.";10;;89;3
1679;Take 1 Claritin tablet every day during allergy season. I take the dose every moring. Again, 1 pill per day each morning during allergy season;9;;25;3
1741;I took 1 x 25mg per day which built up to 4 x 25mg per day over 4 weeks;1;;19;3
355;After having gallbladder removed a nerve was cut during surgery. That created the most intense pain. I trusted the medical specialists and was in so much pain I would have done anything to make it stop. They started me on 300mg gabapentin slowly increased every 2nd day until I was taking 10,000 mg per day. yes you read it correct 10,000mg. The legal dose in NZ 3,600mg. After a serious of events and specialists adding more pain meds from codeine morphine antidepressants etc things got worse. I have been trying to decrease theses meds for two years and don't feel like I have achieved much some days. to date I take 3x 300mg 4 times a day 3,600mg (done this alone). I have been to doctors ans specialists about side effects and feel they just dismiss them yet they come under criteria of serious side effects. I'm now the too hard basket. No help or support here with DPH or any medical facility. I have my children and Friends that help as much as they can. I desperation to come off this crap I started smoking marijuana that was more beneficial to help keep decreasing and control intense pain until recently convicted for growing my own medicine. In my opinion Gabapentin is such a dangerous drug and will be the undoing of many people. Here in NZ its all care no responsibility;3;;232;3
961;Started with 20 mg once daily. This worked for several years. When spouse endured 3 years of life-threatening illness, the dosage was increased to 40 mg taken as 2 20mg pills.;10;;31;3
56;I was to take it at bedtime to help my sleep due to the pain and spasms in my lower back and upper thigh muscles. I could only take.5mg or it made me too sleepy during the day.;8;;38;3
4122;Take 1 tablet in AM and one tablet in PM with food and 8 oz of water;8;;17;3
1596;Initially prescribed 1 mg. 3x a day for generalized anxiety disorder and panic disorder. Adjusted dosage to take incrementally .25 -.5 mg. as needed.;10;;24;3
891;instructed to take 20 mg daily...now I take 1/2 tab daily...ie 10 mg with good effect. I have been taking 10 mg daily for some time now, and feel no need to increase to the 20 mg.;10;;37;3
2492;I took 15mg once a day at bedtime as it causes drowsiness and it could be increased to 30 mg although I never needed an increase. I took remeron to get rid of my nausea which was constant and severe and it worked. After 3 years I had a major crisis in my life and forgot to take my remeron for 4 days in a row. When I finally did take it I was incredibly tired and couldn't keep my eyes open all day. I felt stoned and the only factor that had changed had been the remeron. I decided to try stopping as I had not suffered from that severe nausea since starting remeron. It has been 2 months and the nausea has not yet returned. I have no other side effects.;8;;133;3
1196;I took 20 mg. of Prozac once per day, in one tablet. It took about 6 weeks for the drug to reach its peak effectiveness, which is one of the drawbacks of this anti-depressant therapy. I tried others, but they didn't work nearly as well as Prozac.;9;;47;3
1070;I was also using a Q-Var inhaler twice a day during the flare (I normally use it once a day.) My treatment regimen when I have a flare is Q-var at 2 puffs twice a day, and the ProAir inhaler 2 puffs every four hours.;8;;45;3
247;Given for major depression. One 150mg pill per day. I still take the same dosage as I started out on. I am afraid to up my dose because Wellbutrin can cause seizures in many people.;8;;35;3
2964;1000 mg a day - once a day Cardiologist wanted me to take up to 1,500 mg but 1,000 mg brought my lpa back into range. My blood lpa test came back in the 70 range and normal limit is up to 30. After taking 1000 mg, I was back in the normal lpa range. Everyone with a family history of heart attacks or high cholesterol should have an lpa blood test run in order to prevent possible plaque buildup.;8;;80;3
1692;I take the ribavirin three times a day ,which equals 1200 MG. I also,give my self a sub-cu shot with the interferon, in either the right or left stomach or thigh muscles, this can bring on the chills extreme fatigue, and some other side effects it really sucks.;10;;48;3
2327;I was to take one 10mg pill at night before I go to bed every night. It did not matter if it was taken with food or with out food. Either way was fine. I had to take it at the same time every night. I was not suspose ot stop treatment unless my doctor said it was ok.;1;;59;3
2816;Started out on one extended release tablet at 150 mg once per day. After 4 weeks bumped up to 300 mg dose.;9;;22;3
4131;I built up the dosage like I was supposed to and took the twice daily dose for two days. I spent both of those days unable to move because of the nausea, so my doctor recommended I drop down to .5 mg a day. On that small dosage I became very depressed and began having suicidal thoughts as well as very vivid dreams. I went off the drug and then tried it again a few months later only to have the same depression issues. I'd rather keep smoking and try to find a new way to quit than to lose my life on this drug.;2;;105;3
2710;"The daily dosage was one 100mg. capsule, taken at bedtime. There were no ""rest days"" with this form of HRT. An annual blood test was recommended, to ensure liver health.";9;;30;3
2835;Child takes a 4 mg chewable tablet daily to prevent ashtma attacks. Previously, she used the granules which we mixed with applesauce or yogurt for her to eat. Very easy administration. Pleasant taste in the chewable.;9;;36;3
2825;"I took 2 100 mg of the Wellbutrin, 20mg of Ritalin and a 10 mg of a beta blocker (I can't remember the name) in the morning. Then at 3 I took the other 200 mg of the Wellbutrin; at night I took the Serzone (before it was yanked from the market) and the Trazodone. I took a drug holiday from the Ritalin over the weekend, but over the years I eventually increased the dosage to 35mg of Ritalin in the morning.";8;;82;3
4070;Patient was to try this drug for one month at a dose of 15 mg once daily. At the end of one month patient was re-evaluated and prescription was continued.;8;;30;3
512;Drug was prescribed 100 mg in the morning for high blood pressure due to chronic kidney failure. Combined with an evening dose 0f 5 mg of enalapril my blood pressure has been lowered to a normal pressure of approximately 115/80.;10;;40;3
2968;Bystolic.one tablet at bedtime...not necessary to take medication with a lot of water in order for it to be effective Niaspan..2 750mg tablets at bedtime with full glass of water and 1/2 cup applesauce;10;;34;3
3753;I have taken 1 50mg tablet daily for over 6 years for treatment of acne...caused by hormone replacement medications including testosterone cream. The medication worked very well for me for as long as I was taking it.;9;;37;3
3402;The dosage is suppose to be 1mg/day as this is all that's needed by the body. As proscar only comes in 5mg tablets, I broke them in half and therefor took 2.5 mg's per day. Propesia are however sold in 1mg tablets, but as mentioned before, are the exact same product and cost more than double the price as it's being marketed as an cosmetic product.;8;;66;3
1108;I took 150mg of effexor daily. For 9 years I was able to live a normal life with some small episodes of mild depression now and then. The last 12 months the effect seems to be getting less and the depression is rearing its ugly head again and I am isolating myself and have to really try to fight depression. I am experiencing the well known pooping out syndrome.I feel it is time tolook for another anti depressant which I am dreading.;9;;82;3
3600;I was to take 400 mg daily, but could not handle that. After letting the drug dissipate out of my system, I resumed it at very low doses (25-125 mg daily) plus herbal and homeopathic remedies. This finally, after several months, got rid of the fungus.;1;;46;3
951;The doctor asked me to take 80mg daily. He also asked me to lower my salt intake and exercise regularly.;9;;20;3
2158;I took 1 pill each day. I enjoyed not having to take it more than once per day. I have problems remembering to take more than one dose a day.;8;;30;3
3371;"One 10 mg pill, 1x per day. I also received a blood test for liver abnormality at one month, three months, and one year, after beginning treatment. I now receive a blood test for liver abnormalities every 1 1/2 to 2 years, along with the rest of my regular bloodwork at normal checkups. So far, there have been no indications of any problems. I'm also taking 200 mg per day of co q10 to replace what the Liptor diminishes. I do wish that my physician had mentioned this to me when he prescribed the Lipitor, but I actually found out about co q10 and lipitor through reading Dr Oz and Rizen's book ""You, Staying Young"". Upon asking my doctor about the co q10, he was familiar with it in relation to Lipitor usage, but never brought it up on his own. I realize that I would have continued taking Lipitor without any co q10 addition if I hadn't stumbled upon those facts by accident myself, and wish that when a physician prescribes a medication that they would also suggest any other supplements that should be taken or avoided along with the prescription. Overall, this drug has been very successful for me. As I understand it, most people have to take a much higher dose than i do to obtain similar benefits, so I'm fortunate in this area, as I don't like to take much medication.";10;;235;3
239;I take 300mg once a day and I've been on Wellbutrin for 2 years now and my doctor said there is no reason to stop taking it.;9;;27;3
1825;1 pill per day in the morning with food. Take 3 days off (placebo pills) before starting a new pack rather than a whole week. Take two pills the next day if a pill is missed.;10;;36;3
382;I was put on Corgard because of the Mytral Valve prolapse. I am very symptomatic. This greatly reduced the skipped beats. I take 1 tablet at night before going to bed.;8;;31;3
769;I always have had really bad cramps. I have tried many different prescription pain killers over the years and none have really made the pain any better. I first started taking Naproxen in 200mg as you can get this over the counter as Aleve in the States. Canada has no such product available. I found that even in 200 mg strength sometimes was enough to make my day bearable. I now get it from my Dr. in 500 mg strength and am able to carry out my normal daily activities as I was unable to even go to work some days before.;10;;102;3
2151;took as symptoms of seasonal allergies started. Used primarily 1 pill per day maybe 3-5 times per week from April to September.;8;;22;3
3390;Treatment included 2months of heparin injections in abdomen. Coumadin was given daily after the injections were stopped, at 6mg. The discontinuation of this medication caused an extension of the clot and re-admittance to hospital and another drug for blood thinning was given. Eventually, 6 months later, a doctor prescribed a compression stocking, which helped dramatically with swelling and pain. The Syntron blood thinner had no noticeable side-effects. Except possibly a still reduced libido.;1;;73;3
746;I would do 2 sprays in each nostril once a day. It would take about 36 hours to start feeling the benefit and about 3 days to get the full benefit.;10;;31;3
1808;after kidney stone i was prescribed oxycodone in a small dose of 7.5 mg for up to 6 times a day. i cut back to 2 times a day after 3 weeks and now just take about 7.5 to 10 mg per day once a day.;10;;46;3
3841;Take with a large glass of water (i must say I did not notice this instruction until now). Take 1 tablet daily (with food) when required to relieve pain and inflammation. Swallow whole. Do not crush or chew.;10;;38;3
2269;in combination with talk therapy, i took 40 mg of Lexapro in the morning because when I took it in the evening, it caused some restlessness. Before Lexapro I took Prozac for a year and found that it caused me to have interrupted sleep cycles so that is why I changed to Lexapro;9;;53;3
236;Before using Wellbutrin I had trouble getting to sleep, then trouble getting up in the morning. I was very irritable, depressed and frustrated. I always felt groggy and could not 'get it together' until late in the day. When my treatment began, I started by taking one 150 mg pill first thing in the morning for a week. Then I took one 150 mg pill in am and one 150 mg pill in pm (this was before XL came out). The third week and from then on I took 300 mg in morning. I felt so much better that I was not bothered by the slight let down in the evening. However,I didn't feel really well consistently all day until the XL formula came out. I have tried the generic and I don't feel as well and I had constant stomach aches to the point that I was having pain near my gall bladder and was considering being evaluated for gallstones. All of this cleared up when I went back to Wellbutrin XL and I have not had a problem since.;10;;181;3
2296;treatment began 3 years ago, 20mg/day was adusted to 10mg/day taken at bedtime for 2 and a half years. 4 months ago dosage was decreeased to 5mg/day at bedtime.;9;;29;3
181;I take 3 Adderall per day. 1 1/2 pill in the morning, and 1 1/2 in the the afternoon. Each pill is 15 mg. I break one in half to divide between morning and afternoon. I see my doctor once every 3 months to discuss how it's working. I started out on 5mg, 2x/day, but I developed a tolerance to it over time and went from 5 mg/2x day, to 10mg/2x day to 15mg 2x/day to 15mg 3/day.;8;;78;3
4049;The oral surgeon prescribed amoxicillin as a preventaitive measure after surgery. I opted not to take a breaod spectrum antibiotic when there was no infection present. Within 4 days of surgery it was clear that I did have an infection and filled that prescription. I took 500 mg of amoxicillin 3 times daily and took probiotics at least two hours after each dose of antiobiotics to replace the body's good bacteria. After a few days the infection cleared. I finished the whole course as directed.;8;;85;3
3094;I have been taking minocycline 100mg twice a day. At first I had no side effects what so ever. However after a week I started heaving headaches and they gradually got worse. It was when I started having neck pains, I stopped using Minocycline. Although I stopped using it, I never thought the pains were due to it - I thought it was from going out right after the shower which I often do. That same night I woke up with hives appearing in my body and towards the end of the day, my face got swollen (eyes and my inner lip.) At first I thought it was a food allergy, went to the doctor and got a full blood test (White blood cells, red cells, cholesterol, sugar, full allergy, almost everything.) During the waiting period of my results (took about a week and a half) I was taking steroid pills for allergies and I got back to normal within 5 days. On the 8th day, I was like hmm lets take minocycline again, I wanna be proactive and not break out on acne again. I took one pill at night after 8 days of not using it, and the next day I got itchy hands and a few hives and then I realized it was the minocycline that I was reacting to. Luckily I only took one pill and over the counter allergy medicine such as zyrtec got rid off my itchiness and I am back to normal again. So around 8-9 days later after I gave blood, the results came to my doctor. To my surprise everything came normal no allergies what so ever, no pollen, no nuts, no nuts, no dust completely NO ALLERGIES. My Red Blood cell count along with hematocrit came a little high but nothing else. I am almost confident to say that minocycline was what I was reacting to and my doctor told me to stop taking it.;1;;325;3
1902;Doxycycline 100mg twice a day, after meals, with no milk for 1 mour before or after. To helpe with side effects I took 16-22 salt tablets per day (being in a tropical climate) plus panadol 2 tablets twice a day after meals. I found the panadol helped manage the symptoms of vertigo (mild dizzyness). I felt the panadol in low dosages also helped me recover quicker from excercise.;8;;68;3
3299;I take 75 mg in the morning. Zoloft was prescribed to me by a family practice physician when I was 41 years old. The first 18 months that I took Zoloft, my dosage was 100 mg. I took a break for about 2 years and asked my physician abbout going back on Zoloft last year, when I turned 45. I was experiencing mood swings right before my period and, in doing research on the internet, learned that this could be due to my age. One recommendation was treating the symptoms with zoloft or another prescription drug. My physcian started me on 50 mg, and I went up to 75 mg after a few months of taking Zoloft.;10;;117;3
2482;I get treated for psoriasis and psoriatic artheritis. I take sure click injection myself once a week 50 mg.;9;;19;3
1998;Prescribed by my dentist to ease pain until I could have a problematic wisdom tooth extracted. Received 30 tablets to be taken as needed for pain. I took a half tablet when the pain was less severe and a whole one when I thought pain might interrupt sleep. My back went out suddenly one day and I was unable to stand or walk without excruciating pain. I took the last two Vicodin in one dose and the moment I was able, went to a clinic where the doctor chastized me for having a narcotic. The onset of pain relief was rapid, the side effects took longer to present, but when they did, they were more marked. Same amount of drowsiness, heavy limbs, and a trance-like state.;10;;126;3
2551;ongoing treatment for ADHD, originally I was prescribed 40 mg per day but dropped it to 30 mg when I had a few instances of heart palpitations and panic attacks;8;;30;3
1810;After 2 back surgeries doctor tried numerous pain relief options and none seemed to work used physical therapy to strengthen lower back and 1 tablet 80mg twice daily to alleviate pain;8;;31;3
288;Other than taking 4 tablets daily (with meals and before bed) for ten days, there were no other details. Patient responded quickly to the treatment and had no noticeable side effects. We found this drug to work quickly and effectively.;9;;40;3
462;500ml 2x daily 7 days Had to take for a Bacterial Vaginosis. I have learned that they have a vaginal gel that works just as well. If I ever get diagnosed with this again, I will definately request the gel.;3;;40;3
2727;I started to have it after a nervous breakdown due to panic attacks. First I had 3 tablets a day, but then, with time went by decreased a number of tablets. I still need it two-three times a week when I feel heaviness in my head and it helps in 1 hour after taking it. Highly reccomend for those in depression, with the tension headache and difficulties with sleep.;10;;69;3
3732;Lamictal saved my life. I suffered from severe chronic body pain for 3 years, and naturally I searched for a physical cause but was never able to be diagnosed or treated correctly. Finally I was diagnosed with depression and began taking Lamictal. I felt a 180 degree difference in my life immediately. I started initially with 50 mg and slowly titrated up to 200 mg. Now I can sleep at night, I am not fatigued during the day, I can complete tasks and have motvation, and most importantly, I am completely pain free. The number 1 cause of body pain in teenagers is depression, and many doctors fail to take that into account.;9;;113;3
1745;I started with a low dose(25mg) first week every other day, second week we increased it to once every day, then the following week increase the dose in the evening, following week increased the dose in the morning also. After approximately 4 weeks we maintained the dose(50mg taken 2X daily)for almost a year at which time I started to decrease the dose very slowly and stop taking it do to lack of migraines.6-8 months down the lane the migraines start coming back not as strong but just in case I got back on medication starting very low dose and very slow again.Stop taking medications after 10 months and been migraine free ever since(just a handful in the last 4 years).;10;;120;3
3730;Started taking 75mg twice a day, never got another grand mal seizure but still got auras about 3-4 a month. Experienced anxiety attacks in the first 2 weeks but then they went away. Increased dose to 100mg twice a day, auras decreased to 1-2 per month all was well for about 6 years. Began to notice dizziness while walking or looking down, but nothing debilitating. After 6 years, anxiety attacks sharply increased along with dizziness. Started taking Xanax XR to control anxiety attacks and dizziness. Auras decreased to 1 every 3 months. However, dizziness, slight disorientation and anxiety when Xanax starts to wear off. Xanax has helped maintain consistent sleep pattern.;8;;111;3
1184;Take 20 mgs once per day. I have to speak with my Dr by phone every third refill and visit in office twice a year to discuss how treatment in working.;8;;31;3
2018;I take 2.5mg of Bystolic one time per day to control palpitations. This drug is commonly prescribed for hypertension but I do not take it for that. At this dose it does not lower my already low blood pressure very much but it is effective against the palpitations.;10;;48;3
675;Prescribed 300 mg, once a day at bedtime for severe reflux and gastritis. Took one pill and stared to have trouble breathing. Took Albuterol and in a couple of hours breathing returned to normal. Called doctor next morning and was told to discontinue use. Did not work to control reflux. Started on Pepcid the next day which along with Tums has made reflux managable.;1;;64;3
3952;"I was diagnosed with a moderate to severe case of GERG with an esophageal hernia over 7 years ago, and spent two years at physicians request trying a mix of different OTC drugs. NO OTC drug worked to stop the burning and the coughing after meals caused by GERD. I tried most everything you'd find in the OTC shelf in a drug store. Tums, Zantac, etc. etc. etc. Finally, doctor ordered Prilosec for me, 1/day, 20mg, taken in am before eating. At that time Prilosec with still not yet over the counter, still requiring a physician prescription. It worked beautifully and I have taken it since, daily. If I don't take it, symptoms immediately occur after eating. It does NOT however stop the cough that occurs after eating or otherwise from GERD. Recently, I have had to increase my dose ""occasionally"" to 1 pill also before dinner, but that is usually only if I'm eating later than expected. I have never taken Nexium -- the HMO didn't cover it, but since Prilosec works so well, I don't feel the need to experiment.";10;;182;3
745;2 sprays in each nostril once per day. It takes about 36 hours to notice a beneficial effect. Once my allergies were cleared up I could cut the dose in half and stay allergy free.;10;;35;3
2897;Was prescribed 2-4 mg dilaudid (I took 2mg, weigh 95#)with hydroxyzine pamoate 50 mg every 4 hours, because following previous surgery both percocet and vicodin caused vomiting and itching. First dose was given in recovery room and continued to take it every 4-6 hours with vistaril as prescribed until untoward symptoms appeared. I had no nausea, vomiting, or itching;2;;59;3
1398;It takes some time to build up to a clinical dosage. As I recall, my doctor had me take 15mg for a weak, 30mg for two weeks, 45mg for two weeks until I had built up to 75mg. I did not begin to feel the antidepressant effect until I reached 45mg. When I reached 60mg the antidepressant effect had kicked in fully and I even experienced a period (two or three weeks) of a mild euphoria, which I have been told is fairly typical. My doctor thought that a slow buildup of the drug in my system was the most effective treatment. He also had me taking Lamictal (150mg per day), which he thought might spark a stronger reaction to Nardil. There are also some diet restrictions: no aged cheeses and no aged meats. Also, some cold medications must be avoided.;9;;141;3
282;I take my first dose (3.0 g) around 11 pm. take second dose around 3 am. I wake up like around 6 am. I want to stay in bed for more but cant. I am not sleepy. There are mornings were I am still feeling groggy, and by noon i would be okay to do my daily chores.;8;;58;3
3163;just a simple use of 3 mg. prednisone in 1 mg. dose 3 times a day;10;;16;3
2163;I have allergies that were getting progressively worse so I needed something to help me get through the day. I took benadryl without consulting my doctor which helped but the drowsiness was unmanageable. So my doctor told me to try zyrtec and I feel like it has helped tremendously. I only have a slight cough throughout the day but it is manageable. I wish it would take my cough away as well but I can deal with it. I take 10 mg in the morning but my doctor said to take it at night because it might cause drowsiness. It hasn't caused me drowsiness so I take it in the morning because it is easier to remember.;9;;117;3
933;Complained of sinus drainage, productive cough, rust stained sputum for two weeks. Chest xray negative to significant findings. Prescribed Levaquin 750mg, 1 by mouth per day, for 10 days. Also taking OTC Mucus Relief Sinus with guaifenesin 400mg and phenylephrine HCL 10mg as need for nasal decongestant and expectorant.;10;;49;3
3290;100mg dose daily was prescribed in 1998. Symptoms presented were lack of enjoyment, repetitive negative thoughts, Uncontrollable outbursts of crying. Chronic headaches / fog.;9;;24;3
2309;To treat the Major Depression Disorder and Anxiety Disorder, I visited my psychologies on a weekly basis, and my psychiatrist once every two or three weeks. The first drug that the psychiatrist recommended was Lexapro, and I started with the 5 mg dosage, after which I took the 10 mg for about three weeks. As mentioned above, I had to call my psychiatrist by the third week to request a different drug due to significant side effects.;3;;77;3
3373;I was advised to take 10 mg once a day in the evening after dinner. The only reccommendation was not to have grapefruit as that might affect the potency of the medication.;10;;32;3
2416;I was taking 50 mcg of generic Synthroid at the mornings 30-40 minutes before breakfast. The dose was increased gradually every 2 month as my thyroid was drastically decreasing its activity and symptoms reoccured. The doses of 100 mcg and later 112 mcg were taken sublingually twice a day 30-40 minutes before breakfast and lunch. Contraceptives MIN-OVRAL and supplements of Ca, Mg and iron were taken at the evening to avoid the interractions.;1;;73;3
292;After the first attack I take two pills of Imodium, then uno more pills per subsequent attack, with a maximum of 8 pills per day. If no more attacks happen in the next eight hours after the last diarrhoea episode, there is no need to take more pills;9;;48;3
3217;Each single use blister pack of Copaxone contains one prefilled syringe containing 20 mg of Copaxone (glatiramer acetate) which the patient self administers subcutaneously, in the fatty layer of skin, once a day. It is important to rotate injection sites daily.;9;;41;3
3953;I didn't have usual GERD symptoms of heart burn. I was skeptical that my stomach was producing too much acid. I tried other home remedies like drinking diluted apple cider after a meal that seemed to work at times but didn't always. After my doctor prescribed prilosec, it took several weeks before relief was complete. I am still taking the medication but have scaled back to 20 mg just once a day.;8;;72;3
1974;I was first given 75 mg once a day and realized the medicine didn't last 24 hours so I started on twice daily doses and that helped. I needed a little more pain reliever and started Tramadol along with the Lyrica. I would take extra Tramadol if necessary, which provided relief at times when pain spiked.;8;;56;3
1297;I have a family history of high cholesterol. And I have high cholesterol as well. In order to reduce the high cholesterol readings down to normal levels for cholesterol, my health care physician prescribed cholesterol reducing drug. We tried Zocor for a while. However, when taking Zocor at 10 mg per day, I experience significant problems with impotence. I reported this to the doctor and the doctor had not receive any feedback like this before. My prescription for high cholesterol was changed to Lipitor.;1;;84;3
63;I was prescribed Flexeril (10mg) for a muscle spasm in my neck that was pinching a nerve to my right arm. I took the ten miligrams of Flexeril three times a day for about a month as needed as it was prescribed. Then, as the symptoms lessened to the point where they only bothered me on and off, I took the ten miligrams only once or twice a day depending on how my neck felt for about another month, and finally, during the next month, I only took it when I started to feel like the symptoms might be coming back, which was maybe once or twice a week. Since then, I have not experienced any symptoms, and it has been over a year.;9;;124;3
3040;I took 200 mg at night at first. This was then decreased to 25 mg at night to help me sleep.;1;;21;3
3072;I took tamoxifen for 5 years on a daily basis and continue to have biannual checkups. Levothyroxine stared with a 25mcg dosage. A follow up blood work showed the dosage had to be raised to 50 mcg and is what I am now taking.;10;;44;3
855;I was prescribed paxil for depression, it worked but the side effects became to much after about 2 yrs, but for those 2 yrs . my depression and axiety were under control. The valium does releive my anxiety symtoms . I was taking 20 mg paxil one time a day at waking and 5 mg valium 3 times a day if i was feeling nervous. Have since started taking a vitamin called GH3 and a liquid multi vitamin with cannibis at bed time, have been depression and anxiety free for one year.;10;;92;3
2563;Took one 40 mg pill at 8:45 in the morning. By 9:30 am I could not breathe and 911 was called. I lost consciousness before I was placed in the ambulance. I awoke in the ER and was told that I NEVER should have been prescribed this medication.;1;;48;3
1009;Medication delivered by 2 topical patches of 100 and 25 mcg.patches changed every 72 hours.They were used in conjunction with 15 mgs of MSIR as needed up to twice daily for breakthrough pain.I was also prescribed 8 mgs.of Zanaflex at bedtime along with Elavil to treat the depression commonly associated with Chronic health conditions.;8;;54;3
3897;My doctor prescribed Amoxicillin 500 mg. I had to take this three times a day for seven days. I had to take it with paracetamol which reduces fever. I took each the Amoxicillin and paracetamol together with a meal. I took them in the morning for breakfast. I took the next one at noontime during lunch. And I took the third one in the evening at dinner.;9;;67;3
4127;"You take 1/2 dose pills for maybe a week in the starter pack. Then move to full strength. Take 1 in the morning and one in the evening or late day. Try to establish a ""quit"" day before starting. I didn't. I used it for 2-3 weeks while I tapered down and worked on the psychological aspects. After 2 days of only having 1 cig a day, I stopped. After 4 months, my insurance no longer paid. I needed longer and paid full price. I used my last box PRN. When I'd be in an evening situation where I thought it might be difficult, I'd take one a few hours before going and it would work. Taking only 1 in the daytime did NOT result in the bad dreams. I ended up with a few pills left over. Note: - If you received an incomplete rating from me just before this one - it's because I use Vista and your form disappeared while I was typing....";10;;166;3
1607;Began with 3.25 mg dosage taken 2 times a day for two weeks. Then doubled the mgs each two weeks thereafter until up to 25 mgs two times a day.;10;;30;3
2397;Patient has Hashimotos disease. Prescribed synthroid. Patient also working to follow a low carb diet, regular exercise, and normal sleep. Over time, synthroid dosage has increased, to 112 mcg per day from the original dose of 50. This is some cause of concern re: progression of the disease, but so far, no alternative approach/therapy seems to counteract this progression. Blood work required every 6 months in order to help ensure proper dosage.;10;;72;3
1543;I was diagnosed with rheumatoid arthritis about two years ago and began treatment with a combination of Remicade (infused once every eight weeks over a period of about 2 hours in my doctor's office) and Methotrexate 20 mg. once a week. I take 8 tablets every Friday, 2.r mg. each. I have had no negative side effects from either medication.;10;;60;3
1322;I began experiencing serious stomach pains and persistant diarrhea. Friends and family suggested that I had irritable bowel syndrome and I thought I would just have to deal with it. My symptoms progressed to the point that I was barely eating and had lost a significant amount of weight. I consulted with a gastroenterologist who performed an endoscopy. I was diagnosed with multiple stomach ulcers and was prescribed Prevacid 15 mg capsules to take once daily. Within 2 weeks of taking the medication, I started to notice improvement in my ability to eat certain foods. Within one month, I could eat practically anything with only an occasional onset of symptoms. After 2 months, I was no longer having any problems. My doctor recommended that I continue taking the medication and I did so for approximately one year. I have had no problems since discontinuing the medication so it definitely resolved the problem.;10;;152;3
588;Instead of taking the whole 800 mg tablet, I took 400mg (half) then the other half about an hour or so later. So, 1600 mg a day was very effective, and work miraculously. I believe this will keep me from getting any cold sores, I'll drop down to 800mg daily once the cold sore is totally gone.;10;;57;3
3005;I took 2 tablets, then I took 1 tablet twice a day after eating. I also drank lots and lots of water and cranberry juice. After approx. 5 days, I no longer had side effects and the fever was gone. I actually felt perfectly fine after about 6 days or so.;9;;51;3
1034;1 pill, 30 mg, Vyvanse, as needed. I never take more than the prescribed amount (not trying to get addicted, here). This treatment is concurrent with my ongoing treatment for chronic depression.;8;;32;3
2896;Vicodin 500mg- take as needed for bone pain caused by Neluasta shot. Dexameth 4mg.- Take 2 tablets night before chemo tx., 2 tablets morning of tx, tablets evening of tx., two tablets am after tx. Compazine 10mg.- take one tablet every six hours as needed for nasuea from chemo. Taxotere/Cytoxan- total of four treatments for IDC breast cancer, Grade 1, Stage 2, 0ne lymph node involved. Prior treatment completed- Dec.08 lumpectomy and sentiel node removal, Jan 09 full mastectomy with lypmh node dissection (removed 18), started chemotherapy Feb 22 09 once every three weeks, just had third tx on Mar 31 09. Neulasta shot- total of four treatments given 48 hours after chemotherapy tx. Shot is given in the stomach area to reduce the side effects.;9;;126;3
2680;One daily dose of 30mg at night, never skipping a day. I go 3 to 4 times a year to my hypertension ist for checkups.;10;;25;3
2154;1 Tablet once per day, each day. It takes 3-4 weeks of daily use to get the full benefits.;9;;19;3
813;"1/2 of a 10 mg pill as needed. Purposely would take it sparingly due to any addictive issues. Some doctors believe it is truly addictive; others not so. But I believe in as few drugs as possible in my life. I am also very afraid of any type of addiction. Therefore, I opt to split the pill in half and only take it 2-3 times a week.";8;;67;3
511;Treatment was started immediately after an initial and severe case of tachycardia. An Echocardiogram ruled out any heart defect and I was started on 25 mg once per day. I stayed on this dose for about 6 years and was able to drop down to 12.5 mg per day for nearly a year. However, my symptoms returned to their original severity and I began taking my starting dose again. A few years later, I was prescribed 25 mg twice per day due to an increase from original symptoms. This is the dose I currently take and it is an effective and very affordable medication.;10;;104;3
323;i was taking 2.5mg for many years and then i went onto 1mg 3-times daily and after 34years i am still taking them;3;;23;3
2250;I take three 400mg tablets in 24 hours for the first two days. This equals 1200mg in 24 hours. Then 800mg for two days. I can take it with just coffee in the morning. I drink extra water. I also use zovirax cream. I don't have any medical insurance and I buy all my medicine at In House pharmacy online.;10;;60;3
2093;take two and half tablets in the morning for two weekds then three tablets for two weeks then increas to 3.5 each morning (5mg)tabs;3;;24;3
869;I just take one 20 mg pill at night. Medical check-up once a year including lab tests.;8;;17;3
3668;I want to say it was 50 mg. doses taken up to 3 times a day. It was somewhat up to me when I needed to take it. Mostly for anxiety attacks.;9;;32;3
1248;i was prescribed 10mg of sotret once a day for 4 months in addition to being on orthotricylcen lo birth control pills as part of the pregnancy prevention program agreement. i was to undergo a monthly blood test and see my dermatologist to assess how my body was tolerating the drug and whether i was improving or not.;9;;58;3
4000;Surgery and rod implanted in my right leg, thigh to knee. It is also a long recovery and rehabilitation from walker to crutches and cane. I am taking calcium (Jarrow's Bone-up) twice daily, 50,000 units Vit D weekly, and will have a variety of tests regarding Niacin in about 2 weeks as a follow-up with my primary physician.;1;;58;3
3758;Take 2 pills orally daily and facial and body acne was reduced to very occasional mild acne.;10;;17;3
3799;Take 1 tablet once a week (those with larger adenomas may need to take more frequently);10;;16;3
4110;take 1mg in the morning 1mg in the evening every day. The treatment should last for 12 weeks but can be extended for a further 12 weeks if like me you are a heavy smoker.;8;;35;3
1479;i started on 30mg once a day. i take it at night when i go to bed otherwise it gives me restless legs. after 2 weeks i started on 60mg. that has only been 2 days so i don't know how that is going to affect me yet. i do feel a little more light hearted.;10;;56;3
960;I commenced this treatment due to clinical depression. I started off at a dose of 20mg a day and after initial improvement found that I needed an increase in the dose to 40mg per day. This seems to work more effectively for me. I became pregnant after approximately 10 months on the medication. I continued on with the same dose throughout the entire pregnancy. I did not breast feed. I then became pregnant very quickly again and continued on the medication for this pregnancy as well. Once again I did not breast feed. I have at times reduced my dose to 20mg which has been fine, however if I suffer a depressive episode I increase it to 40mg and generally find this is what I need to stay on.;8;;129;3
1656;My starting Clomid dose was 50 mg once daily for five days. The Clomid dosage was increased to 100 mg and ovulation occured. My doctor will helped me to determine that ovulation has occurred using an ultrasound.;9;;37;3
3550;1 2mg tablet at night. Must be taken at the same time as effects last only 22-24 hours. This medication is also used to lower blood pressure, but at the dosage I am taking, my BP remains in the normal range of 75-80.;8;;43;3
1279;Started off taking 200mg before a 12 hour shift, which made me have the jitters and a headache at times. So I then started taking 100mg before my night shift began and would take another 100mg 4-6 hours later. This stopped the headaches and jitters. On day shift I would take a 100mg, if needed. When I get home in the morning and go to bed, my mind will not stop thinking and I could easliy lay there for hours. My doctor prescribed Ambien and if I take that 10 minutes before going to bed I will fall right to sleep.;9;;101;3
1205;I've been taking 40 mg. of Prozac once a day for about 20 years (I started taking it about the time it first became available.);8;;25;3
1977;I started on 50 mg twice daily and I was got no reduction in pain, my doctor gradually increased the dose to 300mg twice daily. Once I was on the maximum dose, I started to experience some dizziness etc as outlined above. However some of the Side effects became less obvious after about 6 weeks on the maximum dose. It was worth it because I was feeling a reduction in my pain levels for the first time in 19 years;8;;80;3
2184;Take 1 MG tab at night before bed. As mentioned above, also got Botox injections to reduce eyelid spasmx.;3;;19;3
1161;it came in 4mg tablets that dissolved under my tounge. at first i took it every 6 hours and by the 4th or 5th hour i could feel it wearing off-i would wait until the 6th hour to take it again-sometimes i would be counting the minutes unti i could take the next one--over time (as my pregnancy went on) i needed to take it less and less- i would then take first thing in the a.m. and on a need be basis if at all for the rest of the day;9;;92;3
84;INITIALLY TOOK 10MG TWICE A DAY. AFTER 6 MONTHS, REDUCED TO ONCE A DAY. AFTER ONE YEAR, REDUCED TO 1 EVERY OTHER DAY OR SO. WHEN BLOOD TESTS CONSISTENTLY RESULTED IN NORMAL THYROID LEVELS, STOPPED TAKING METHIMAZOLE ALTOGETHER. I'VE BEEN IN REMISSION NOW FOR 1 YR.;10;;46;3
2696;When Zyrtec alone didn't controll my allergies my doctor prescribed the Veramyst to try. This combination seems to be working, Zyrtec once a day and Veramyst twice daily. The Baclofen 10mg.is taken as needed one to four times a day. Sometimes I'm not bothered with spasticity too often but when I am I take the Baclofen and it works.Amitriptyline tabs 25mg are taken before bedtime.Requip tabs .5mg are taken in the evening. Gabapentin 300mg is taken 3-4 times a day depending on the severity of pain. Tetracycline HCL 250mg is taken once a day. The Copaxone 200mg is injected once a day. I discontinued the Detrol LA as I could not tolerate the extreme dry mouth.;1;;116;3
2761;Started this medication in October 2008 for my suspiciousness of people (thought people were out to get me). Began at 0.25 mg once a day for a week, then increased to 0.5 mg a day at night. 3 weeks later (1 month from the time of starting risperidone), increased to 1 mg every night. Stayed on 1 mg for a few months when the symptoms came back. Dose increased to 1.5 mg a day. Depression set in (for outside life factors...not due to medication) and fluoetime added at 10 mg a day and risperidone decreased to 1 mg a day due to flueoxetine increasing the levels of risperidone. Depression still there and psychotic symptoms came back. At next vist (1 month) flueoxetine increased to 20 mg every morning and risperidone increased back to 1.5 mg a day. Two months later psychotic symptoms would come back in the middle of the day (as if the medication was wearing off). Rispreridone dosage changed to 1 mg twice a day. Which is still the current dosage I am on.;9;;176;3
2020;I was prescribed Protonix 20 mg which I took daily for 30 days. Extended use is not recommended, and I did not surpass the 30 days. I do buy extra strength Tums and take it if I have any real acid or spicy foods. The bottom line is I had a lot of pain with my ucler which came out of nowhere and after almost 2 weeks of pain I decided I needed to see a doctor. Soon after taking Protonix my pain went away, but as with any ulcer a diet change might be in order. Similar drugs are Nexium, Prevacid, Prilosec, etc.;9;;104;3
539;I usually took 150 mg. per night. Occasionally it would have trouble falling asleep again, and then I would increase the dose to 200 mg. for a few days. I would then go back to 150 mg. once I got back into a regular sleeping pattern. Although Trazodone is a mild anti-depressant, I did not notice any difference in my mood.;10;;61;3
3485;To reduce pain generated by nerve irritation due to cervical radiculopathy, I take 2mg to 4mg up to twice during the day, and up to 6mg in the evening. Doeses are as required for muscle relaxation and used mostly for tension before evening stretching or massage. Treatment has been going on for a year now with no ill effects. I only use the drug when I feel it necessary, and have to date used less than 20% of the available doses;8;;81;3
2621;Started at 2 doses of 300 mg a day and worked up to 4 doses per day over a six month period. Only at 1200 mg a day did the drug control the seizures. During each time when I increased the dosage, I founf the side-effects worsened, but after a week or so, the side effects minimized and then disappeared.;8;;60;3
1962;I started on 50mg twice aday with out any pain relief. The dosage was increased to 100mg twice a day with some pain relief but the side effects began;3;;29;3
3202;I'm only on my second day and third dose, I'm taking this with 3 days, 2 times a day, 4 MG dose of Dexamethasone and I had a large shot of Rocephin;1;;32;3
492;3 months, 1 capsule of 10 mg. per day. After 3 mo., back in to see my Doctor for another check-up. Continuing on Meridia for another 3 months for achievement of goal. According to my Doctor, I can use it as a maintenance. I honestly have no side effects. I just wish it wasn't so expensive.;10;;56;3
1601;I was taking 4 tablets of Xanax per day, after 14 years I was taking up to 8 tablets per day.;9;;21;3
547;four 10mg tablets taken daily throughout period. The medication is a beta blocker and has various medical uses. Including the treatment of high blood pressure, tremor and reduction of migraine. You are advised not to take alcohol whilst taking this medicine.;10;;41;3
3738;"I started slowly and built up as recommended. I have been very faithful and have not missed 1 dose in the 4 months on this medication. I am now at 150mg 2x per day. I think I will stop at this dosage as it is done its job on me...I don't need a higher dosage. When I was at 200mg I was mostly ""fixed"", but still had rage issues and was still impulsive. That is gone now.";10;;77;3
3505;One 16 mg tablet to be taken daily. I had been given other blood pressure medication previously which I did not respond as well to so It took a few tries to get it right. I would like to be able to stop taking the medication and am trying to lose weight and lead a healthier lifestyle but all the literature seems to suggest that I may always need to take the medication.;9;;73;3
2664;Daily dosage of Lisinpril with HCTZ (water pill) 20mg. Reduce / limit intake of all forms of dietary sodium to 1000 - 1500mg. per day to reduce pitting edema. Brisk walking exercise 3-5 times a week for 45 minutes per session. Baby asprin daily and Vytorin to effect cholesterol levels.;9;;50;3
497;1 caps (15 or 20 mg., don't remember now) per day, at morning. No any dependance, you can take it or not. But you'll see how much more is your lack of willingness and dream to be thin without it));9;;40;3
2253;At the first sign of a cold sore flare up, such as tingling, puffiness, or pain at the location were the cold sore normally flares up, you begin the treatment. My doctor prescribed 400mg 3 times a day for 5 days. It is very important to begin treatment immediately. Hours can make a difference, once the blister has formed, its probably too late and you will have to go through the scabbing and healing process. However, I have found that if treatment is started immediately at first sign of tingling, the blister is prevented altogether. At least, that is my personal experience.;10;;102;3
694;I would take 2x20mg pills daily. I needed to moisturize my face once a day also. When i began I weaned myself onto the drug -- take 20mg for the first week before stepping upto the 40mg dose.;8;;38;3
1135;Daily dosage starting at 30mg and slowly increasing to maitenance dose. Attended several educational groups in addition to regular group counseling, one on one counsiling, regular U/A's and regular bloodwork along with yearly physicalls.;8;;34;3
2596;I take half a 10 mg tablet in the morning and the other half in the late afternoon.;10;;18;3
3170;After the diagnosis of PMR, I was instructed to take 10 mg. in the morning. Although the pain diminished, it was still high so dosage was increased to 15 mg. I repeatedly advise the rheumatolist of the breathing problems to no avail. The family doctor suggested dropping the dosage to 7 1/2 mg. per day, but the pain became extreme again so I went back to the initial dose of 10 m.g. The rheumatolist has suggested that I will be on prednisone for a year.;2;;85;3
4072;Take two 7.5 tabs twice a day. Return to DR. in 2 1/2 weeks. If it works good we know if not we'll go from their.;2;;26;3
2703;It is a FDA approved drug at 50 mg. for Drug dependent patients. It has been used in the 3 to 4.5 mg doses for MS for about 10 years. It has gained popularity in the past 5 years and is undergoing various double blind placebo testing at this time for MS, Crones Disease, Aids, and various other conditions. It is extremely safe in the Lower doses such as 4.5 mg. It is also called LDN, as an abbreviation for Low Dose Naltrexone. Once I started taking it for a few days, my MS symptoms improved and according to my Neurologist, my progression has absolutely stopped. I started taking it in 2000.;10;;112;3
2424;Initially I was being treated for high blood pressure and put on topral but they did a TSH test and realized that something was wrong with my thyroid. I was originally started off on a very low dosage ( 12.5 mcg/daily) and had to keep going back for blood work every month. Slowly they increased it until they did another test and found out that it was Hashimoto's thyroiditis. At that point, they increased the dosage to 75 mcg/daily and so far it has worked out but I do have to keep having the TSH levels checked.;8;;97;3
2692;"My doctor prescribed one 25mg capsule 3 times a day with food, for one month, which I followed; this treatment was completely successful for me. Since this treatment, I've used the nonsteroidal anti-inflammatory drug (NSAID) ibuprofen as needed to prevent further attacks.";10;;42;3
3178;I started with 25 mg a night, taken right before I wanted to fall asleep. This worked off and one but not always for my insomnia. I increased the dosage to 50 mg, which was highly effective. I took one 50 mg pill. I felt sluggish in the morning ONLY when I took a pill in the middle of the night, say 3 or 4 in the morning when I couldn't sleep.;9;;72;3
1518;For years I took 4 ml glimepiride daily for type 2 diabetes, but often awoke in the middle of the night due to hypoglycemia. Finally my doctor reduced my glimepiride to 2 ml daily and added 250 ml metformin daily. For me, this combination is very effective. It controls my blood sugar as well as the glimepiride alone without the concomitant hypoglycemia. I understand that some people with borderline type 2 diabetes control their sugar levels with metformin alone, and my doctor may try this if my glycohemoglobin blood tests (HbA1C) stay in the low 6s.;10;;96;3
2216;Take the medication once per day and take measures to reduce the sources of stress in my life as well as take measures to more efficiently deal with existant daily stress.;10;;31;2
1083;My Effexor treatments as simple, just take the drug once a day on the extended release type.;9;;17;2
2016;I had to apply gel each night and keep it on whilst asleep, I would wash off in the morning and use other products as normal.;10;;26;2
1253;I took the tapazole daily along with atenolol for the shaking and heart racing I was experiencing. I am completely drug free for 9 months and the thyroid is fine. I am so glad I didn't let the doctors irradiate the gland to ablate it. I would have had to be on synthoid forever.;10;;54;2
1388;Applied daily in the evening. At first sign of a cyst forming I usually apply it twice daily.;8;;18;2
3673;My Dr gave me a sample pack (containing 7-37.5 mg capsules & 7-75mg capsules) as well as a prescription for 75 mg. I was to take the 37.5 mg capsules then the 75 mg capsules. The dosage has been increased over time to 300mg.;8;;44;2
70;The doctor had me take flexeril 3 times a day but i started out with 1 at bedtime for 2 1/2 weeks. It took 2 weeks to work but after i started taking it 3 times a day at it worked faster. It helps to stretch also while you take flexeril.;8;;51;2
568;the doctor prescribed the drug and i take 1/2 tablet a day which would be 25 mg.;9;;17;2
3869;1 pill every morning taken with water on an empty stomach, I didn't eat for about half hour after taking the medication , also I made sure I didn't drink it with grapefruit juice ,;10;;35;2
1580;I was told to take one or 1/2 tablet approximately 30 minutes before undergoing an event that I predicted would inflict anxiety. My stress was effectively reduced during family meals and going out to restaurants. However, I took 1/2 tablet before receiving a vaccination shot and, although I did not pass out as usual, I still became lightheaded and dizzy as a result of the needle. Perhaps a whole tablet would have eliminated these effects. In the end, I couldn't get used to feeling like I was on drugs while trying to work, drive, etc. so I decided to not refill my prescription and began seeing my therapist more often instead.;8;;111;2
2078;I take Byetta imj twice a day before meals and metformin morning and night. The Lipitor is taken at night and the synthroid in the am before meals. My A1c is 5.2 and have kept off of insulin for 4 years. Diet and exercise have also factored into the treatment. I am totally under control.;10;;55;2
2380;Taken first thing with glass of water and no food for 30 minutes. Doctor did not see the connection between cough and Synthroid,(chest Xray came back fine) however as it did bother my stomach briefly at time of dosing, I decided it might be affecting the stomach lining. Recently towards late afternoon or before retiring will take Tagamet or some generic stomach med. I DO NOT experience heartburn, however, this routine seems to reduce the embarrassing cough significantly. This was my own resolution after trying many allergy medicines once or twice which did not stop the cough at all. Was also given sample of Advair which I did not use due to negative side effects I read about on internet before using. I am seeking a more natural and effective solution to replace the Synthroid with something that will treat source of low thyroid as well as the symptoms.;8;;149;2
1115;I started on effexor after a serious suicide attempt following chronic sleep deprevation. The trazadone was quickly added. I effectively slept and within several weeks of taking both medications (taking the effexor and trazadone at bedtime) found my depression relieved.;8;;40;2
2546;See treatment benefits above. I take my daily dose of Zetia shortly after having my breakfast.;9;;16;2
2164;I was taking benadryl prior to zyrtec. I found that benadryl was way too drowsy and zyrtec isn't. I take zyrtec in the morning and it alleviates my symptoms. My doctor said it was better to take it at night because it might cause drowsiness. I find it easier to take in the morning because I usually forget at night. I find it to be very effective in alleviating most symptoms.;9;;71;2
1972;She has suffered from chronic joint pain and several dilocated or sublaxed bones and joints through out her life. About 18 months ago an orthopedic doctor treating her for another ligament injury looked at her history and saw a pattern and sent her to a geneticist who made a clinical diagnosis after doing some test. She was diagnosed with Ehlers-Danlos syndrome type 3. She was then referred to the pain clinic to get some help with the increasing pain from her condition. Their she met an anastheologist who prescribed Lyrica. She was started on a low dose and increased gradually and after some trial and error settled on 100 mg 2xday. The higher dose made her too spacey and light headed.;8;;121;2
3409;The patient was given a daily dose. After transfer to a care facility, the regimentation in taking the dose was firmly set in place. Staff medical personnel on site did not observe any benefits, and as a result, after about 6 months the prescription was terminated. During the time the drug was used, there was a patient review every other week to ascertain whether there seemed to be any improvement in the patient. Memory tests were administered and one-on-one interviews were executed by medical personnel. The results of the memory testing showed no net improvement nor was there any identifiable changes that might be considered positive. Ultimately her psychiatrist in consultation with the family decided that the drug did not seem to provide any net gain.;2;;126;2
1878;take 100 mg tab bid after eating and at least 30 minutes before going to bed in pm;8;;18;2
3921;take one pill every morning, do not eat fatty foods or rich foods especially later in the day. Important to take the medicine early in the day, when I first started taking the medicine I wasnt told that and I didnt see much a change in the heartburn or other symptoms.After a couple months the doctor on a followup visit avised me to take them in the morning before I eat anything. That made a huge difference in how effective the drug was on my system.;10;;86;2
2800;wellbutrin 300 mg x1 daily combined with a daily multi vitamin plus exercise routine added daily. wellbutrin does come in generic but not in the xr formula so i still have to buy name brand. i hope they come out with a generic equal to the original soo,;8;;48;2
3433;each night, after washing face and drying face, apply/dab a tiny amount and spread thinly on the entire face, avoiding the eye and the mouth area. My cosmetic surgeon advised me that i could apply moisturizer or a night cream immediately after applying Tazorac on face at night. Every morning, it is extremely important to avoid sun exposure so application of a facial product that contains spf of at least spf 15 is done to the face.;8;;77;2
3274;I started taking 50 mg. of Zoloft for about a month while my doctor monitored me. And then he gradually increased the dosage.;10;;23;2
1372;The treatment details using the combination of Biaxin and Flagyl together was to assist in the eradication of the cell wall deficient bacteria called Borrelia Burgdorferi. The Flagyl was prescribed to be taken in a five hundred milligram dose twice a day with food as was the same for Biaxin.;8;;50;2
3993;91.37 mg alendronate sodium taken once weekly with a full glass of water stabilized bone density, but did not increase bone density over a three year period.;8;;27;2
453;Initially, I took one tablet every night. I noticed that my allergy symptoms improved quickly. I could reduce my asthma inhalants as well, since it was improving with the reduction of my allergy symptoms. When the symptoms were alleviated, I took one tablet as needed, which was infrequently.;10;;48;2
1732;Started at 25mg 2x a day for several days and started titrating up by adding 25mg to the evening dose every 3-4 days, depending on how I felt. Got up to 100 mg. a day for the first year. After moving and talking to my new doctor, she suggested increasing the dose to see if I could have less migraines than the 10-12 I was having so I titrated up to 200mg a day and my migraines went down to 8 a month.;8;;83;2
739;After years of trying drugs to relieve what appeared to be allergies and sinus problems, a test was done on the pressure in the ear itself revealing defective Eustachean Tubes. FloNase was prescribed along with Claritin D (as needed) to keep any symptoms away as well as prevent patient's constant symptoms and painful infections.;10;;54;2
966;Two weeks out of the month I take 20 mg, every morning. I start on a Sunday a week before my menstrual cycle. Finish up the months' treatment 14 days later. ( which ends on a Saturday );10;;38;2
1632;I started receiving Premarin 0.9 mg immediately after a complete hysterectomy. After it became effective, I was reduced to a dosage of 0.625 mg and it works just fine.;10;;29;2
452;"I took the every evening every 24 hours for 14 days, according to my doctor's instructions. He did not want me to ""mix antihistamines"" and even though I thought Benadryl might be more effective, I didn't want a drug that would make me that sleepy and also that I would have to take every 6 hours, as opposed to every 24 hours. I would have prefferred a Xyzal dose that i could take every 12 hours, and then i could use benadryl at night without worrying about mixing anti-histamines, but since this was not possible I just used the Xyzal plus topical antihistamine creme on site of bug bite.";8;;109;2
4154;This lotion was applied to cleansed skin topically twice a day for a period of one year. The result was the drying of and reduction of very bad acne and skin boil breakouts with the side effect of red, dried and slightly sensitive skin. This was reduced by using a non allergenic topical skin moisturizer which alleviated the side effects;8;;60;2
3106;"One active tablet administered daily from the 1st day through the 21st day of the menstrual cycle, counting the first day of menstrual flow as ""Day 1"" followed by one green inactive tablet daily for 7 days. Tablets are taken without interruption for 28 days. After 28 tablets have been taken, a new course is started the next day. NOTE: in addition to 0.180 mg - 0.250 mg norgestimate each pill also contains 0.035 mg ethinyl estradiol";3;;77;2
485;i take it in the morning. i COULD go about 700 calories a day with this pill but to make sure my metabolism doesn't get messed up, i try to eat about 1200. and i'm still losing weight. i would reccomend this to younger users, but over the age of 18 only.;8;;52;2
2042;After washing my face with my long-term personal choice of face wash (Alpha Hydrox foaming face wash) and using a Strident sensitive skin cleaning pad, I would apply the Noritate cream sparingly over the rash under my nose at night. (Note: I did not use the tetracycline during this time, as I knew it was not an acne-related outbreak.);10;;59;2
672;Part of my treatment plan was to undergo an endoscopy to find out what the problem was initially. The doctor who performed the endoscopy prescribed the Zantac. In the first 24 hour period I felt no differently, but the second day I started to feel alot better. At the end of the two weeks period of taking 2x tabs per day I felt completely back to normal. I ceased taking the Zantac after my follow up visit with the doctor but was advised to keep some handy for future use.;10;;90;2
2556;I spread this on my entire face every night on clean skin. In the winter, I follow with a moisturizer. In the morning, I use metrogel daily. When I have more of a breakout - and it's hard for me to sometimes differentiate acne from rosacea - I will also take Oracea for a week. If I know that I will be spending quite a bit of time outside then I will take a break from it.;8;;77;2
1775;Citalopram 40mg to start with but too many side effects. Reduced to 20mg, less side effects, worked okay on mood..except I was swinging. Introduced Sodium Valproate, gradually increased it to 1g BD (twice day), has worked quite well up until recently where side effect profile is interferring with my life.;9;;50;2
1283;Tried Aderol, once a day 5mg, for 3 weeeks . I had hallucinations and although awake, was very out of control.;8;;21;2
2168;Take one in the morning for prohylaxis when travelling or during pollen season. Take 2 for severe allergic reaction. Crush tablet between teeth and swallow to make it faster to absorb.;10;;31;2
962;Initial dosage of 20 mgs, increased gradually to 60 mgs and maintained at that level have helped significantly with obsessions and impact of adolescence.;8;;24;2
3666;Started at 75 mg/day and increased over 3-4 months to 300 mg/day. Continued improvement and reduction of symptoms as dosage increased. Renewed period of side effects with each increase, lasting not more that 2-3 days. Also, odd, vivid dreams occur ocassionaly, but not enough to be a problem.;8;;48;2
3913;My doctor asked me to take Nexium once a day until they were gone to see if the tightness in my check, the indigestion, and the heartburn could be cured by the pills. The tightness in the check and indigestion were not signs of heart problems as the doctor discovered. To date, the pills seemed to have worked.;8;;58;2
457;"I took this once a day for eight days for a vaginal bacterial infection. I only had slight side effects of an upset stomach after taking the pill; probably because I had not eaten much on those days. My infection cleared up noticably before the treatement was through. I feel it was very effective.";8;;54;2
3956;When I first began having heartburn, my physician prescribed Prilosec D/R. I hadI took if for several weeks, but it didn't seem to control the heartburn. He then prescribed Ranitidine,300mg, which I took for several years with very good results. When I was sent for an upper endoscopy, the performing doctor suggested I take Prilosec. I tried it again, for a month, but I began having severe heartburn again. Now I am taking Nexium, which works very well for me.;2;;80;2
1515;Treatment details include taking a pill eachday at the same time for maximum effectiveness in preventing pregnancy, and taking the 5 placebo pills to help remember to take a pill every day.;10;;32;2
3920;nexium 20mg before meals, at least 20 min before each meal. can be taken before all meals with no bad effects. has long lasting effects;10;;25;2
3575;Treatment includes adding only about 1/3 pea sized amount to my chin area and the same amount to my forehead after cleansing at night. This I do daily. I combined this with a regular alpha-hydroxy exfoliation night creme (applied after the Differin dries) in order to catalyze (by my own approximation) the skin rejuvenation/renewal.;10;;54;2
904;One day I was driving on a freeway (280, San Francisco Bay area) and felt like I was going to faint. It was a clear day, not much traffic as it was the middle of the day and this freeway is more of a 'country' freeway than our main one, 101. I pulled over to the shoulder so I could compose myself. I felt like I was having a panic attack (which I had never had before but friends have) so I took deep, slow breaths to calm myself. When I felt I was alright, I returned to the freeway but had to pull over once more before I reached home. I have never been in an accident nor had this feeling before so could not rationalize what was happening. After it happened a few more times, I put paper bags in my car (for breathing) and started using side roads, where I had no problems. When I went to my doctor, I told him about my anxiety and he prescribed Paxil for me. I began taking it and, it took a while, though I wasn't ready to try the freeway right away, but it has definitely helped. I am now more willing to just get on the freeway. I have not noticed any side effects from taking it or changes in my personality...I did not need it for depression or any other anxiety but freeway driving.;9;;237;2
2245;"If you take one pill as soon as you feel the tingle of a cold sore coming on, often it will not even appear at all. I know you might think, ""Maybe there wasn't really one in the first place."" But if you get cold sores regularly, you know. Sometimes if I couldn't get to the pills right away and a cold sore did appear, I would take a total of 4-5 pills in the course of the next 24 hours, and the sores would often be gone within 2 days instead of the usual 10. If you can't get to the pills within the first 24 hours, there is really not much good they can do after that, from my experience. This drug is kind of expensive--if I recall from before I had insurance, it was $50-75 for a bottle of Zovirax, but now they have a generic form so it is probably less. Regardless, this drug is worth its weight in gold.";10;;164;2
3339;I was given Naproxen to control the inflammation and pain in my throat. I was also given Nasonex 2 puffs in each nostril daily. Claritin 10 mg once daily as antihistamine, which worked brilliantly. Also Clarithromycin 500 mg twice daily for 14 days. I stopped everything but the antibiotic and Claritin and am doing just fine.;8;;56;2
3654;Daily apply about a pea size amount of the creme on my hand and sparingly apply to the orbital area, lips and forehead. I add additional creme to the back of my hands and rub vigourously ( rubbing the back of my hands together). I also apply a dime size to my neck and decollete area also rubbing, but not as vigourously. I generally do this every night after I cleanse, tone and add serums ( for pigment relief and building collegen) if I am feeling especially dry after applying the Tretinoina,I will also add a moisturizer.;10;;97;2
4114;After filling your prescription, you choose a quit date, and begin taking the medication one week before your quit Date. You get a starter package with a pill(s) for the first weekYou take one tablet every morning for 3 days. On the forth date you take one in the morning and one at night. You can use a support plan, called getquit to help you during weeks 2-12.After the first week, you continue to take a pill in the morning and one at night, it comes in a different package then the one you used the 1st week and is a higher dosage. support plan. We offer one it's called GETQUIT . Enroll today Weeks 2 12 On your quit date, you'll try to stop smoking completely. And you'll begin using the blue Continuing Week packages, which contain blue tablets. If you slip up and smoke, it's okay. Just keep taking CHANTIX and keep trying to quit For the next 12 weeks, you'll be taking two blue tablets a day, one in the morning and one in the evening, or as prescribed by your doctor. You should tell your doc about any other perscriptions your taking and any other health problems before starting;9;;203;2
2786;After about 1 month of taking the drug, the bingeing and purging decreased greatly. (from maybe 4 or 5 times /day to about once a month, if that. After 6 years of being on the medication, my Bulimia is under control and depression seems situational.;10;;45;2
2387;I take the medication first thing in the morning, about 30 minutes to an hour before eating breakfast.;9;;18;2
523;Gradually increased dosage. After last overnight sleep study doctor increased by dosage to 3 mg. That's when the severe nausea and then followed by vomiting.;1;;25;2
1507;I was prescribed to take the medication twice a day in the morning and at night.;8;;16;2
2959;The treatment details were to help you gradually stop smoking but the drug orders you to not smoke whilst taking the drug to the daily limit from up to two weeks, this is an illogical instruction as you might aswell of not taken the drug.;1;;45;2
3081;Doctor prescribed one pill per day of Minocycline for my acne. Took the drug for 2 weeks. Then I had the swollen lips reaction and stopped taking the drug.;1;;29;2
2971;Niaspan ER 500mg twice a day was changed to Niaspan ER 2,000 mg every night, then changed to Niaspan ER 1500 mg every night.;3;;24;2
1837;Yasmin is a birth control pill I took once a day. I personally sought out a method of birth control that I could take with minimal side effects. I was prescribed the pill after I went to my doctor and asked her to prescribe it.;9;;45;2
1007;carpal tunnel from job related injury and arthritis degeneration of my vertebrae requires daily regimine for pain and movement. Several medications tried such as ibruprofin, allieve, demoral etc caused many unpleasent and intolerable side effects. The Darvocet taken 1/2 tablet 4-6 times daily works perfectly as nearly can be expected. I also do not experience any bothersome toxicity or effectiveness problems as I generally would afford myself time-out days allowing my system a break from routines. I believe without this medication life would be greatly less enjoyable and my abilities to participate in a positive manner would be extremely limited.;8;;100;2
2934;I was prescribed 30mg of prednisolone (6 tablets of 5mg each) every morning for 4 mornings. However, after taking 30mg for 2 mornings, the swelling in the face reduced by about 90%. On the 3rd morning, I did not take prednisolone but went back to see the doctor as I was afraid of side effects. The doctor agreed that it was ok to stop taking the medication.;9;;67;2
4081;I am to go back to orthopedic surgeon in 2 weeks (I thought I had carpal tunnel- but it was arthritis). At that time hopefully my wrist will be better and I can lower dosage to 7 1/2mg.;10;;38;2
1744;"I statrted on 50mg, than a week later went upto 100mg. I stayed on 100mg for about a year. It wasn't until a year later that I went up to 200mg and have been on this dose for over 2 years. I experience no side effects. My mind feels quiter and I feel freeer than I ever had in my life. I am not on any other medication nor am I seeking ""talk"" therapy for my OCD. The Topamax has been able to keep it at a tolerable level. I also must note that in the way past I was on Prozax, Paxil, Celexa, Luvox, Valium, Xanax, Clozapam...all with little or no success.";8;;113;2
1389;TAKE THE PILL ONCE A DAY ABOUT THE SAME TIME FOR 28 DAYS AND THEN STOP TAKING IT FOR A WEEK TO START MY MENSTRUAL CYCLE.;10;;26;2
3058;Took this drug as needed and the results are very good for reliveing severe pain.;8;;15;2
1277;I initially started on 200 mg. daily and have cut back as I do have trouble getting to sleep and staying asleep. I have been on this for 7 months and the effectiveness of Provigil is at the same level today as it was when I began.;8;;47;2
2421;i was diagnosed with underactive thyroid in 1996. i initially went to the doctors for swollen sinuses and being tired alot. after testing me for underactive thyroid i was prescribed 25 mcg of synthroid. the doctor then continued to increase the dose until i got to the appropriate level. this took quite awhile, but i felt much better after the correct level was achieved. my depression lifted and i had alot more energy. overall i have been very pleased with Synthroid.;10;;81;2
1001;I went in for a routine check up and mentioned feeling tired and anxious and asked if I could have my hormone levels checked. It turned out that I had hypothyroidism. I was given a choice of Synthroid or Armour thyroid. Based on everything that I had read I wanted to try the Armour. I started on 30 mg. and after about 6 months increased to 45 mg. Every 3-6 months I've had blood work and my TSH level has steadily dropped each time to my current level of .6. I feel better than I have in years. The difference in my mental outlook and energy is incredible. I also avoid soy products, products with fluoride and wait about 2 hours before eating after I take my medicine because I have read that doing these things are beneficial in making the treatment more effective.;10;;144;2
2535;I had been having regular doctor check-ups and am healthy. During the 90 days, I was told to take the drug once per day and to also use lamisil cream on my feet every day. About mid-way through, the doctor ordered a test for my liver, which came out fine. Once the treatment was complete, my doctor suggested that I take one pill every month and use the cream on my feet twice per week.;10;;75;2
3230;One ring once a month. I had to keep the ring for three weeks in my vagina and then take it out to get my period three days after. I had to insert a new ring in the fourth week.;9;;40;2
3790;4 pills per day, keflex. to treat sinusitis, tonsillitis, and my bad tooth ache. It got rid of all my infection..totally...;10;;21;2
4022;i only had to start taking 1 tablet a day, and after a little over a week, i could definitely tell a difference.;10;;23;2
1486;I took 60mg sunday evening...everything was fine that night. Monday do not remeber what I cooked for diner lunch and I was careing for my two small children. Monday night took my dose again.....I dont remeber doing this but my medication was counted for. Tuesday morning I was severly sleepy, dizzy and felt like I was in space all day. Tuesday night I took my regular 60 mg does and with in 1 hr I was extremly stoned...I was confusd, dizzy extreme heat sensation running threw my feet,neck and arms. I got chill and goose bumps in between. I habe high anxiety. Tingly feeling runing up and down my legs. Felt like and out of body experience because I was so stoned. Withdrall from only 3 days of meds is very uncomfortable....migraine Cymbalta should be off the market. People should be more informed about the side effects and withdral of this drug.;1;;152;2
1530;I take this drug only as needed, when my back or neck feels tight or in spasam. It is perfect for the weekend warrior, or someone who has occassional muscle soreness and tightness.;10;;33;2
3859;The only difficulty taking this is that one has to wait thirty minutes before eating or drinking in the morning. Therefore I take it upon first waking up - immediately. Or sometimes I take it and go back to bed if I am awake early.;10;;45;2
3802;Took tadalafil 20 mg in the evening after meal. Had erection approx 30 min later. Erection lasted for 2 days- had never experienced such long-lasting erection.;10;;26;2
2587;My doctor tried various antidepressant type sleep medications to help me to sleep but they did not help at all. They left me feeling groggy and with a strange disconnected feeling. We also tried Ambien but this only helped me get about 2 hours of sleep and then I'd wake up and feel strange. The Serax worked for me to help me fall asleep when I couldn't sleep, and to stay asleep for 4-6 hours. Also there were hardly any side effects except for the slight headache. I had no trouble going off the medication during the times when I no longer needed it. Sometimes I would taper from 1 capsule to 1/2 capsule per night, or one night on and one night off the medication, but most times I simply stopped using it when I no longer needed it. I still use a half a capsule occasionally when I travel if I have trouble falling asleep.;8;;157;2
296;My gynecologist changed me to Vesicare when I complained about side effects from the previous Rx I was on for overactive bladder. (These were dry mouth and constipation.) After beginning to take Vesicare daily, I noticed an immediate improvement, i.e., sharp decrease in the negative side effects. I plan to continue the use of Vesicare because there seem to be no prohibitions to its long term use. It may also possibly postpone surgical repair of the pelvic prolapse.;10;;78;2
2757;I took part in a 3-month Obesity/Binge Eating study back in 2004 which included the use of a Placebo or Orlistat (Xenical) conducted by a local Hospital/Medical Center. I would meet with the doctor's weekly and was put on a low-fat diet and asked to do moderate exercise of 30-40 minutes 3 days a week during this study. At the time I was Age 39, 5 ft 7 and 200 lbs. and a cholesterol level of 265 (you had to have a BMI of 30 percent in order to participate in study, and I just made it per the weight and height chart). Half of the study participants were put on a placebo pill and half were put on Orlistat (Xenical). They did not tell the participants during the study if they had the placebo or if they had the Orlistat. At the end of the 3 month study, I lost 32 lbs. (down to 168 lbs.) and my cholesterol went from 265 to 199. I was told at that time I was taking Orlistat. The participants who took Orlistat lost more weight than the ones who took placebo and did the low-fat diet. I can only remember once having what may have been an oily stool. I never had cramps, diarrhea or any type of bowel accidents. It is now 2010, and I have put on 20 lbs. since. I am considering trying to get my family doctor to prescribe Orlistat. I have not heard anything negative about the medication, except for the side effects of oily stools, etc. I believe the people who have experienced the bad side effects are people who are continuing to eat fatty foods (such as pizza, cheeseburgers, etc.) and continue to take the Orlistat. If you follow the directions, you are to eat low-fat and also take a multi-vitamin. I look forward to trying out the Orlistat again. :);10;;316;2
679;I took 50 mg a day for 4 months as a last resort for acne. was quite effective with moderate side effects;8;;22;2
443;I WAS TO TAKE THIS MEDICATION ONCE A DAY IN THE MORNING. WHEN I FELT NO BENEFIT I DISCUSSED IT WITH THE DOCTOR WHO SUGGESTED AN INCREASE OF THE DOSAGE. I DECLINED. THE TREATMENT THEORY WAS THAT THE LORAZEPAM WOULD HELP ME WITH ANXIETY AND STRESS WHICH IN TURN WOULD BE AN AID IN ADDITION WITH THE BLOOD PRESSURE MEDICATION TO LOWER MY BLOOD PRESSURE.;10;;65;2
2291;After the birth of my daughter I suffered from what seemed like acute anxiety attacks. Coupled with my unpredictable mood cycle and my inability to control my emotions my doctor recommended 10mg of Lexapro daily combined with talk therapy.;8;;39;2
1708;After washing my face at night, I was to wait around 15 minutes before applying a small pea size amount all over my face and neck.;8;;26;2
1680;Allergy was caused by exposure to multiple cats in the household in which patient lived. The first year or two the patient had to take pills every day due to severity of allergy symptoms, which included runny nose, sneezing, red, watery eyes. Later, when the patient moved to a place without carpeting and with build-in humidifier (same number of cats -3) the outbursts of allergy diminished. Now she takes one pill on a as needed basis, which is approximately 2-3 times a month.;9;;83;2
306;apply twice daily but I'd have to wash it off w/in an hour because it burned so badly;1;;18;2
4;one spray in each nostril daily was done for 3 months to relieve allergy symptoms. Worked very well. I will probably have to use it year round due to my indoor allergies to dust.;10;;34;2
2222;I was to take it twice a day, which I did. It was suppose to work for hayfever, watery eyes. With a severe hayfever attack the pills were of no value or effect. The pills don't stop the eyes from watering.;3;;41;2
772;given over a period of 3 years... at first daily and then, due to stomache irritation, reduced to use only when needed. Stomache problems evident when taking 3 a day for 2 or more days. Given tab for coating the stomache.;3;;41;2
4104;Every day you are to take Chantix once in the morning and once at night, and set a date to stop smoking. That is what I did, and I set my date at ten days after I starting taking the medication. In less time than ten days, I was not reaching for a cigarette with my morning coffee. I stopped smoking all together in two weeks, but took the medication for four months. When family and friends that are smokers would come over, I would want to smoke with them. I restarted the program twice, then told myself I would just have to NOT smoke with them.;10;;107;2
3958;This generic version of Prilosec OTC can be taken daily on a long term basis to prevent/control the symptoms of acid reflux. It is very easy to remember to take it, as it is normally taken at the same time every day-- before breakfast.;10;;44;2
3826;In association with a glycolic peel (60%) once each 15 days I had Glyquin XM every night for, at least, 3 months. I used Photoderm MAX tint cream FSP 100 during the day.;3;;33;2
188;This medicine changed my life, but there are still spin off's of ADD, like the auditory processing, anxiety and emotional control and general sensitivity that have to be dealt with. Not to mention health issues like making sure to get enough vitamins (kelp levels out my thyroid pretty well), and picking up a prescription from the doctor every 30 days. I take 15 mgs AM and 15 after lunch. Can't take it too late in the day or will cause sleeplessness.;9;;81;2
252;50 MG Tramadol 2 times a day.Tylenol 500 MG 3 times a day for the Arthritis pain. Neither really help much to get rid of the pain. 500 MG Metformin 3 times a day.Glyberide 1.25 MG 1 time a day for the Diabetes.I have done well on the Meds as far as keeping Diabetes under control.;2;;56;2
2963;Two pills, 1000mg per pill, taken in the evening, with an 81mg enteric aspirin. It is suggested that no high fat-foods be eaten several hours before taking the Niaspan, since there appears to be some relationship between high fat meals and hot flashes.;10;;43;2
1945;I take Hyzaar once a day in the morning to keep my blood pressure in the normal range.;8;;18;2
798;I was having trouble falling asleep and woke up tired to a nasal obstruction, Had surgery recently that has improved breathing and sleep. At this point am still taking 10mg Ambien but hope to get off it soon;9;;38;2
622;after applying the cream over breakout or redness at night before bed there was visible improvement over night, after a week of using the cream the breakouts were gone, skin was healed after 2 weeks.;10;;35;2
2396;Treatment consists simply of taking a 100 mcg Synthroid pill each morning. This should be taken on an empty stomach and no food should be taken for one full hour. It is also important not to take any calcium supplement for four hours after taking Synthroid. Calcium interferes with the body's ability to effectively utilize the Synthroid.;10;;57;2
3497;Treatment for migraine when otc's, or prescription level ibuprophen (800 mg) are not effective. Used for moderate migraine if it lasts a few days, or when pain reaches 8 to 10/10.;9;;31;2
2255;These drops really helped with the symptoms but I did wish I could use it more often than just 2 times a day.;8;;23;2
3096;when i first started taking the medicin, i had very severe acne. the change in my condition was notisible after about 1.5 months and after 4 months i had mostley red marks who were left after the pimpels. today I still have some acne and once at a while a big pimple pops out, but i am satisfied because the proces was very easy and as i sed i had no side effects.;9;;73;2
4085;My doctor prescribed Meloxicam (7.5) once a day, when it started to cause stomach pain he prescribe Previcaid to counter act the stomach pain, but that didn't really work very well.;10;;31;2
2881;Daily application caused some irritation, so started to use is twice as week. Not sure if this is why I have seen little improvement.;2;;24;2
2127;After 5 years of daily use, I developed melasma on forehead after a single day of sun exposure. I sought treatment and used high amounts of prescription hydroquinine but the melasma is still apparent. I have been told I need light therapy to remove.;8;;44;2
1154;A patient is instructed to start out using the 5 mg pen for one month, then if doing well, progressing to the 10 mg pen. Then the patient is monitored every 3-6 months to determine how well drug is controlling blood glucose which is done by taking the A1C test.;10;;50;2
1653;Clomid was given on days 3-7 of the menstrual cycle, one 50 mg pill by mouth per day, at the same time each day. Follicle progress was subsequently tracked via ultrasound. Side effects were minimal with the first round of treatment, more severe with the 2nd onward. I have no known allergies or sensitivities to other medications, other than topical iodine.;1;;61;2
2064;Capoten was to be taken 150 mg daily - in divided doses. Propanolol was 20 mg twice a day, and the Hydrochlorothiazide was to be 12.5 mg daily. Blood pressure baseline was 180's over 110. Resultant decrease was to 150s over 105. Stopping the Capoten relieved the cough after about 3 weeks of being off the medication.;1;;57;2
3895;I can't remember quite well but it was to take it after each meal 3 times a day.;1;;18;2
1327;Taking the drug on a daily basis got rid of my heartburn. I recently had a scope of my upper GI and there were no problems. I think Prevacid keeps me from having any damage to my esophagus.;10;;38;2
1955;I was prescribed 75 mf of Lyrica to be taken twice daily for seven days with and increase to 150 twice daily to follow. Due to the side-effects I was experiencing my doctor discontinued this medication on the seventh day of treatment.;2;;42;2
1613;At night, applied pea size amount of cream after cleansing face. Significant peeling around the mouth and nose, so avoided these areas except 1x per week. Peeling would subside after skipping 1 to 2 days of treatment, so initially used 3x per week until skin became adapted to it. To minimize peeling, daily mild exfoliation of the skin really helped. While my hyperpigmentation is not completely gone, I am pleased with the tone of my skin and the minimized wrinkles.;8;;80;2
2403;Treatment consists of one 100mcg tablet taken early AM on an empty stomach with 8oz of water with no food for one hour after dose.;9;;25;2
1282;I take 200 mg arounfd noon and another at 4pm. I sleep really well and can honestly say the provigil helps in my recovery process.;9;;25;2
3795;Take one tablet at regular intervals 3 times a day complete the course as reduced symptoms dont mean the bacteria are fully gone.;9;;23;2
195;She takes 10 mg at 6:00 A.M. and another at 12:00 noon which lasts through homework. This is only on school days and we go off althought during summer and school holidays with not adverse effects;10;;36;2
369;Gabapentin 600 mg at bedtime. Hydrocodone 7.5 mg every 4 hours or as needed.Valium as needed for sleep.;8;;18;2
2463;I am severely allergic to Aspirin and Naproxyn, so cannot take these for the pain and inflammation of osteoarthritis. I developed OA in both knees after injuring the cartilage and the arthroscopic surgery to try to repair the damage. My left knee still has a little cartilage, but the right knee has bone on bone. I had been taking Vioxx, which worked very well, but then it was pulled off the market. Mobic did not work very well, so we went on to Etodolac. Once a year, I have to go in and get bloodwork done, to make sure I have not developed any liver damage.;9;;106;2
3489;"One dose daily was immediately effective in reducing swelling; blood pressure was reduced within 3 weeks. Night sweats and dry mouth were the primary side effects. Moderate weight loss (water weight) occurred within one week (total five pounds).";9;;38;2
2004;Along with taking Vicodin as prscribed, I had physical therapy about twice a week. Vicodin was particularily helpful at night. Before going to bed, I took one or one and a half tablets and was able to sleep quite well. Otherwise, I was very uncomfortable and was losing sleep.;10;;49;2
1889;I had to take 2x 100mg tabs on the 1st day & then 1x 100mg tablets for the following 6 days. Although at one point the bringing up of rubbish was reduced, it didnt last very long & my chest is still feeling like I have an anvil on it =( I found that I had to eat 2 rounds of dry toast 30mins before taking the tablet & ensuring I was upright for a min of 45mins after taking the tablet to ensure I wasnt sick.;2;;87;2
4116;I followed the recommended drug regime, until I reached a dose of 1 mg a day. I did not feel the need to increase dosage beyond that, as I stopped smoking, and was having side effects of nausea, stomach cramps, kidney pain, as well as mood changes, which I had anticipated, and thought were normal.;1;;55;2
3635;I was told to use it at night. If redness or peeling occurred, use it less frequently.;10;;17;2
1991;Vicodin (Hydrocodone and Acetaminophen) was prescribed at one to two 500mg tablets every four to six hours. The drug induced deep sleep, followed by restlessness, heavy nausea, and extremem dizziness. Discontinued use of the drug after three days due to severity of side effects.;1;;44;2
3916;I take Nexium once a day in the morning. If I have a flare up of acid reflux, I will take another at dinner time. The once a day regime generally controls my acid reflux quite well. On the rare occasions when I forget to take Nexium, reflux flares up immediately, so I have good evidence it is responsible for the symptom control.;8;;63;2
1263;The neurologist who first diagnosed the MS prescribed Provigil in 2001. At first I took only 100 milligrams per day, but have gradually increased the dose in order to get the same effect I got initially. I've asked my doctors several times if the drug is addictive, and they say it is not supposed to be.;8;;56;2
1156;I took two tablets of bactrim 2x per day with a glass of water. I was careful to drink plenty of water throughout the day.;10;;25;2
1071;I use the albuterol as needed because of allergies (seasonal, dust, exercise) and can go for long times without using it.;10;;21;2
2709;Divigel is a topically applied Bio-Identical Hormone ( Estrogen) which I Highly Recommended. The product is applied topically at night to top of (leg) thigh. My benefits were improved mood, clarity of thought, increased energy, better sustained sleep, and mproved skin firmness and tone - even facial skin.;10;;48;2
1714;My routine included Daily use of Micro Retin A pump. I applied the Retin A Micro pump to my entire face at night after washing my face. I used a moisturizer and sun screen in the morning.;8;;37;2
3716;My doctor started me on a minimal dose (25 mg) of Lamotrigine, and this will be prior to starting Interferon/Ribavarin treatment for the Hep-C I've got. (An antidepressant may be added in the near future as well.) Lamotrigine was prescribed to put me in a calmer state of mind, specifically because of the high anxiety effect I receive from antidepressants, which resulted in 2 visits to an emergency room - as well as a one month hospital stay due to extreme anxiety and paranoia. So far/so good is this layman's analysis.;8;;91;2
1038;I have only been on Vyvanse for 2 weeks. I started at 40 mg. and now at 60 mg. until next week where I will probably be upped to 70 mg. I used to take Focalin and then found out I was bipolar so had to stop that for close to a year to become stable on lithium. I feel alert, awake and focused and feel Vyvanse is very smooth and lasts longer. Hope I get the weight loss benefits eventually.;8;;81;2
2646;The cream is applied at bedtime for five nights a week for Basal Cell Carcinoma. Three night per week for actinic keratosis. You do this for eight weeks in a row. By the end of eight weeks, the bad cells react gradually as scabby spots. This is how you know the medicine is working. You put the cream on the spots your doctor tells you to, with about an inch margin all around it.;10;;74;2
1325;Went to doctor because of burning and pain in my stomach. As long as I was consantly full my stomach was better but the second it became empty I was back to being uncomfortable. I want to get rid of these symptoms before I became over weight so i went to my doctor and he started me on 60 mg for 1 week and then I was changed to 30 mg once a day and after a couple of days I felt much better. and have every since.;10;;88;2
2120;wash face,wait 20 minutes then applied a pea size to dry skin always wear a good suncreen about thirthy percent. Make sure to apply every two hours;10;;27;2
3077;Face and body cleared up conciderably. It did take a while for the drug to take effect - but was worth it in the end. I am now pregnant and will continue treatments after I have the baby. Once I stopped taking it before I got pregnant - my face began to break out again. So you really have to continue to take it to keep the benefits.;10;;68;2
3471;The treatment details? I like to have it on hand, but not to use unless I can't get to sleep any other way. Often, I go to sleep easily enough, but wake in the middle of the night. If it's 2-3am, I will take one, and might be groggy in the morning, but I function better than if I couldn't go back to sleep. If it's after 3:20am, I haven't tried it yet, because I get up early.;8;;78;2
427;I take half of a tablet at the first sign that a migraine is starting. Usually within 45-60 minutes the beginning symptoms of my migraine are gone. Once in awhile, at this point (60 minutes after I have taken half of a tablet) the symptoms are not noticeable different, so I will take another half of a tablet.;10;;58;2
2059;I take the prescribed dosage every day, get annual breast exams, pap and BMD tests. I try to stay physically active and eat healthy foods.;10;;25;2
2211;Once a week Fosomax, taken on empty stomach with plenty of water. Ability to stand or sit upright for at least 30 minutes after taking is required. My phyisican prefers this to once a month options, saying it is more effective.;10;;41;2
385;"It's very easy to take one pill per day and only have one ""off"" week in three months.";9;;18;2
3364;"When my cholesterol was found to be slightly elevated, my cardiologist put me on Lipitor. The first week was fine. The beginning of the second week I began to have sore muscles all over. By the end of the second week this was so bad I could hardly get out of bed in the morning. So I quit the Lipitor (did not consult the doctor on this); in the AARP magazine (or else newsletter, not sure which) there was a question for the medical doctor about possible natural replacements for the statin medications and he recommended Red Yeast Rice. I found a product with that and a few other cholesterol-lowering supplements (primarily CoQ-10) ad have been taking that with no side effects. I am due for another blood test in a couple of weeks, so we will see how well it has been working.";1;;144;2
2236;tried rx for this in place of over-the-counter claritin/loratadine. this worked much better for animal allergies. I only take it as needed - not;8;;24;2
2;Use in the morning and evening in the spring allergy season. Continue to use even if symptoms disapear and 2 to 4 weeks prior to full blown allergy symptoms.;10;;29;2
1100;I take 1 pill 37.5 mg each morning, they will up me to 75 mg and i will see if i feel better than better.;8;;25;2
3493;Took 200 to 400 mg. of medication for 6 years for the treatment of anxiety.;8;;15;2
1255;"Once kidney stones were ruled out as the cause, the choices were to ""wait it out,"" or to try this medication. Directions were pretty straightforward---take the pill after a meal; don't drive if feeling dizzy or drowsy; drink plenty of water.";8;;41;2
2332;I took this medicine once daily. The results were not dramatic but could be visibly noticed.;8;;16;2
179;Chronic bronchitis-type sympptoms were treated, daily dosage varied and was confusing and difficult to administer. Not able to pinpoint if recovery came from the infection running it's course or from the drug. No side affects, but anxiety taking a steriod in such an unusual way.;3;;45;2
3486;To be taken 3 times a day, but I only took as & when necessary.;10;;15;2
3271;Taking zoloft once a day IF YOU ARE REALLY DEPRESSED may work wonders. But try to gat off of it as soon as possible. Long term side effects are still not known.;9;;32;2
1164;I was dealing with unrelenting nausea and vomiting for about five months. A combination of other drugs was tried, and they had a limited ability to control the nausea. I had lost a lot of weight, and was at the point where the weight loss had left me pale and weak. When Zofran was added to the list of drugs I was given, I had immediate relief and was able to stop taking several of the other drugs. I now take Zofran in the morning and evening and have stopped an unwanted weight loss and can enjoy eating again. I recently had a biopsy where I had to have nothing in my stomach for twelve hours. The prescribed pain killers after the procedure immediately brought back the vomiting, and my friend reminded the nurse that I usually used Zofran for that. Within ten minutes after giving me a dose the nausea was gone and I was able to get much needed rest.;9;;162;2
3394;Well, theres not a whole lot to say about the treatment details. I take one dose per day in the morning. Its a dry disk powder that you inhale. Its very easy, quick, and seems to work very fast.;9;;39;2
2585;The drug in drop form was put in each eye three times a day. It was a nuisance to have to carry it with me for mid day application. The chemicals in the drops sting and leave your eyes watering for a minute or so. Otherwise it was easy to use, although the proper technique for putting in the drops without touching the eyeball takes a little practice and a steady hand;3;;72;2
3434;I was instructed by my dermatologist to wash my face nightly with a benign cleanser, wait twenty to thirty minutes, and then apply a very light film of product to my face and neck. Be careful not to apply the product directly up against the side of the nose or the nostrils, or you'll suffer irritation.;9;;56;2
9;Use inhaler twice a day once in the morning and once in the evening for a period of four weeks. It took approximately five days to week before lasting relief was obtained. Continuous use prevented the condition from recurring. Condition occurred on a seasonal basis in the mid fall and mid spring period. No symptons in Winter or Summer.;8;;59;2
3723;"I have seizure disorder; for years I took Dilantin which was partly effective but not entirely and has some side effects. Several years ago a new doctor wanted to change me to Trileptal. The experience was not good - a major seizure while he was experimenting with the dosage; dizzy spells came over me in the morning, sometimes during my commute. Later the doctor switched to Lamictal. I have been on Lamictal for several years now with no seizures and no side effects, with the occasional 'aura' (something like a headache that in the past has sometimes been a precursor to a seizure). I do not know the efectiveness of the new generic equivalent.";10;;114;2
2262;I took a whole 10 mg tablet the first time and I wasn't right for two days. I then took just a quarter of a 10 mg tablet and got the same reaction, but it only lasted for about a day. I was through with it a that point.;1;;49;2
1541;I took 1 every night for 3 weeks then every second night for 2 weeks then one twice a week;8;;20;2
1770;20mg daily for 3 months, taken as one pill each evening 10mg daily subsequently for 6 months.;8;;17;2
3864;Pill is taken early in the morning on an empty stomach. It is basically prescription iodine as hypothyroidism is basically an iodine deficiency. Symptoms that I experienced were basically weight gain and extreme fatigue. It's taken awhile to get the dosage correct, and after switching pharmacies and getting a different drug manufactured by another company, I feel that maybe another blood test is necessary to confirm that the new pills are as effective as the others I had been taking for 5 years.;8;;83;2
2724;I was refered to a pharmacology specialist to see how I could be weaned off such a large dose in order to help control my weight because of the triggering of the carbohydrate cravings for which elavil is well known for. I have partiall been switched to topamax( 150mg hs with 225mg elavil hs) and I almost immediately lost 15lbs);8;;60;2
549;I just take one pill per day. I take it every day as a prevention. I think it controls the uric acid my body produces too much of that causes the fluid retention and the swelling.;8;;36;2
235;I started to take wellbutrin xl at about six months of pregnancy and continued for approx six months, when the baby was about three months old. I usually took it in the morning, but often times forgot and took it later in the day. None of this seemed to affect how well it worked. Were it not for the fact that it is so expensive and that it can be toxic to the body, I would take it every day. (Please do not reveal my email address. I really value my privacy. Thank you.);9;;94;2
3446;On day 15 of my cycle I took the Provera 10 mg for 12 days and then stopped to promote a period. It took a couple of cycles for this to become effective, but utilizing the drug in this manner did take care of the problem of irregular bleeding in between periods.;9;;52;2
3779;400 MG 3 Times DAILY NOT to be taken with any alchohol. 7 Day period.;10;;15;2
3899;Instructed to take two 250mg capsules every 8 hrs for 10 days. No discussion about possible side effects or what to do should they occur. I thought my skin had come into contact with something that I was allergic to because I didn't realize it was a drug reaction since that rash started on the 8th day antibiotics.;3;;58;2
2635;"I'd visit the doctor's office once a month. At my original clinic, I would simply walk in and a nurse would inject me; after we moved to another state I learned I would have to wait 1.5-2 hours for a doctor to see and inject me, even with an appointment it could take a while. Once I had received it though I was good to go for 3 more months.";9;;70;2
149;"Take 2 tablets the first day by mouth; then, one tablet on days 2-5. Don't take medicine within one hour before or two hours after aluminum or a magnesium-containing antacid. Finish all of the medication, even if symptoms of the illness disappear prior to full prescription time demands in length. Store medicine @ room temperature, away from heat and light. Medicine may cause sensitivity to sun; avoid exposure to sun. Notify physician if swelling, rash or hives, breathing difficulties become present. Do not do anything that could be dangerous (Ex: driving, operating machinery) until you know how this medicine will affect you.";10;;102;2
856;just as the anxiety arised I took 10 or 20 drops depending on the strength of the symptoms and after a while I was normal again;9;;26;2
320;Very simple, just take drug at night before bed. Doctor prescribed for no more thatn 3 nights per week, but as sleep deprivation increased, so did the taking of the Ativan. Sublingual helped better than pill. Took drug up to 5 nights per week. Ran out of Ativan at some point and realized after a 3-4 days that was sleeping better and felt better mentally, emotionally and physically. Realized that the drug had severely affected his personality and motivation. sex drive and pleasure increased with each week off the Ativan. Swore to never use it again because the difference in how he felt was like night and day, once he got off the pills.;2;;114;2
3697;I began taking Effexor XR when I was severely depressed. I took it once a day for approximately five years. My symptoms included crying, lack of interest in life, inability to concentrate, loss of appetite, and sleeping more than usuual. I could barely get out of bed and I could not function. Within two weeks of beginning treatment with Effoxor, I began to feel take more of an interest in normal activities and was able to eat and sleep normally.;9;;80;2
3456;Prescribed Tamiflu for 5 days (one capsule twice daily). Couldn't do anything buy just lay there. Tried to make myself drink liquids and eat something (when I could start eating).;10;;30;2
113;Treatment details is as followed she took twice daily with food. sometimes she forgot to take her medication soon to realise that the pain was coming back. So hence she realised she had forgotten to take it. It clearly worked to relieve the pain of arthritis.;1;;46;2
3252;Application of creme to clean skin in the morning and evening. It was the most effective acne treatment I have used that didn't cause excessive drying or irration to my skin.;8;;31;2
726;once a day at night time for a period of 3 month. I wear sunscreen every day. However, I have stopped using it after reading the reports that it has harmful side effects in the long term.;8;;37;2
122;1 tablet a day in the morning. If symptoms beginning 3 tablets three times a day for 5 days or until symptoms have disappeared.;10;;24;2
3609;I use once at night. Because I have built up a tolerance, I have no adverse side effects. If I do have occasional peeling, I remove/stimulate it with a Buff Puff.;9;;31;2
396;"Relpax was prescribed on an ""as needed"" basis for my migraines. It was taken after the onset of migraine, usually when I realized that it would not go away via conventional over the counter headache medicines. It starts to take effect at approximately 1-2 hours after I take the pill. This medicine has been a ""life saver"" for me. It allows me to function and go on with important things in my life even when I get a migraine.";10;;79;2
2494;Had virtually no effect on my depression and the side effects were intolerable. Took it at bedtime but was still quite groggy throughout the day. Gained about 25lbs before I stopped it.;2;;32;2
1116;effexor xr 75 mg. 3 times per day, at present. hoping i will find something to help. i don't even know what drug to suggest. i've been on prozac, and zoloft. the zoloft worked for 5 years, and it just stopped working also. tried paxil for short term. it made the anxiety worse for me.;2;;55;2
2422;I have since stopped taking the Levothyroxine 100 mics daily. My provider explained to me since I was still feeling tired was to switch to the brand name Synthroid 100 mics daily. I have noticed a big difference in my energy level and alertness. I can't believe I have gone this long (15 years) feeling tired and out of sorts. I wish now I had been taking the brand name all along. No telling what things I may acomplished.;8;;79;2
1604;My juvenile/pigmentary (open angle) glaucoma was diagnosed when I was 26 in 1989 (my mother also had it). I was prescribed 2 kinds of eye drops which were effective for some time, but after a while, they couldn't control the intraocular pressure in my left eye, so I had to undergo a trabeculectomy in 1992. Now I put drops only in my right eye (Cosopt 2 times a day and Xalatan once a day before I go to sleep). My eye pressure has been under control ever since.;8;;88;2
2256;I'm not sure waht you mean here- I started on the medication over 2 years ago at 10 mg a day. The dosage was increased to 20 mg after about 12 months. The side effects were limited, and mostly not perticularly bothersome.;8;;42;2
2687;Patient was taking a low dose of Lisinopril 1 pill a day for slight high blood pressure. She took the medication on and off for 5 years. She would take it when she felt she needed it. Sometimes for about 3 months in a row and other times just 1 time a week. Sometimes she would stop taking it for a couple of months.;1;;64;2
566;taken in combinatino with a 4 mg water pill every morning, once a day at same time every day.;10;;19;2
1143;I had to take 3 pills everyday for six weeks to clear up the fungal infection. The treatment was not hard, but it was effective.;10;;25;2
4030;Applied once at night as directed. Applied sunscreen in morning of SPF 30. Some dark pigmentation was lightened significantly but some places didn't lighten enough to go unnoticed. Acne was not helped, suprisingly, but the treatment did not make it worse either. Overall skin appearance looked more uniform.;8;;48;2
787;take one as needed for insomnia. I took it every night. When it was gone, I discontinued use, as I felt that I was becoming dependent on this product.;9;;29;2
3843;one 50mg tablet 3 times per day for 1 week. what i did find was that the pain in the elbow did return eventually and i would have to start re treating my self again;10;;35;2
1582;Take Xanax an hour before an anxiety inducing situation, or at night to reduce panic/anxiety attacks until the Lexpro kicked in (about a month). After taking Lexpro for several weeks, the Xanax was no longer necessary.;9;;36;2
1923;500 mg of azithromycin once in a day...for three days gives total recovery from sinusitis.;8;;15;2
2342;The prescription was to take a tablet twice a day. I felt more comfortable taking it once a day instead.;8;;20;2
2239;"I am to take this in the morning daily. I am afraid to stop it because I fear the hives will return, but the sleepiness and lethargy in the afternoon is not pleasant. I am considering cutting the tablet in two. I have stopped the pill altogether for a few days to see what happens since I was told to ""take as needed"".";8;;63;2
3840;Take twice daily as a preventative measure. If my life is very calm I have reduced it to one a day;8;;21;2
82;I have a prescription for albuterol for sports related asthma. I usually get the Proair inhaler but the pharmacist insisted this was the same and gave it to me. The first day I had it, I went for a run. As usual, about 10 minutes in my chest begins to tighten and I cannot breath. I took a puff of the Ventolin HFA inhaler. No effect. I stopped running. I took another puff. No effect. Still cannot breath. I am now bent over with my hands on my knees struggling to intake air. I took several more puffs from the inhaler. No effect. I am now struggling to remain conscious, I am getting light headed and everything in my vision is pale. I begin to lay on my back, taking a few more puffs of the inhaler. No effect. My throat is now beginning to seize from the sheer force it takes to inhale tablespoon-sized breaths. I have a headache and hear a high pitched whining. I try several more puffs of my inhaler. No effect. I lay on the ground doing controlled breathing for several minutes. I tried a puff of Ventolin HFA here and there with no effect, so I gave it up. I'm laying wondering if this is my last day on Earth. About 15 minutes of pure agony later I catch my breath slightly. I now have an enormous headache and am dizzy. I get to my feet and start to walk toward my apartment (across the street). Along the way, my chest seizes up a couple more times, and a couple more times I use the inhaler. No effect. I now have to wait another month before I can afford a ProAir inhaler before I can even exercise again. I think Ventolin is for underdeveloped little kids who think they have asthma but actually don't. I have real asthma and this stuff almost killed me. The puff that comes out of it is nearly invisible, the puff from a Proair inhaler is actually noticeable and...a 'puff'--about 15x more comes from the Proair compared to the Ventolin. Even waking up in the morning, the slight tightness I have then, Ventolin does nothing for. My girlfriend doesn't understand why I wheeze before AND AFTER I use the Ventolin. Well, it's because it doesn't work for me--in fact, it almost killed me. Everything in this story is true, but I may have taken more puffs from the inhaler than I listed...any ?'s feel free to contact me: thecrookfromthebrook at yahoo.com. Thank you and take care.;1;;427;2
866;Take 5 mg valium between half hour and hour before retiring for the night. Only use when leag pain is going to disrupt sleep.;9;;24;2
3129;Synthroid--50 mcg. + Liothyronine--25 mcg., both daily, around 11 P.M. + magnesium--400 mg. + Vitamin D3 (alternating between 2000 mg. and 4000 mg.), daily (My body's not absorbing the Vit. D3 very well--will get rechecked in a week.) Have these levels checked by your doctor. 90% of people are deficient in Vitamin D and low in magnesium. These are essential to your body's wellness.;10;;64;2
2173;i was a person with sinusitis due to allergy.if i happen to take dusty book or something i used to sneeze a lot then get fever and eventually nasalblockage.i used totake antibiotics every now and then.later doctor toldme to take cetirizine once or twice a day when the symtoms start.i took the medicine and the symtoms disappeared within some hours.now i am no more taking antibiotics as my allegy doesnt lead to sinusitis or fever.;10;;75;2
1660;After being miserable with frequent (20+ times/day, 7-10 times/night) and severe hot flashes (sometimes like a sudden sunburn, skin turning red and burning) for a number of years, I went on hormone replacement therapy. Estrogen by mouth had more side effects, so I went on the patch, which I have to change only once a week. The recommended accompanying treatment of progesterone caused more problems than the estrogen: a combination patch which is available is more convenient, but I found by trying it that progesterone really aggravates my IBS symptoms. To lessen that effect, I went on an estrogen-only patch and use a separate progesterone only 7 days/month. This is currently making me have periods again, not a fun thing, but I feel much better overall because my IBS symptoms are much less severe and less frequent.;10;;137;2
1332;The secret of taking proton pump inhibitors and H2 receptor inhibitors lies in finding the right dosage and the right time of day to take it. Zoton Fast Tabs are tablets which dissolve on the tongue and can be broken to alter the dosage. I found that half my prescribed dosage of 30 mgs/day was enough for me and so break the tablet in two.;10;;65;2
3051;Dec 08- Zoloft, sparked a 3 week long mixed phase with psychotic features. 4 days into it I was prescribed 25 mg seroquel. Jan 09-April 09, Increasing doses of Seroquel, up to 300. Also Wellbutrin, starting at 50 and eventually reaching 300. The wellbutrin made me considerably more depressed than I was before, and I stopped taking it. Since then it's been the seroquel, and I've been mostly stable since.;9;;70;2
2923;I take 2-4 Trmadol daily for my arthritis pain. Always 1 before bed and one upon waking if I begibn to feel pain during the day I may take another. my blood levels are monitored every 6 months to make sure there is no liver damage from this and/or the Ibuprofen I take.;8;;53;2
2425;Synthroid was prescribed as thyroid replacment hormone after total Thyroidectomy due to nodules, etc from Graves disease. Was determined that 75 mcg was the correct dose. However after 2 years of taking Synthroid and endocrinologist unwilling to try alternative medication, I found another doctor who did some additional testing. She found that I was low in Free t3 & t4 and the prescribed Armour thyroid. I feel much better on this thyroid replacement than I did using Synthroid.;3;;78;2
1434;At 14 I was diagnosed with hyperthyroidism and this was corrected through medication (thyroid disorders are prevalent in my mother's family). I was diagnosed with hypothyroidism (TSH 14.5) this past December and evidence of an auto immune disorder. Since, I have been on 50mcg daily, my TSH tests normal but there has been no improvements in symptoms.;1;;57;2
853;had to apply with each diaper change, along with a otc diaper cream or applied with aquaphor, and twice a day had to add the otc hydrocortisone cream.;8;;28;2
1960;Patient was being weened off of 3600mg/day of Neurontin on to Lyrica. As the dosage taken of Neurontin lessened and that of Lyrica increased so did the side effects. Patient was taken totally off of Lyrica and, successfully, placed back on Neurontin.;1;;42;2
1709;I use the retin a every night as needed if there is a breakout for about 4 weeks.;10;;18;2
3854;Application of cream nightly 15 minutes after washing. Product information advised waiting, but it still burned and itched when applying it after waiting. it had no real visible effect during the time I used it. I gave it a 2 instead of 1 because I felt a very subjective glimmer of potential improvement at the end of the period, but not enough to overcome the pain.;2;;66;2
2877;Applied a small amount to the face once daily in the afternoon. Applied sunscreen during the day to compensated for the increase in photosensitivity;9;;24;2
3571;I used the gel once at night. I also took an antibiotic and yazmin. I believe I will continue to use the differin even after I stop the antibiotic, just for it's benifits.;10;;33;2
3254;300 mg 2x a day for 7 days took it for 2 days only from 9-1-11 to 9-2-11;1;;18;2
3559;Was to be applied externally to the affected area every night at bedtime afer washing.;2;;15;2
2294;After a break-up, I was very depressed and upset all the time. I began taking a dose of 20mg and within a few days, noticed a difference. I had fewer dramatic mood swings, and was able to handle the everyday things that got me upset in a more reasonable manner. I did not feel like crying as frequently as before the medication, and I feel it helps me keep a pretty even temper. I continue to take this medication because I have been told I have a natural chemical imbalance, and this keeps me from being overly emotional when it is unnecessary. Overall, I feel I benefit from taking it, and unless I miss a dose, I have no side effects.;8;;121;2
215;Spironolactone was taken 50 mg a day and then increased after 3 months to 100 mg twice a day. The Lo-ovral was taken each day. The laser hair removal was every 6 weeks. The acne was completely under control. When the OCP was stopped, the acne returned.;9;;47;2
3612;Treatment was for sun damage to the skin. The retin-a was applied daily in the evening. It was advised not to use it durig the day since it could lead to excessive exposure of the sun.;8;;36;2
2138;The treatment details were pretty basic. I just took the medication in the morning at the same time of day every day. I was allowed to skip it on the weekends or less busy times if I so desired. I really don't have anything else to put for this section of the survey. I'm trying to fill up the 50 word requirement though. You shouldn't really have that requirement on this form. It seems kind of silly to be writing with nothing left to say.;8;;85;2
283;I take this medication for severe narcolepsy. It has helped with the feeling of not sleeping at all when I would wake up the next morning. However, if you do not get into bed and STAY for about 3 hours you can fall and do things you don't even realize you are doing. I got up to use the bathroom a few times on this medication and once I fell into the bathtub and also have fallen asleep on toilet if I have gotten up to use the bathroom. It can take affect VERY quickly if you have an empty stomach. There was a time I thought I had at least 15 minutes before it put me to sleep but I hadn't eaten much and it kicked in in 5 minutes. I fell asleep talking to my Fiance. It literally knocks you out like when you are put under anesthesia for surgery. It can be very dangerous but it is quite affective for helping you sleep and go into the refreshing cycles of sleep.;9;;174;2
2882;very simple really, wash and dry face at night, wait thirty minutes for face to dry completley, apply a pea sized amount of tretinoin avoiding corners of nose and eye lids.;10;;31;2
727;I was giving 4% dose using once a day along with sunscreen used daily. Help with my acne scar but produce dry sensitive skin. I am no longer use it after reading reports of its harmful long turn side affect;8;;40;2
2917;After badly twisting my ankle I took the pain killer Tramadol . Although I was advised to take one tablet , three times per day. I did actually only take two tablets during the day. I felt the results were more than enough.They worked well enough and long enough to last me for a longer period of time.;9;;58;2
413;My insurance only covers 9 pills every 28 days, so my physician prescribes 100 miligram caplets and I cut them in half to give more dosages. The caplets work well if the migraine is caught early. I most often wake up with the migraine starting and will take my pill and lie back down with a cold cloth or ice pack for 30 minutes to 2 hours depending on how advanced the pain is. If I catch it really early the pain stops progressing and I feel well with in 30 minutes to an hour. If the maigraine has progressed too far the caplets don't work and I use a self injection of the 50 miligram dosage which works within 30 to 60 minutes without much side effect. If I take the Imitrex by mistake for a headache that is not a migraine I get queasy and tight in the stomach and feel hung over.;9;;155;2
599;Prescribed by my psychiatrist to use in various doses over several years of use to use for anxiety and panic, and in conjunction with Klonopin as an effective measure to reduce a mixed/manic episode of bipolar disorder in an acute situation, and also at a low-level dose every day to reduce the chance of episodes from occuring. Good tool in anger management as well.;8;;64;2
2852;I have been taking albuterol for years. I take it when I feel tight in my chest as well as before exercising. I rarely use it, whereas I used to nee dit almost every day. Now... once every month or two, unless I'm exercising.;10;;44;2
3805;5mg was taken 1-2 times a week for several months. That produced very strong and lasting erection in about 20-30 mins. Taking cialis also had the psychological effect of easing anxiety.;9;;31;2
2547;Daily intake of 1mg tab. Viral load check every 3 months together with ALT, AST and complete blood count.;10;;19;2
2375;Fifteen years of dermatologists, peels, topicals, Accutane, and nothing had cleared my cystic acne and constant breakouts, though a few treatments lessened the severity. Flutamide 125mg b.i.d. took one month to take effect, and within 6 weeks completely cleared ongoing resistant acne that had lasted more than 20 years and was worsening in my late 30s. AFter one year, we tried weaning off the drug. The results lasted for about 5 months, before the acne gradually returned. Went back on flutamide, and a month later the acne had left. We are now trying to see if a lesser maintenance dose is possible.;10;;102;2
340;Initial dosing of gabapentin of 300mg on day one, 600mg on day two and 900mg on day three with increase to dose of 2400mg at which headaches have almost completely subsided.;9;;31;2
2690;I take one pill per day and have been for the past five years. I am now following a new eating and exercise plan and have lost weight, so I may not have to continue with this medicine in the future.;10;;41;2
1719;I applied nightly to dry clean skin. I did not apply any moisturizer afterwards in order to avoid diluting the product. I used a mild cleanser for dry skin and exfoliated with a microfiber cloth once a week. I did not have any peeling. Some irritation in places.;9;;48;2
2788;pt started on 150mg daily for 1 week then increased to 300mg once daily. Pt continues on the regimen today (has been for years 5+);8;;25;2
1055;"1 pill every morning at least one hour before eating. Topical medications were a hassle to use consistently, were seldom ""cosmetically elegant"", and did very little to keep symptoms from escalating. Dermatologist prescribed Oracea when it became obvious the the topicals were never going to control the pustules. Oracea cleared it up in a couple of weeks and gave consistent results throughout treatment - Rosacea was practically forgotten about - with no side effects. Several months after discontinuing use, pustles have returned but are nothing like before treatment and are manageable with OTC topicals. Expensive but Oracea does offer discounts worth looking into.";10;;103;2
3602;I applied a small amount of Retin-A every evening before bed and washed if off in the morning. If you are able to get through the initial stage which includes the side effects (peeling, dry skin, redness, irritation, and sun sensitivity) your skin will emerge better looking and healthier in the end.;9;;52;2
107;The knee pain became progressively more severe over the course of 2-3 months. My family doctor sent me to physical therapist who stress tested the knee, and the physical therapist determined that I should see the specialist. A consultation with an orthopedic doctor was scheduled with an MRI performed. The MRI showed some swelling in the knee joint ligaments under the front of the knee cap. No tears or spurs were visible, thus the diagnosis was possible early stage of arthritis and/or minor injury. I felt the arthritis was not completely impossible but more likely that some possible injury was probable owing to my daily work activity but no exact injury could be documented. After the week of celebrex usage, without any noticable relief, I chose to discontinue the medication route in favor of some time off (2 weeks) with ice-pack heat-pad therapy to reduce swelling and pain. Next I self applied sparingly over time some physical therapy at the local gym, to strengthen any possible sprain-injury situation that may have occurred. To date my knees have been relatively trouble free when i adhere to age appropriate work and leisure pursuits (reducing strenuous projects as i get older). My construction business is slowest in late fall and winter, during which i continue my physical activity at a local gym. Thus avoiding future injuries.;3;;223;2
3079;Take 1 tablet by mouth 2x day or after 6 weeks, reduce dosage to 1xday. Patient required the 2xdaily dosage for the duration to keep the acne manageable. When tried to go to a lesser dosage, the acne breakouts returned.;10;;40;2
3989;I took the fosamax with 8 oz. of water and walked around for an hour.The first couple of years I did not take calcium supplements. Then I did. Since I do not think the results were really an improvemrnt, Now I am taking a calcium supplement with vitamin D and magnesium and a fairly new drug called foseum which is suppose to be entirely natural like an herb, but more expensive than fosamax that must be taken twice a day.;2;;80;2
1165;You take one pill to dissolve on the tongue every 6 to 8 hours as needed for nausea and vomiting. This drug used to be used for chemotherapy patients, but now is more widely available for others. For gastroenteritis, it is very helpful for comfort and maintaining hydration.;10;;48;2
204;Once I applied it for my dermatitis (the doc. prescribed it to me because she said it was non-steroidal), there was redness and tinging on the side of the application, which I thought was a normal side affect that should go away on its own. I kept applying it diligently as prescribed. In c couple of days there was a rash on the area ( I called the doctor about it and she said to stop using it for a couple of days and then apply it , since that might have a been a normal side effect). I did what she told me to, so I reapplied the drug again in a couple of days, there was redness and irritation and then later on the following day I had a cold sore developing on the spot (the affected area where I was applying the cream was the upper lip and the noso-labial folds). Plus to everything else I had a bad a headache, which as I found later could have been the side effect of that medication. I went to another dermatologist and she said that she would have never prescribed that medication for the face especially if I have a tendency to develop cold sores because that medication serves as a immunosuppressant.;1;;214;2
190;Couldn't focus ,stay on task, due to this caused lack of motivation. Tried Ritalin, and others . They did not work. Went on 1 yr ago. Maintaining same daily dosage.;8;;30;2
611;Oral dose taken in the morning and evening. Tried the estrogen patch, but did not like the sticky 'bandaid' on my skin.It would get sticky on the edges and be a magnet for clothes fibers.;10;;35;2
2540;One pill was taken with a meal daily, at the same time every day, for seven days every other month. The terinbafine was used in conjunction with applying Nonyx nail gel twice a day. A thin coating of the nail gel was applied to the entire nail and underneath the nail wherever possible twice a day. The nails were filed down with an emery board on a weekly basis to scratch up the surface to better allow the nail gel to penetrate. The underneath of the nails were scraped clean as much as possible on a daily basis. By the end of the first month ingrown toenail pain was gone. By the end of the second month, all toenails were noticably less yellow. By the sixth month, toenails are more than half clear & white, with only the top halves needing to grow out and still showing some yellowness and thickness and curving growth. Blood tests were taken every other month to ensure no kidney damage occuring from the terbinafine.;10;;170;2
108;I took the celebrex once a day for a month and am now doing PT for the achilles tendonitis. The only reason for stopping the drug was out of concern for long term side effects (kidney eg).;9;;37;2
1085;having suffered with severe anxiety problems for several years and having tried several other anti depressents my gp prescribed effexor at a 75mg dose, this was then incresed to 150mg and finally 225mg which is ongoing, my anxiety is now much better and i am able to live normally;8;;49;2
426;I take an imitrex within an hour of onset of a migraine headache. However, I do not take more than one Imitrex per day. Also, I usually do not take it two days in a row, if I don't have to, as the drug makes me feel very tired and depressed the next day.;8;;54;2
3807;I still have the drive and can have a erection just not full, so a dosage of 20mg just gives me back what is needed.;10;;25;2
4141;I had been having menstrual migraines for some time and would always end up in the er when ibuprofen and acetaminophen didn't work (i had tried other migraine meds that didn't work either) So my Dr. prescribed percocet, I usually end up taking it once every 3-4 months.;8;;48;2
1934;I took 2 pills on the 1st day, then 1 pill each day for the following 3 days.;10;;18;2
2079;Besides taking this drug my treatment regime also included diet change limiting carbohydrates, increasing fiber, and portion control. I increased my activity level by using a treadmill daily. This combination resulted in not only regulating my blood sugar levels, but also a weight loss of 20 pounds.;10;;47;2
278;I would take 3 gms before bed. Wake up 2.50 to 4 hrs later for second dose. It was easy to wake up, many times I would wake up on my own. Sometimes I would try to wake up too early and would just sleep through my alarm and then wake up closer to the 4 hr mark. If I didn't have a busy job it would just be ideal to try to get closer to 8 or more hrs of sleep every night. That was not always practical for me. I started off at the 3 gms dose twice per night and never had to change. Sometimes, depending on the time of month I got less sleep with the dose - i would awake after only 2.5 hrs later and get around 5 hrs of sleep a night. Depending on where it was with my cycle, sometimes I couldn't wake up so I would lessen my second dose to 2.25 gms so I could wake up at 4 hrs after the dose.;9;;173;2
1197;Took for several months, told my doctor it was NOT making a difference so she doubled the dose to 40 mg. I couldn't stand the thought of putting more chemicals in my body if they weren't doing anything so I never filled the doubled prescription and focused on counseling, which made a difference.;2;;53;2
2043;I was instructed to apply to affected area in the morning on slightly damp skin. I was to reapply a couple more times a day (especially after hand washing). And to keep skin constantly moisturized.;10;;35;2
2156;Very easy...just take once a day with water. It worked for 24 hours. It was small and east to swallow as well.;10;;22;2
1809;take 60 mg oxycontine every 8 hrs and one Traumeel at same time taking oxycontin. Traumeel tablets are to be taken sublingually, under the tongue to slowly dissolve. After a one week period of taking the Traumeel with the pain killer, i noticed substantial results.;10;;45;2
901;Lisinopril 1 tablet 20 mg daily, Paxil initially was 15 mg increased to 30 mg. daily.;10;;16;2
2325;Once a day. I was drooling as I slept. When I could sleep. I was edgy all the time. I was in a brain fog. And nobody knew that I wasn't crazy. This damn drug was making me crazy. I told my stupid shrink that I needed to be calmer and he gave me speed. I told him I was getting irrationally upset and he doubled the dose. I have been seriously depressed and screwed up emotionally and physically for three years. I want to sue the drug company. All the other comments on this blog were written by drug reps.;1;;101;2
1217;I began by taking 5mg tablets one time a day for one week. The next week I increased to 10mg tablets on time/day. I took Prozac for one year. When I stopped taking it I reduced the dosage to 5mg tablets one time a day for about 2 weeks. I did not have any ill effects when I quit taking it.;9;;61;2
203;I take a pill in the morning when I get up, once a week, on the same day each week. I take it with an 8 ounce glass of water and do not lay down, eat, or drink anything for at least 30 minutes. I also take calcium/d vitamin supplements daily, eat plenty of dairy products, walk at least 3 times a week, and avoid alcohol and soft drinks. I was already following these dietary habits when my previous bone density tests were done. Because of that, I credit fosamax with the improvement that has taken place.;10;;97;2
1194;Took pill once a day and visited therapist once a month. After awile, I didn't go to the therapist anymore and I was extremely even with just the medication.;9;;29;2
294;The drug is generic and I took the drug at home without doctor's prescription. 2 Capsules days, each morning and evening before food.;8;;23;2
1069;Botox was administered to my forehead and outer eye area (crows feet) via small gauge needle. Totally painless. It took about 3 days for the drug to take effect but once it did, it kept the wrinkles at bay for approximately 6 months.;10;;43;2
2479;I inject myself twice a week in the stomach area, which is a feat because until this happened, I was scared to death of getting injections.;9;;26;2
2899;after the shunt replacement, the patient was fine. the operation for the replacement took place at noon, and at about five o,clock in the morning the next day, he died. his skin was mottled, and he had an emesis in his mouth. about half an hour before, the nurse caring for him reported he was fine and sleeping. about four hours after the operation he was fine, watching television and joking with visitors which included his father. a code for resusitation was called, and after about 30 minutes the code team ceased operations.;1;;93;2
3093;I have been taking this product consistently for about 10 months. I take one tablet, twice a day with meals - usually one at the beginning of the day, another at the end of the day.;8;;36;2
1840;I always take the pill at night with lots of water. I am told Yasmin increases the amount of potassium and extra water will flush out the excess. This could be a problem because there's been rumors (not confirmed, but rumors) Yaz might have to be either modified or off the market because of this, according to my doctor. It's expensive, I'm not going to lie. I pay almost 70 bucks per month because I have no insurance. Make sure you exercise on this pill, because I really think it makes you sluggish easily so you could gain more weight. I've never tried generic.;10;;104;2
2460;According to my doctor, I am one of the small percentage of women who become more symptomatic as time goes by after menopause. I had stopped hormone replacement therapy after the Women's Health Initiative Study as a result of the negative findings of the Study. Over a period of several years, I was increasingly bothered by the disturbed sleep resulting from hot flashes and the vaginal discomforts mentioned above, and so reluctantly decided to resume taking hormones. The doctor stated that Angeliq provided a low dose and that the progestin was closer to that which our body naturally produces. I took it daily for about a year. For the last six months, I have, with the doctor's approval, decreased use from every night to five nights during the week and none on the week-end. I have not suffered any negative results from the decrease.;9;;144;2
2652;Patient takes treatment one tablet bu mouth twice daily. Instructed to take with food. Warned to not take prescribes drugs containing aspirin, ibuprofent or naproxen without physicians cosent.;9;;28;2
3087;During my teens, I took minocycline several times a day for many years. I was also using various topical medications, and at some point, also took different antibiotics such as Bactrim. Nothing really worked. I was also trying suppliments, teas, meditation, changes to my diet and exercise routine in order to try to get rid of my acne. Eventually I wound up using Accutane which also did not work for me.;3;;71;2
391;Took medication daily along with BP med, monitored BP at home. Occasionally have puffy ankles but not as often.;9;;19;2
2630;IM injection once every 3 months. Prescribed at the age of 30 because of being a smoker and should not use the oral birth control. Zinged through menopause and didn't even know it. After 18 years, stopped injections and did not re-start menstrual flow at all. It's been over 1.5 years since last injection and no side effects or withdrawal symptoms.;10;;61;2
1047;The child had this condition for more than 2 years.Her simptoms were quite severe During this time other treatments were administered, but without success. As soon as we started using Elocon the skin improved and after 2-3 weeks it cleared. Eczema didn't go away completely until the child was about 4. As soon as simptoms would reappear Elocon was used, but no more than once or twice at a time. The child is now 5 years old and no eczema on sight, thank God.;10;;84;2
817;Not sure what this means. I was prescribed this drug for insomnia which could have been menopausal related. I took the drug nightly for approximately two years. About half way thru this time I tried to quit but the insomnia returned so I continued. The second time I successfully quite and have not had a problem since that time.;8;;59;2
3787;I had a severe URTI with bronchial coughing, headache, muscular and joint pains, and general feeling of fatigue. My doctor presecribed Keflex as an antibiotic, she regarded it as a most effective treatment for this severe URTI. I was to take one tablet (I forget the dosage) once a day for a week to ten days. As I was working I had no time to rest and had to rely on Panamax to held suppress the symptoms. Unfortunately within a day my breasts became sore and swollen, and at the end of the week I returned to my GP who tried to diagnose pregnancy when there was not the slightest possibility of this. I finished the course of Keflex, only to take on another antibiotic at the end of the course since the Keflex did such a poor job.;1;;139;2
1142;I was put on Aromasin after 6 months on Tamoxifen because I suffered debilitating muscle cramps on Tamoxifen as well as joint problems and extreme hot flushes. Aromasin has been kinder, and so far I have taken it daily for 4 years out of an initial 5. It may be prescribed beyond 5 years, I'm not sure. It has relatively slight side effects now but in the first 6 months I was conscious of its effects on my body - not intolerable by any means, just noticable.;8;;87;2
590;Blotted lips to dry and allow the ointment stay on lips. Wash hands well before and after application. Apply a thin layer to lips 6 x per day and especially right before bed.;10;;33;2
2082;I take Medformin one tablet in the morning after breakfast and one tablet after dinner.;10;;15;2
2734;i have been take amitriptyline for the last 22 years, without too serious side effects. i never miss a dose- if by some reason i dont have it - i will never be able to fall asleep at all. I started on 10mg but now i am taking 35mg, it helps.;9;;51;2
823;Take one pill every 12 hours, although on more mild days I could get away with only taking one a day.;9;;21;2
3524;Due to having depression, Prozac and the anxiety would interfere with sleeping patterns. I take Lunesta as needed to try to correct my sleeping habits. Since I was sleeping too long and having difficulty waking up, I usually only take half a tablet of Lunesta now.;9;;46;2
3796;I was experiencing a persistent cough that was not going away. In the mornings I also had nasal congestion. I finally went to the doctor and was diagnosed with a respiratory infection. The doctor prescribed me Tussionex and told me to take a spoonful once a day for 7 days. It started to work very quickly. Aside from a little drowsiness and dry mouth I did not experience any serious side effects.;8;;72;2
455;Each morning, I take out my AeroChamber that holds the QVAR. I shake the QVAR aerosol canister and place it back into the AeroChamber. I then empty my lungs of air and take a big puff of the QVAR. I hold it in my lungs for as long as possible before breathing out. I repeat this process at night before retiring. I expect to be using QVAR for the foreseeable future.;10;;71;2
20;I took the pill twice a day, morning and evening, after meals. I also kept up with my daily exercise regimen (walking and swimming).;3;;24;2
1669;tenormin 25 twice daily felodipine 10 mg once daily Losartan 50 mg and hydrochlorothiazide 12.5 mg once daily Regular exercise moderate salt restiction smoking cessation and alcohol moderation stress management techniques like yoga or meditation;9;;35;2
2504;took once a day for 2 weeks with good results of relief of back pain I also used exercise and ice when the pain was severe;8;;26;2
3669;had to stop the mediccine and go back to taking wellbutrin 300mg xl. the side effect of going off of the effexor included a lot of dizziness;3;;27;2
3251;"Received IV in hospital x5 days for a very severe abscessed tooth leading to bone infection; developed hives with first dose, so they gave me benadryl every 6 hours. After being discharged, I took the oral Cleocin for about 5-6 weeks, along with benadryl. I developed severe itching (mostly in the legs and back, some in the neck area) and severe bruising as a result of trying to relieve the itch. The itching, hives and bruising dissipated about 2-4 weeks after final dose.";2;;83;2
581;I have been taking Acyclovir daily for 1 year so far and will continue as long as my doctor allows me to.;10;;22;2
2853;My GP instructed me to take it twice a day, two puffs until it ran out. By the time the canister was empty I had recovered from my bronchitis.;10;;29;2
3865;Started 4 years ago with a 100 mgr dose and after 2 years of daily use changed to 88 mgr due to a positive effect of the drug. Besides taking levothyroxine, the patient is also practicing yoga exercises that stimulate thyroid gland.;10;;42;2
1610;Tazarotene cream was applied to the face at bedtime and washed off in the morning;8;;15;2
1892;I took the Doxycycline for 8 of the ten days prescribed, taking two pills per day.;9;;16;2
799;dosage taken at bedtime caused extreme tiredness. slept through the night, woke in the morning without unusual grogginess, but the treatment was somewhat addictive, I thought.;9;;26;2
1778;I took one dose a couple hours before bed each night. I also have regular therapy, yoga practice, daily exercise and healthy diet.;8;;23;2
3572;Apply the Differin cream at night after cleasing skin. The dryness decreased after about 3 weeks of daily use. The facial acne was cleared up about 70% and the back acne was cleared up about 50%.;9;;36;2
3925;I take the nexium first thing in the morning, 30 minutes before I eat breakfast;10;;15;2
3992;You must take this with alot of water first thing in the morning on the same day of the week. You need to sit or stand for an hour after taking the pill and wait that long until eating anything;9;;40;2
3272;When I try again to cut back on the dose, I think I'll go to a psychiatrist while doing it. Regular physicians who refill my prescription don't know me and don't know how to offer advice about doing this. My treatment details....I take it every day. Sometimes I've forgotten a day or have run out of a prescription and didn't get it refilled for a few days. I got a bit light headed. Definitely not something you can quit cold turkey.;9;;81;2
3853;Just take the pills every 8 hours to tame the pain because of the root canal procedure that was done partially, not totally because of the inflamatory process.;3;;28;2
1647;I have been able to stop taking to prilosec since I have lost weight. I only take it as needed now, maybe a couple times a week. I am currently still taking the estratest for hot flashes and it is working well.;10;;42;2
2636;I was given the drug intravenously while in the hospital and a perscription when I went home. I was swollen from my breasts to my toes and attributed this to the surgery.I had told my doctor that I couldn't tolerate a high does of ibuprofen so she prescribed the generic toradol as pain relief. When the swelling showed no signs of abating, I looked up the drug's side effects and saw that swelling of the torso, thighs and legs was listed. I was trying to reduce the swelling so I stopped taking it and switched to 1 ibuprofen 4 times a day. That relieved the pain and the swelling immediately started to go down. When I told my doctor she said swelling of the torso was not a normal effect of the surgery. I conclude that the drug was at fault.;3;;141;2
776;I discotinued the naproxen after 2 weeks and started taking 3 ibuprofen every 5 hours with no disturbance to sleep and better pain management.;3;;24;2
2837;Take daily, even if you think you don't need it. After using for several years, I experimented by going off of it, frequency of sinus infections increased to what it had been.;10;;32;2
1051;A lower dose Femring was prescribed, 0.05mg/day, which does a good job of returning my horomones levels to close to normal.;1;;21;2
3871;Initial dosage 15 years ago was 150 micrograms/day. Increased steadily for first 5 years to 300 micrograms/day. Has remained at 300 micrograms per day for last 10 years.;1;;28;2
2067;Treatment started as a very low dose at 500mg/day at the evening meal. Dose was increased by 500mg on the second week and stayed the same for 3 weeks. On week 5 dose was increased by 500mg for another 2 weeks. Another 500mg increase up to 2000mg/day until beginning of the pregnancy.;10;;52;2
2987;I'm not sure what this means other than I was started on 40mg once per day and then increased to 80mg where I have remained for 5 years.;10;;28;2
1309;This drug is to be taken daily for an extended period of time. The dosage is one tablet per day. The tablets are on the large side, but the benefits are worth it.;10;;33;2
2775;One 300MG pill of Clindamycin, along with two Advils followed by gargling the Benzydamine, four times a day. To be taken with food.;3;;23;2
1036;Diagnosed with inattentive type adhd as an adult. felt a huge relief. Started strattera for 2mos. with no improvement. then a straterra ritatlin combo.t felt the ritalin and real hope for the first timho, switched to vyvanse and titrated up to 70mg with symptom control for about 7-8 hrs, now taking a adderall booster of 30mg.;8;;56;2
3929;Take the drug as prescribed. It is a pill and you just take the pill at the same time every day. i have not made changes in my diet. Although I gave up spicy foods a while ago and continue not to eat spicy foods.;10;;45;2
888;I STARTED WITH 1 20MG OF PAXIL IN THE MORNING AND 1/2 AT NIGHT BEFORE BEDTIME AND WITH XANAX THREE TIMES A DAY FOR 6 MONTHS. AFTER THAT I REMAINED WITH 1 TABLET PAXIL IN THE MORNING WITH 1 XANAX AND 1 XANAX AT BEDTIME.;10;;45;2
3741;I am, under the direction of my doctor, reducing dosage in 25 mg increments and taking several vitamin/mineral combinations, including copper, zinc, biotin, and selenium. But there is no assurance that my hair loss will ever reverse itself -- in fact, it may continue.;2;;44;2
1148;100-150 mg a day, 100mg taken in the am, 50mg in pm (if needed) to help with daytime sleepiness, caused by narcolepsy. I usually do not take the afternoon dose unless I feel really tired and nervous about driving.;10;;39;2
2579;take as needed for anxiety when going to bed/sleep. I have a hard time falling asleep and staying asleep and this medication seemed to take the edge off of my anxiety so that I could fall asleep and then stay asleep. Or at least get back to sleep and not feel startled.;8;;52;2
513;BP meds are taken on a daily basis, and I try to take the meds at the same time each day. I do not take these meds on a with or w/o food timetable.;8;;34;2
897;Treatment was easy to administer, being only once a day, and could be altered easily (am or pm). There were no cardiovascular side effects, no dizziness, blurred vision, or nausea associated with treatment with 10 mg. paroxetine. The mild side effects such as reduced craving for carbohydrates and feeling full earlier during a meal were not considered problematic. The patient's clinical signs of depression, which were insomnia, and reduced enjoyment of former hobbies were reversed within a short period of time (2-3 weeks).;10;;83;2
3935;I took the drug for my severe gerd gastro esophageal reflux disease. I used to take anti acid but was not effective and this drug was more effective. The doctor prescribed first losec but nexium appears to be less costy and with the same benifit. Nexium worked the whole dayand i had less acidity feeling at night. But my condition went worse and i did funduplication surgery and now i dont need it;8;;73;2
2543;I had elevated occular pressure that needed to be reduced and my doctor put me on xalatan which caused my eyelashes to begin to thicken and become dark in a couple of months so I had him put me on something else so we went to cosopt. After a time I felt like this was causing increased hair loss so I looked up drug side effects and cosopt was listed as causing hair loss so I had him change it again then I started alphagan p and azopt. My eyes after nearly two months time turned red and never cleared up so the doctor dropped the alphagan p and replaced it with timilol 0.25 percent. The redness quickly went away. Now with azopt in each eye once in the morning and once at bedtime and timilol 0.25 in both in the mornings only my occular pressures have been reduced one to two points lower in each eye than what the cosopt did when taken in the morning and at bedtime. These changes have not stopped the hair loss from occuring even though timilol 0.25 percent has half the timilol in it as the cosopt and is used only once a day in each eye vs cosopts twice a day in each eye. Azopt is reported to cause hair loss and is very similar to the second ingredient in cosopt.;9;;229;2
2536;1 tablet daily for 15 weeks. I would have stayed on longer if I didn't experience the vertigo. I just wanted to ensure that the fungus would not come back. But it was 3 months before vertigo became an issue.;8;;40;2
309;Thin layer twice a day to be used as needed.I also made a deliberate effort to use the Protopic as directed appying it twice a day as directed.;1;;28;2
3292;Initial dosage was 50 mg gradually over two year my span dosage increased to 200 mg. I still am taking Zoloft. I am somewhat fraid my symptoms will resurface. I am also concerned about any withdrawals or headachs.;8;;38;2
3004;The treatment included the tablet twice daily as well as plenty of fluids. Use of the drug was supplemented by cranberry juice intake -- about 2 glasses per day.;9;;29;2
2759;I took it daily with with 7-day break each month, during which a period was induced.;8;;16;2
3174;I was diagnosed with relapsing Remitting MS in December 09, Betaseron did not work for me, and i had a severe reaction to it with injections site infections After a hospital stay, being treated with IV Solumedrol, for 5 days, and many blood tests etc, my blood work came up with a very elevated ACE level, the doctors now suspect Sarcoidosis, the Neuro put me on 60 MG prednisone daily for 90 days, and in the meantime see the Rheumatoid doc to rule out this condition, the prednisone unfortunately that i am on, makes it very difficult to diagnose, and he wants me to start a taper, to see what happens, and then they can start doing more tests, as Prednisone masks the inflammation that they are looking for They also did a bone density test while there, and have discovered i have severe osteoporosis, so really not sure if they are going to get me off this drug pretty fast The drug is dangerous to be on and can cause other problems, but my Neuro obviously feels the need to have me on it sure i am scared to be on too long, but i think right now the benefits out weigh the risks;10;;205;2
106;I have been taking Celebrex now for over five months. I am very pleased with the drug it has helped to relieve my stiffness and pain with no bad side effects. I was concerned about taking this drug on a daily basis or extended term but my experience with no side effects has lowered my concern. I will continue to take it as I do see a difference when I don't, my knee is more stiff and difficult to walk at times. I have tried naproxen but for me celebrex works better.;8;;92;2
2146;I took a half of a 10 mg Zyrtec tablet 2X a day for about 2 months. I do not have health insurance and could not get a refill.;8;;29;2
515;"I was experiencing atrial defribulation due to excessive stress in life events, ie: birth of my 1st son , the passing of several family members, and a new career path-all at once-Tenormin was prescribed by my physician and it was like throwing a ""wet blanket"" over my crazy heartbeats.I've been taking it for 20 years and swear by it--only word of caution is do not stop taking it abruptly as, in my case, symptons resume quickly";9;;76;2
3868;I began replacement with 250mcg each day. I rather quickly had difficulty with rapid heart rate, dry hair and skin, emotionalness that wasn't true to me. It took several months of monitoring blood levels of thyroid hormone, monitoring syptoms and adjusting doses to find a right dose for me. I've been stable on my current dose for 3 years.;10;;59;2
1828;1 pill everyday at the same time. Even if in the first months you see that your acne is getting worse, dont stop taking it till the forth month.you will se the difference.;9;;33;2
3574;I apply Differin gel once per day to treat facial acne. I have noticed a considerable reduction in acne breakouts.;8;;20;2
2248;I basically take at least 5 200 mg tablets. I have not found the ointment to be effective at all, only the tablets.;10;;23;2
3214;I took this medication for 7 days for lower back pain, 2 times a day.;10;;15;2
2970;I started with 1000mg and stayed at that level for about 2 years. Then, after I moved and changed doctors, my dose was reduced to 500mg/night. My liver stats were being monitored because of another medication I was taking (mercaptopurine), so I'm relatively sure I haven't had any adverse liver effects with this drug.;8;;54;2
2382;take tablet once daily in am on an empty stomach avoiding calcium for two hours. have thyroid function tests at least once a year.;10;;24;2
3026;I was diagnosed with PTSD after several negative incidents happened in my life. There was a point when I felt like I was going to crawl out of my skin. The doctor started me on Seroquel... a very high dose at first, 300mg. Later when I found out about some of it's very negative side effects such as TD, I started taking only 100mg a night. And soon I will try to lower that dosage.;9;;75;2
2013;Upon waking and not being able to return to sleep, one 10 mg dose of Sonata will return the patient to sleep. If used too frequently, I understand that the product will be ineffective.;10;;34;2
2713;take prometrium at bedtime every day to help also with sleeplessness along with menopausal symptoms. and also with the testosterone gel and estridol to help balance out my hormone levels as part of my bio-identical hormone therapy;10;;37;2
2767;Had to apply the cream to dry, washed skin every day. It was supposed to show improvement withing a week or two, but it never helped very much at all.;3;;30;2
1212;I take 20 mg every morning with my vitamins. For 2 years I took 40 mg every other day, however I haven't felt the need to do this anymore.;10;;29;2
2121;large pea size applied to entire face nightly, but having to wait til skin is ultra dry isn't always convenient.;9;;20;2
2937;the doctor described a dose of 8 every day for a week, 6 for a week , 4 for a week , 2 for a week I was suppose to take them because I suffered from tendonitis , it turned to be a wrong diagnostic as the problem came from my back;1;;52;2
3580;I was prescribed differin gel for acne treatment. I applied it once a day at bedtime.;8;;16;2
2795;I was taking the Bupropion as an aide to break my smoking habit. I was also using prescription nicotene patches in decreasing amounts. The treatment WAS effective in TEMPORARILY breaking the smoking habit and possibly could have had longer lasting effects, however, my skin had a reaction to the patches (I started developing large, red, hot circles everywhere they touched my skin) and I found that I could not effectively lead my day-to-day life while under the influence of the Bupropion. Once I stopped using both products, I slowly returned to smoking.;3;;92;2
3736;I was on 25 mg for a week or perhaps two, then raised the dose to 50 mg. I have been on this dose for many years now, along with the rest of the meds I take to manage symptoms.;10;;40;2
3528;The drug is taken on an as needed basis. It has been used as much as three nights in succession without any noticeable ill effects.;9;;25;2
1073;Currently being used on a as needed basis for chronic pain. Also, used for sudden onset of severe pain from post surgical complications.;10;;23;2
4002;i stopped taking the medication and i am improving.i have been off medication about 5 weeks now.aspirin only 325 mg 2-3 tabs a day has helped me along with mild frequent exercise;1;;32;2
3915;"1 dose per day completely eliminated acid reflux. From Nexium Take this medication by mouth usually once daily at least 1 hour before a meal, or as directed by your doctor. Do not crush or chew the capsule(s). Swallow the capsule(s) whole. If you have difficulty swallowing this medication whole, the capsule may be opened and the contents sprinkled onto soft food (cold applesauce or yogurt), or emptied into a small amount of water, orange juice, or apple juice and taken as directed. Rinse the container with an additional small amount of liquid and drink the contents to make sure the entire dose is taken. Do not chew the food/medication mixture or prepare a supply in advance; this may destroy the drug and/or increase side effects. If needed, antacids may be taken along with this medication. The dosage and length of treatment is based on your medical condition and response to therapy. Use this medication regularly in order to get the most benefit from it. Remember to use it at the same time each day. Continue to take this medication for the prescribed length of treatment even if you are feeling better. Inform your doctor if your condition persists or worsens.";10;;201;2
2160;was more effective than any other brand of allergy medicine. OTC now available is not as effective. Took daily in the evening to combat allerigies for 24 hours;9;;28;2
1727;I use one puff first thing in the morning when I take my other medications, and one puff at bedtime. After using, you are instructed to rinse your mouth well.;9;;30;2
1035;Compared to other ADD meds I tried, Vyvanse seemed to be the only one that didn't interact with the Prozac. Also, I think finding the right dose had a lot to do with that. Because I could easily split the pills I was able to take a larger dose in the morning and a lesser mid-morning and not have a big drop at the end of the day.;9;;68;2
3873;3- 20mg tablets a day. Taking the prozac helped me get myself back together and get on with my life. The medication I have taken for little more than ten years. My family is strong and we are together making good. Very slow but all going in the right direction. My choice of going for help was needed. The family is working on their own challenges.;10;;66;2
2339;Taken on a daily basis at the same time everyday. Taking it everyday at the same time increases the potential for the medication to work so that the body gets a consistent dose to work with. Otherwise the body gets confused.;8;;41;2
19;"My father is in a wheelchair. For those of you with handicapped family and friends, you know how difficult urinary tract infections can be. Ciprofloxin was a major break through for UTI's. Unfortunately, paralyzed men and women have trouble holding their bowel movements due to the ""dumping"" effect of cipro releasing directly into the gut. Although not widely promoted just know that Proquin XR has truly changed my father's life. Instead of being hospitalized once a year due to a UTI, he can now take Proquin XR and continue on with his normal daily life/work etc. Proquin XR basically allows the body to metabolize more of the medication and this in turn makes the medication more efficacious. In layman's terms, it works faster and more effectively. If you have digestive issues due to cipro or any antibiotic, you seriously need to try this medication. It has not only helped my father but has made my family's life much easier.";10;;159;2
1548;Once weekly injections with methotrexate. Also took prescription-strength folic acid to minimize any side effects.;8;;15;2
3452;The drug was started within 24 hours of first symptoms. Following the advice on the packet the tablets were always taken with food ( single serve cheese and crackers ) and some gatorade. I was careful to maintain hydration with Gatorade brand drink. First dose was late afternoon so set alarm clock to wake at 3 am for next dose rather than waiting till i woke up naturally which given my tired state may well have missed a dose then pushed each dose back by 2-3 hours until they were being taken at times more agreable to the bodyclock. Unfortunately cough returned after skipping a dose on the 4th day of the standard 5 day course. Resolved after 2 doses again so got another packet and continued for 2 days more until symptom free for 24 hours.;9;;137;2
3090;I took this medication as prescribed by a dermatologist for 1 week at the 100 mg dose before severe side effects started. Side effects disappeared by 3 days after discontinuation.;1;;30;2
2049;"I take these religiously every day. The prescription was written by my primary care provider (a female) and even thought much younger than me, she understood immediately my primary concern was the depression; even though the hot flashes and night sweats were uncomfortable.";10;;43;2
2526;One tablet and then cream twice a day for a week. The tablet was taken once only. I used the cream a few more times during the day in the beginning of the treatment when I needed it.;9;;38;2
1152;Before breakfast and dinner inject 10 mcg subcutaneous. I incidently also follow a strict low carbohydrate diet to achieve those HbA1C numbers and the weight loss. It is difficult to exactly know which of these gave the greatest effect, but I believe they were synergistic.;10;;45;2
2641;you get a 3 ml eye drop bottle & use 1-2 drops 2-3 x a day until it goes away. I still have half a bottle left.;10;;27;2
38;"I entered a hospuital six years ago for suicidality; I wasn't sleeping, I wasn't eating (I had anorexia nervosa), and I was extremely depressed. I started taking 10mg of Zyprexa the first night I was there. I was really drowsy all the next day, but it waned over a few days (now it doesn't affect my energy level at all.) In about a week, my depression just lifted. This medicine has worked miracles for me- I've been depression-free since starting it- and I wouldn't go off it for any reason.";10;;90;2
3498;I have been taking Maxalt for years. I have had one sided migraines for years. They have always lasted 3 days of excrutiating pain. Maxalt has been a life saver. I take it at the onset of headache and have complete relief in one hour. Unfortunately there was a time when i was taking this daily, which was a pain regarding insurance coverage. However in the last year I have learned a couple physicial techniques to minimize the frequency of headaches, but I still take Maxalt 1-2x per week. Every time it is 100% effective.;10;;95;2
3630;I combine it with my skin care system and apply it once in the evenings. I will move on to a higher concentration when I finish this tube;10;;28;2
4033;I took one dot once a day in the evening before I went to bed. I used no other creams on my face. I took it every other day.;3;;29;2
3033;"Started at 50mg on day1, 100mg at day2, 200mg at day3, and finalizing prescription as ordered at 300mg on day4; with 300mg every night at bedtime.";10;;26;2
815;The treatment does not require very much other than taking the prescribed drug as needed. However, if you take it a few nights in a row, it it difficult to stop. But you should stop because it makes you very groggy and gives you headaches during the day. It is good for a sleepness night when back from traveling so that you can get back on a regular sleep schedule. It should not be taken on a regular basis.;3;;79;2
3211;I took the pill once per day with or with out food. No other treatment was prescribed.;10;;17;2
2707;Application of one gel packet once daily to either thigh. I have found that during one week of the month when the vaginal dryness is at it's peak it helps to use two packets. This was approved by my physician.;10;;40;2
1013;Post surgical hysterectomy, started into immediate menopause with all above symptoms, felt drained, tired, hot flashes. Was put on 1mg estrace once a day. The doctor says I will be on for approx. 10 years.;9;;35;2
434;One pill is taken at the onset of the migraine. I have only needed an additional pill (taken 4-5 hours after in initial pill) once or twice in the fifteen years I have been taking the drug.;8;;37;2
3067;take one capsule every 3 to 4 hours as needed for pain. don't drive or operate any vehicle;9;;18;2
563;I take Atenolol once a day in the morning and that's all the treatment that I need to keep the mitral valve in my heart function correctly.;10;;27;2
2562;The doc first suggested that I take paxil every day for 3 wks before a speech and then get off it. I had to push her to prescribe me Inderal instead because I had researched all the drugs extensively and new what I was looking for. Never rely entirely on the judgement of doctors, always verify their advice and do your own research. It can save you time, money and alot of side effects. I take 3 small tablets and hour before a major speech or presentation (about once a year). I am thinking about using it for situational anxiety as another user suggested, I had never thought about it as I try to stay as far from drugs as possible and I only use them in extreme situations, but I have missed many networking opportunities because of my anxiety and I think that this drug would have helped. I have not experienced any side-effects. I don't think the drug has significantly risky long-term effects. I think the long-term negative effects of situational anxiety are far worse then the potential risks of inderal.;9;;183;2
3395;Put a very small amount on my hands, smooth over all of my fingers. Use twice a day during an active outbreak. Use a couple of times a week thereafter, as prevention. I also use lots of moisturizer and wear gloves for cleaning tasks, etc.;10;;45;2
2408;I take 100mcg every morning. It is suppose to be taken on an empty stomach but I simply take it before breakfast. My thyroid hormone levels have to be checked annually to make sure the dosage is effective.;8;;38;2
662;I initially started at 4mg (/half 8mg tablet) 1x in am. Gradually rose to 1 8mg tablet 1x in am, and then 2 8mg tablets 1x in am. I found that, as said above, if i took doses too close together (ex: Noon on Sunday, then 4am Monday), would feel odd, off, and very drained. So now i take 1 8mg tab in am, and 1 8mg tab in pm. Found to be very effective and feel very 'steady' and 'even' throughout the day, and night. No issues with taking am/pm's too close together, or far apart. Also go to group & individual counseling, and see psychotherapist (as well as intermittent AA/NA meetings) to stay active in Recovery and stay healthy and well, all around. Also do the aforementioned to stay on top of depression and anxiety as well as reg life issues.;10;;143;2
3957;40 mg. once a day and more recently (for the past 5 or 6 years) 40 mg. every two days.;10;;20;2
2304;one and a half tablts once a day of lexapro combined with100mg topamax and 300mg trlileptal for bipolar disorder and major depression and ptsd.;8;;24;2
89;I would take one pill before bed time each day. I have noticed as with other anti-depressants I would have to take them at bed-time or they would keep me awake. I didn't notice any problems with prestiq when taken in the morning.;10;;43;2
764;Once a day nasal spray, spray once in each nostril. It is very easy to use and works vey well.;10;;20;2
3598;I was prescribed fluconazole (pill taken orally) and clotrimazole (cream applied topically) for the treatment of candida. I was first told to take the pill, and then use the cream in 3 days if the pill did not work to reduce the yeast infection. I took the pill for 3 days alone, without the cream, and saw no improvement. I took the pill plus the cream for 4 more days, and it slowly started to clear up. I was told that one pill, taken once, and not repeatedly each day, should have cleared it up.;2;;95;2
3257;Took one tablet in the morning and one in the evening. As it had to be taken on an empty stomach I took the tablet about 1 hour before breakfast, and one hour before dinner. Instructions were to avoid dairy products 6 hours before and 2 hours after taking this medication, but I found this to be too restrictive, and so I did not adhere to this recommendation.;10;;68;2
2062;Prescription is to take one tablet by mouth once a day, preferably at the same time of day. Continue use until either want to no longer take or at advice of doctor. Continually discuss with physician.;9;;36;2
2606;"He was initially started on Concerta but he felt that the effects ""kicked in"" as he was leaving school and was having trouble sleeping (even though it was more than 12 hours later.) He started on Adderall XR 30 just once daily and he was slightly more attentive but adding the second dose was more helpful. Interestingly, he states he does not particularly enjoy being more attentive and does not take it when he does not have school.";9;;78;2
2411;I am taking .125 of Synthroid once a day, every day. I take it in the morning, before I eat any food.;10;;22;2
2949;2 tablets each day - for 2 weeks continue smoking and then stop after 2 weeks. I don't know how this works but I really did not like smoking when taking this. The treatment still requires a fairly high degree of willpower to manage the cravings. I keep a checklist of things to do - brush my teeth, drink water, go for a walk. I have now been smoke free for 6 months and at times it's still hard - I do still get cravings but they don't last very long and I can control them. Another good tip I got was to put some butts in a jar with some water. A quick sniff of this and the thought of smoking goes away.;8;;124;2
2221;Take the Prednisone on a sliding scale for two weeks, starting with five tablets a day and ending with one a day. Taking the generic Allegra twice a day initially, say for the first day or two, and then just once a day.;10;;43;2
2639;The drug is a liquid administered in an eye drop form. It is self delivered into the eye. 2 drops are given in the affected eye up to 3 to 4 times daily for a total of 7 to 10 days.;10;;41;2
2111;Used a daily portion about the size of a pea (or smaller) and rubbed thinly over my face and under my eyes.;10;;22;2
2743;Once a week on same day, take one tablet first thing in a.m. before eating with full glass water and do not lie down or eat anything for 30 mins.;1;;30;2
2259;My doctor started me on a very low dose to treat some situational depression and panic attacks. The 10mg did not work well enough and eventually I was given 15 and then 20. The 20mg seemed to do the trick without any additional side effects.;8;;45;2
1700;As stated I used tretinoins for preventive measures in late twenties and continue to use them today at 46. I use .1% Retin A Micro nightly with no side effects;10;;30;2
3070;was on combo oxycontin/oxycodone therapy for aprox 6 months before switching to just oxycodone. the oxycontin left me feeling groggy and unable to concentrate. it also left me with pain peaks and valleys. by switching to oxycodone only, i was able to keep my blood levels at a more constant rate and my pain was controlled consistently. with oxycontin my doseage kept increasing. with oxycodone my doseage was stable and eventually was able to decrease my doseage from 60mg every 6 hours to 30mg;9;;84;2
843;before ritalin, artificial stimulants were required to be effective, withour stimulants I was unable to motivate myself to do the things that needed to be done & was very ineffective. Cocaine got me through grad school & my thesis, but ritalin allows me to function with out illegal stimulants -- problem is finding a doctor who will write rx for the dosage that is most effective (i.e. 20 mg 5x / day). I am interested in a study that monitors efficacy / tolerance in patients who need / take high dosage on a long term basis.;10;;96;2
2258;I started on 10 mg/day for a few weeks and then went to 20/mg a day. This seemed to be a more effective dose for me.;8;;26;2
3212;I take one 40 mg Benicar in the evening because that is when my blood pressure comes up. If I wake up in the middle of the night and my blood pressure is up again from my sleep apnea, then I take another half. I have to drink a lot more water too, as this helps the Benicar to break down quicker.;8;;62;2
1333;Take one per day. I have stopped taking them. Don't forget I already take Dulcolax for my constipation, had I known these recommended tablets had a side effect of constipation I would have refused them. It is back to the Gaviscon for me, it is gentle, pleasant to take and liquid. Shell-like Capsules and me do not get along.;1;;59;2
3045;started at around 300mg and went up to 900mg but that was too much. Then moved to 600mg and doing fine.. I think a person needs to find the minum dose that works to avoid side effects. I am told that many people need high doses in the 600 to 800mg range to get results..;8;;55;2
2784;I take my asthma medications daily and will continue to do so for the rest of my life. The same is true for my seizure medication.;10;;26;2
231;take one tablet once a day every day for the rest of my life. take one tablet once a day for the rest of my life. take one tablet a day before breakfast wait 30 minutes before eating. take with one glass of water seems to work beter if I take it in the morning before I have anything to eat and wait 30 minutes before having breakfast.;10;;68;2
3037;I know there are issues with weight gain. Because of the sedative effects, this makes natural sense. I would advise people to try to incorporate as much exercise in their daily lives as possible to combat the weight gain. Also, if you typically take the drug at night, as I do, try not to eat at least 3 hours before bedtime. This is hard, but I have learned it is a small sacrifice so I feel more mentally stable.;8;;79;2
1387;applied twice daily but then had to cut down on the frequency as it resulted in very dry, peeling skin, and irritabble to touch. The pimples definitely went away faster, by matter of about 3-5 days, but it also left a diffuse discolored area behind.;8;;45;2
1602;Prescribed by a Psychiatrist.He advised me to take continuously for the first two weeks to break down cycle of anxiety and then gradually decrease dose and use on as needed basis.This works well I am very annoyed about the bad press surrounding use of Xanax as myself and others who have been prescribed the Medication can use it in a mature manner.Generally people of good judgement and living clean lifestyles are at little risk for addiction.Xanax was produced to help with specific problems possibly due to chemical inbalances in brain or traumas.;10;;92;2
172;I take 1 2.5mg orodispersible tablet. After 30 minutes to 1 hour the headache starts to subside. Sometimes I need to sleep after taking the tablet for the headache to completely subside.;8;;32;2
952;Diovan is not taken alone but is in addition to your regular blood pressure medication. It is taken 1x a day, in the morning, along with your regular med. The change in blood pressure was immediate, and within days I had to reduce my Verapamil. But the side effects were so troubling that I quit taking it.;8;;57;2
2032;Instructed by Ear-Nose - Throat Specialist to take pills with water 30 to 60 minutes - before Breakfast and then same time frame before Dinner. 40mg;9;;26;2
3561;applied the gel in the morning and at night on nose, cheeks, forehead, and chin.;10;;15;2
554;Took it once a day but had to start taking it every other day due to my frequent headaches and nausea.;8;;21;2
2095;with vicodin i take it at the sign of a headache so that i do not have to take it every 4 to six house.. i never take it at night because it causes insomnia;9;;35;2
697;I took one pill per day for 6 months, at the end of which I noticed a marked decrease in my acne. I could not get pregnant during the treatment because of the high risk of birth defects. I remained on birth control throughout the treatment.;8;;46;2
3619;I was to apply the Retin-A cream twice a day but the side effects outweighed any effects of treatment.;2;;19;2
2994;HAD SURGERY TO REMOVE ABCESS AND PART OF COLON AND NOW TAKE TABLETS DAILY AND AM REVIEWED ANNUALLY BY COLONOSCOPY;10;;20;2
3115;take one pill daily to prevent pregnancy - must be taken at roughly the same time every day to be effective.;9;;21;2
2338;I take the drug once a day at night with a small glass of water.;9;;15;2
3075;Once daily patch. Adheres well, stays on, minor redness after patch removal on very sensitive skin, but goes away quickly. Patch must be applied to a different defined (by the manufacturer) area everyday.;9;;33;2
526;I took one milligram at night to treat the symtoms of restless leg syndrome. I had a sleep study which showed that my legs about every two minutes while I was sleeping and that brought me out of a deep sleep. My doctor put me on requip to keep my legs still so I could fall asleep and get better rest. It worked well. I had tried all sort of behavioral remedies to help with my legs and nothing had helped until this medication. I slept better than I ever had since I could really relax instead of waiting for the nightly discomfort in my legs.;8;;106;2
265;I take 2 50mg tablets every 4-6 hours (no more than 8 a day). It has worked wonders for me. No more headaches and my body is only slightly sore now. It has elevated my mood simply because it has reduced the pain.;10;;43;2
3587;I apply to the acne areas and thin film at face.Once a day before retiring and after washing.By a quantity of gel on the fingertips sufficient to cover my face And then I apply my moisturizer.non astringent.On the morning I don't use adapalene. I apply my moisturizer and sun block SPF 19 ( Olay white rediance lotion ) then cover by powder.;8;;62;2
336;I was put on this by Rheumatology, 12 years ago. Dose was 800 mg/d until spring of 2007, I asked for it to be increased. After the near heat stroke from riding the riding lawn mower less than an hour, I decreased the dose back to 800 mg/d until cooler weather, then went back to the 1200/d.;10;;57;2
495;Take first thing in the morning with breakfast. I eat three meals with two snacks a day and drink loads of water and iced tea. You have to drink enough for this drug to work. You need WAY more water, as much as possible. then you really will feel full most of the time.;8;;54;2
212;at 1st sign of pink and itchiness use sparingly and apply emollients over. Once inflammation has seized stop Elidel but continue emollients to help rebuild skin barrier function.;8;;28;2
3642;I spread a dab or two of the cream on my face at night before sleeping. It took several weeks to acclimate to the cream. It did improve the appearance of my skin. I noticed that it also made what the dermatologist called pre-cancerous spots disappear (these were a couple of small spots that the doctor wanted to treat with topical vitamin A).;8;;63;2
1792;Dr initially told me he thought my insomnia was depression. I was desparate. The sleep deprivation was making it hard to function at work and home. I agreed to take 20 mg of citalopram. My insomnia didn't completely subside, so I still was taking clonazepam .5 mg about every other night. After a month, the dr upped the prescription to 40 mg. I slowly made the transition from 20 to 30 then 40 mg.;9;;74;2
32;Alprazolam used at night to reduce anxiety and ringing in ears, also reduced use of ibuprofen and tylenol as this may contribute to ringing in the ears.;8;;27;2
1130;One 60 mg. pill per day. I increased my calcium supplement to about 900 mg. per day.;3;;17;2
1957;I was supposed to take it for 7 days once a night, then two pills for the next 7 nights but I never got that far.;3;;26;2
1996;I was instructed to take every eight hours however I found that I only needed a half pill and subsequently only took three pills, actually I took two and a half and stoll felt no pain.;10;;36;2
3504;I take one 10mg wafer when i feel it coming as when it is past the point it doesnt work. Never needed to take 2;10;;25;2
2487;Hour before bed: 30 mg mirtazapine( avanza) and one 500 mg epilim-ec. Epilim is used in treatment as a mood stabiliser( was told by a doctor). Originally I took only 30 mg of mirtazapine before bed time but after a month of treatment I stopped sleeping again and doctor prescribed to take extra tablet epilim which worked very well and gave me very good deep sleep;9;;66;2
2134;"I was told that in prescribing for an adult, special considerations are made. The adult may need less of the medication for his weight. A medication may have a longer ""half-life"" in an adult. We started with 19mg and worked up to 36mg. That seemed to be the correct dosage.";8;;50;2
2948;"I expressed to my doctor a desire to try this drug to quit smoking. She prescribed it to me and I began taking it shortly thereafter. Before my 2 week quit date had even arrived, I noticed a marked decrease in nicotine withdrawl episodes. I just didn't need to smoke. I found I was started to smoke only when I thought I ""should"" - after dinner, right before bed and other habitual times. Once I stopped smoking all together, it was a relief to only have to battle my habits and not the withdrawl effects of nicotine as well.";10;;99;2
2109;apply cream at night-that is what i was told-i had used it years ago when i was much younger and it was fine then-just not suitable for older more fragile skin i suppose;2;;33;2
542;I take 100 mg. each night when I go to bed. I take this drug seven days a week.;8;;19;2
1642;1 pill to be taken with onset of attack. If the attack has already started and the treatment cannot be reached within the first 5 hours of the attack, a further dose of the drug may be required;10;;38;2
1624;I began taking estrogen replacement after my hysterectomy. Due to having to have both ovaries and womb removed. I take estrogen once a day everyday and have been taking it since 93. I believe I have benifited greatly from this hormone replacemend;8;;42;2
2007;take a pill 4 times a day until pain stops excersize lightly until muscles can rebuild and provide easier movement and flexibility;10;;22;2
3301;Began with 25mg for 2 weeks and increased to 50mg maintenance that I am currently taking.;9;;16;2
2890;Relieved my symptoms of Interstitial Cystitis significantly after 1 year or so on the drug. Even within 3 months it greatly reduced the pain associated with the disease and decreased the number of times I had to use the bathroom from 40 per day to <20 per day. With continued use, I believe it helped reduce inflammation/mast cell production in my bladder, and along with dietary changes and treatment for infections to my bladder wall lining caused by Lyme disease related organisms, Elmiron allowed my bladder to heal to some degree, reducing my symptoms further and my incidence of urinating to <10 times per day on average.;9;;107;2
915;Upon diagnosis of severe clinical depression, was put on 10 mg of Paxil for a week which did not produce any improvement (was still debilitated and unable to think, feel, or function normally). Dose was subsequently increased to 30 mg which produced the effect described above (treatment benefits). Medication was reduced after 2 years to a maintenance dose of 20 mg, and a year later to 10 mg. A traumatic life event resulted in a subsequent episode of severe clinical depression. The dosage was again increased to 30 mg and again resulted in the treatment benefits described above.;10;;98;2
363;I first started on 100mg a day and the next day i could feel aldifference in my body. I had less fatigue and my spasms were not as extreme as they had been. My specialist increased my dose to 600mg 3x a day. I have been on the dose for 5 yrs and have had little to no neck and shoulder spasms. I wish i had know about this treatment yrs ago. I would have lived in a pain free environment and would have been much happier.;10;;87;2
3149;Took Tylenol four times a day with food ( a lite snack) and used ice on the sore area as noted above.;9;;22;2
1352;one tablet daily, no other sepcifications. I take all meds on retiring. I also take fish oil capsules.;8;;18;2
2749;Only medication was prescribed. temisartan 80 mg a day. I have benn taking it for more than 5 months.;3;;19;2
79;Niacin taken in such a large dose opens the capillaries. This increases the blood flow close to the skin and releases histamines. The resulting hot flush and itching lasts for about 15 minutes. It is an interesting experience, but three times a day is a bit much, especially during my at work dose. The red face was alarming my customers and the itching was a bit too distracting.;3;;68;2
2266;"I have suffered from dysthymia (low mood) with major depressive episodes for most of my adult life. The newer antidepressants, particularly Prozac and Effexor, were lifesavers for me and I expect to be on a daily antidepressant for life. Antidepressants such as Prozac and Lexapro, however, greatly depressed my sexual desire and ability to reach climax (adversely affecting my relationship with my husband). These medications also ""pooped out"" (stopped working) after a while, and even when they were working, they would not entirely relieve my low mood. Ever since my psychiatrist prescribed Lexapro several years ago, my mood issues have entirely disappeared with absolutely no adverse sexual side effects.";10;;109;2
2389;I get my TSH Level checked every 6 months or sooner if I start feeling sluggish, lossing more hair. I sometimes need to increase or decrease the medication a bit. I take synthyroid daily 1 hour before eating and 4 hours prior to any calcium or iron.;8;;47;2
3424;The product was to be used at bedtime. To leave on all night and wash in the morning. The treatment was to continue until acne resolved then use as needed.;10;;30;2
2533;Take 1 pill a day for a week every three months. Finished with April and July. April July - Fungus has grown out halfway October January - At the rate it is moving, should be completely gone by January After seeing the doctor in July, he said if it wasn't moving, he was going to increase dosage, but thankfully, it is moving.;10;;62;2
1620;"The doctor put me on the maximum dosage because I was ""young"" for menopause. Did not test estrogen levels either before beginning treatment or after starting the HRT. I simply took one Premarin pill per day, every day.";1;;38;2
857;"I started having panic attacks in different places until my world became very restricted. A doctor prescribed Valium and it helped. I have still got worse over the years but valium still helps me cope with things like that I wouldn't normally be able to do at all, like shopping, going to the dentist, or out in public. I feel valium has had a very bad write up...mainly I feel through abuse. I've taken it most of my life and never took more than I was told to. In fact I was so afraid it would ""stop"" working that I only took it when absolutely necessary. This means that although I have taken it most of my life in larger or smaller doses, it still works for me and gets me though the hard times. I don't think I have ever tried a drug that has helped me cope as well as this one has. I hope it never gets taken off the market. I currently take half a 5 mg tab when I have to do something I consider difficult, only taking the other half after assessing if one half is enough. I hardly ever take more than one in a day and hardly ever more than two tabs in a week....sometimes a month. Depending on my commitments.";10;;219;2
1425;Well their wasn't much treatment details. You take the pill first thing in the morning and drink a glass of water with it. It is an appetite suppressant. It also gave me more energy as well, giving me more incentive to exercise, work around my house, etc....;9;;47;2
3525;Took 2mg for the first time ever (first ever sleep med) on an empty stomach and went to bed at 9:30 Got up at 11:30 and am typing this. I feel alitte sleepy (yawns) but it obviously did zip aliviate onset insomnia.;1;;42;2
2568;Patient was instructed to take .5 mg one hour before bedtime. This was followed during the week nights and was immediately effectively.;9;;22;2
395;At the onset of the headache, I would take a pill. Some of my headaches would start at night, around 3:00AM and I would lay in bed hoping the pain would go away. WRONG decision. I quickly learned to take the pill as soon as I felt ANY sign of a headache, no matter what time of day or night. If you don't take the pill at the onset of a headache, the pill will not be effective in stopping the pain and you will have to ride the headache out. That could take a day to several days before the pain subsides. It is extremely important to take this pill at the onset of a headache.;8;;117;2
2324;Started out with a very low dose, 5mg/day for the first month, then moved up to 10 mg/day which is my present dose. The full dose is actually 20mg/day, but I feel I am getting the results I need with 10mg, so there is no need to increase the dosage and risk any adverse side effects.;10;;56;2
2847;I asked the doctor about it, he said it had very low sides and worth trying and 30 minutes after taking it I felt like I took 30mg of sudaphed but without the hyperactivity. Ive noticed when taking together with sudaphed it reduces congestion even more. Also seems to reduce allergies but not to the same extent as antihistamines.;8;;59;2
3900;I always take probiotics while I am taking antibiotics. I also take the amoxicillin with food and water every time.;10;;20;2
3608;Retin-A .01% applied at night in a thin layer after cleansing to my face, ears, neck, and hands (applied every 3-4 days). Hydrocortisone 1% cream is used as needed to treat redness in case of over application.;9;;37;2
1893;Taken before during and after travel to India. I starting taking it several days before leaving and took it daily while there and for 1 month after returning.;10;;28;2
775;2 pills taken daily. Thank God I did not or I would be in the hospital.;1;;16;2
2554;I would apply the Ziana once a day at night after washing my face with a mild cleanser.;3;;18;2
1041;I returned to school mid-career when I saw the economy tanking. I was unable to grasp the rudiments (law, rigorous)despite many hours of studying and reading. During that time my father died, I was depressed and close to failing out. I went through therapy and asked about ADD meds. I took a test showing attention and memory lapses. Doc prescribed 60 mg. I could tell an immediate difference. My grades improved dramatically, which was specifically the result I wanted. I now take 70 mg and intend to until graduating and taking the big test in Oct. '11. After that, I hope to stop taking it. I am not certain that it is effective over 6 months. It seems that one might build up a tolerance to the effectiveness. This most recent semester, my memory seemed to be where it was before I started taking it, but I have not found out yet.;8;;152;2
3283;I was supposed to take a pill every morning with water. I felt better once I stopped taking the pills and actually just started working on myself and my goals and then also wehn I started doing volunteer work to help children.;1;;42;2
2545;25mg once a day, then 12.5, and now 6.5 until im off. I'm hoping that I can start a natural approach to lowering my BP, because this medicine has made cmy health worse;1;;33;2
397;take one tablet on the onset of headache..usually if i take it within the first 30 min. i can control the nausea that accompanies the migraine...if i wait too long the med. doesn't work very well. also the ins. company limits me to 8 pills a month so if have to be very dilligent about taking the med. right away or i will have to take a second one a few hours later....they are too precious to use that much;8;;80;2
1641;One 1mg pill once a day for five years following treatment of breast cancer in post menapausal women.;9;;18;2
1545;She took the dosage once a week for about a year, and eventually was weaned off of all her arthritis related drugs.;8;;22;2
3914;The treatment details were that i did not need to change my diet, but to just take one pill every day and that would take care of my issue with my body producing to much acid.;1;;36;2
3282;I was taking this medication to help my PMS. I was supposed to use it long term, but I decided to stop because it effective my sex life. I found by changing bad eating habits and getting into a daily exercise routine, help alot.;9;;44;2
1538;Took it for two weeks every day, and then twice a week for maintenance - this is just enough. Too bad that it does not come in the cream form as well - would be more convenient then the suppository.;9;;40;2
2508;I was prescribed estrogen at the time of my total hysterectomy (due to increasing bleeding and starting periods every 2 weeks). I was becoming anemic from the bleeding and other procedures to stop this were not very successful. I was about 45 at the time and was given the option to begin HRT. Over the years I have been given decreasing levels and am currently at .5mg. Even with the negative info regarding prolonged HRT, I opted to continue. If you actually read the negative information, it was not related to estrogen, but rather to estrogen and progesterone in combination. Since then more articles have further clarified some of the mis-information. It may be a risk to continue long term HRT, but none of my doctors has really presented any solid reasoning to discontinue HRT.;10;;135;2
3837;Lumigan is taken at bedtime - one drop in each eye. Then fingertip pressure is applied at the tearduct for three minutes to allow the drops to take effect.;9;;29;2
3706;diagnosed with acid reflux by a gastroscopy. Prescribed the ranitidine originally. When mentioning the occassional acidic taste in the morning, the doctor changed me to Prevacid which took away both the heartburn and the taste. But when I looked at the package insert through the Prevacid website this showed more carcinogenic results than the ranitidine which is next to none. So I am taking only ranitidine from now on.;8;;69;2
3555;i did not observe cholesterol lowering although Your doctor may decide that, along with diet and exercise, VYTORIN is right for you. If so, remember to take 1 pill a day in the evening, as your doctor prescribes. Take VYTORIN with or without food the choice is yours. VYTORIN is a tablet containing two medicines: Zetia (ezetimibe) and Zocor (simvastatin). VYTORIN was clinically proven to lower bad cholesterol more than Lipitor or Zocor alone.Unexplained muscle pain or weakness could be a sign of a rare but serious side effect and should be reported to your doctor right away. VYTORIN may interact with other medicines or certain foods, increasing your risk of getting this serious side effect. So, tell your doctor about any other medications you are taking. Your doctor may do simple blood tests before and during treatment with VYTORIN to check for liver problems.;1;;145;2
1240;Doctor prescribed 2 weeks of antibiotic to clear off my break out with some antibiotic cream and of course sun block, followed by roaccutane 20 mg for the first two months 1 capsule a day and after seeing a good result he advised me to maintain a low dose of one every other day for another eight months. That was the maximum dose I can take after which calculated against my weight.;9;;72;2
2592;even though it was a very strong pain killer there was still considerable pain felt before the next prescribed dose was to be taken. i don't know if the anti nausea ingredient was effective because i felt like vomiting every time i smelled food and did vomit whenever i tried to eat, for about 3 days. however, i didn't feel nauseous when there was no food present. i was too disoriented to perform daily functions without help, or think clearly while using the prescription. after i stopped taking the pills it took a day or two before this effect wore off.;8;;101;2
3685;2x75mg in the morning with food, started in mid dose as anxiety severe. No real relief for first three weeks then much better. Stopped after 3 months as didn't want to become dependent;8;;33;2
3367;I couldn't walk because of muscle problems. Then it attacked my kidney and bladder. Drs thought I had cancer. Reduced dosage from 20 mg to 10mg. Had to get off it and through away about $200.00 worth of pills.;1;;39;2
3414;Take one pill in the morning. Also vitamin supplements (Multi-vitamin, brain-booster vitamin, and homo-cysteine level reducer);9;;16;2
2441;to take 2 daily, the results are meant to be felt about 1 month after starting treatment;1;;17;2
2928;This drug was prescribed for pain caused by therapy for frozen shoulder. The pain was making it impossible to sleep at night, so the doctor prescribed tramadol. While the drug did moderate the pain, it also caused agitation, anxiety, insomnia. I stopped taking it after a few days. I also stopped the therapy. The pain went away and my shoulder improved on its own.;1;;64;2
3719;I was seeing a therapist and psychiatrist for over a year and had tried 4-5 medications for depression, some worked temporarily, some not at all. Both therapists thought my symptoms indicated Bipolar II and I should try a different approach. I stared on a very low dose, as indicated, so the benefits took a while to notice. When I reached 150 mg, thought it was too much so dropped back down to 100mg and have been on this dose for about 18 months. i have a med check 3-4 times a year.;9;;92;2
4083;The treatment was Mobic 15mg daily started 3 years ago after the shoulder injury. At that time I also attended Physical Therapy and was discharged from PT after 3-4 months of therapy.;10;;32;2
4129;I did the starter packet for the first seven days as prescriped. Now I am on the 1mg twice a day.;10;;21;2
1884;Doxycycline was administered in the form of a capsule. Taken orally with a full glass of water for each dose of capsule. It was taken once a day.;8;;28;2
794;I was taking 100mg ambien each night for approximatley 2 weeks. this was because I could not fall asleep. the Ambien was very effective;8;;24;2
3945;I took the medicine once a day in the morning for 14 days. Whenever heart burn reoccurs I repeat the treatment.;10;;21;2
417;After over the counter medications failed to relieve headache pain I could tell if the headache was triggering a migraine and at that time take the imitrex pill and the migraine would be totally gone within 30 minutes. If the migraine was to strong with nausea symptoms and the pill didn't work, I would then take a imitrex 6mg shot for almost instant relief including nausea. Very rarely will the imitrex not work and then I have to go to emergency room.;10;;82;2
493;I took one Meridia first thing in the morning and then stuck to a sensible diet for the day. If I took the Meridia too late in the day, it did keep me from sleeping well that night.;8;;38;2
1176;Doctor suggested to take Prozac at night time and Ritalin twice a day. So far it has worked for me a patient suffering depression for more than 15 years and it has helped me the Ritalin. Cannot say about Prozac but I notice that I do not get anxiety attack with it.;3;;52;2
1350;I was started on 10mg and retested after 10 weeks. My LDL (bad cholesterol) dropped significantly, HDL rose slightly and triglyserides dropped slightly (they were already in the normal range before). My liver enzymes were high before taking Crestor but had returned to normal when retested after 10 weeks (I don't know if Crestor had anything to do with this or not). Blood sugar levels were normal before and after taking Crestor, but slightly lower after. I am due to be tested again before the end of this year and also have a Cardio Stress Test. After a new doctor reviewed my medical history, he suggested I have a stress test even though I still haven't experienced any symptoms of heart disease. All ECG results at rest have been normal.;10;;130;2
3507;After my cardiac procedure, I ended up with high blood pressure because my body was not sure how to deal with the change in my system. Where the blood was flowing from one atrium to the other was now closed and I was feeling so dizzy I had to look down at the ground to walk. I couldn't drive. I went to my doctor several times to try and find out what the trouble was. I monitered my blood pressure several times a day and was put on Atacand which seemed to work well. However, I found it made me so tired, that I took half a pill in the morning and half at night. Now my body has adjusted a lot, I am only on half the dose I started with. I also take a baby aspirin daily. I rely on Atacand to keep my blood pressure stable. Once in a while, if I start to feel dizzy or get an aura I take 1/2 a pill of Atacand and sit down for a bit and my symptons soon go away.;9;;182;2
2413;daily Oral dose of Synthroid. Medication be taken 1 hour before or two hours after eating. That can be difficult to do.;8;;22;2
95;Pristiq was prescribed at a 20 mg dose and then increased to 40 mg dose. I continue to take it as it has been the most effective medication for alleviating symptoms of depression that I have tried, including Prozac, Effexor, Wellbutrin and Lexapro.;8;;43;2
1587;It was prescribed to be taken on an as needed basis. I would take the tablet at the onset of the attack. The attacks usually occured at night, shortly after I feel asleep.;10;;33;2
3946;I take 20mg everyday before I eat dinner. To me the side effects have been worth it I don't believe I would be here today if I wasn't taking this medication. My dad died of stomach cancer. My brother and sister exhibit the gerd symptoms and are also on the drug now.;9;;52;2
120;You take 4 pills as soon as you can tell the cold sore is beginning and then 4 pills 12 hours later.;8;;22;2
2393;I take one tablet everyday in the morning in a empty stomach around the same time and I wait an hour before I eat. Sometimes I can only wait 30 minutes and it does not seems to alter the effect of the medication.;10;;43;2
3151;After a first round of antibiotics and use of arbuterol with a nebulizer with minimal effectiveness, my doctor put me on an oral steroid to open up my airways. Once I started the seroid, I felt 100% better.;8;;38;2
389;You take one pill every day for 90 days, wait 7 days, and then begin the cycle again.;8;;18;2
1403;Low calorie diet, exercise three times a week, one capsule 2 hours after breakfast. I only take this medication 4 times a week, because by the fourth day the effects wear off, but are rejuvinated by the time I take it again the following week.;10;;45;2
616;Nightly, I would put a small amount of Skinoren, Benzoil Peroxide and an AHA cream (with a 10% AHA)in the palm of my hand and combine, and apply to face nightly. The rest of my regimen included a very gentle face cleanser, and a mild and light moisturizer during the day along with an application of the 10% AHA lotion.;9;;60;2
3127;"I took 100 mg Levoxyl, which provides a thyroid hormone called T4. It's success depends on the body's ability to convert T4 to T3; adding Cytomel proves T3 (the active hormone) directly. I now take 10 mcg Cytomel along with 100 mg Levoxyl and symptoms of low thyroid have resolved.";10;;50;2
3207;I take the medication first thing in the morning about 30 minutes to an hour before I eat breakfast.;9;;19;2
105;Started taking right after surgery. I had to subsequent surgeries during the following 5 months. Was taking in conjunction with narcotics right after surgery and for a week or so, then only the Celebrex. After about one year, it was reduced down to once a day. I noticed if I didn't take the medication my shoulder would consistantly ache at about a 3-4 out of 10 pain scale. With the medication, I would rate the pain as 0-1, not really noticeable, but still there.;9;;84;2
1766;My GP prescribed stemetil for the nausea associated with a migraine. 5 mg x 3 a day. After experiencing the symptoms as described above, I returned to the Doctor. He injected me with something? which counteracted the uncontrollable cramping I was experiencing.;2;;42;2
1699;Nightly use pea size amount. Wait 20 minutes after exposure to water (cleansing) so that skin is completely dry.;10;;19;2
926;put one drop of product on an eyeliner brush, then brushed across each eyelid at the base of the eyelashes. applied daily;10;;22;2
2286;"I was prescribed 10mg initially and this was not enough so my dose was increased to 15mg. I would occasionally take an additional 5 mg, totalling 20mg, but this was rare. I eventually weaned myself off of the medicine. My doctor said that it would be acceptable for me to do this myself as I felt ready; largely because my father had died and my mother had remarried and we both felt it was going to be a temporary need only. I took Lexapro for approximately 6-8 months.";8;;88;2
619;I applied Finacea to my facial skin twice a day after cleansing. My main aim was to decrease the redness caused by Rosacea. This was successfully achieved, my skin seemed paler and less reactive to my Rosacea triggers (which include sunlight exposure and spicy foods).;8;;45;2
90;Dr. advised me to start with half the recommended dosage (25 mg of 50 mg, or half a pill 1x/day) and work up to 50 mg/day. After taking one dosage (25 mg) and experiencing the side effects, I notified the Dr. and stopped taking the medication. One dose of 25 mg. taken at noon lasted until noon the following day (24 hours).;2;;62;2
3820;After seeing my doctor I was prescribed Penicillin V and took it for ten days twice a day.;9;;18;2
861;It's long lasting nature often means that if I am experiencing anxiety only one dose is enough to last through the night into the next day... and often it seems as though the body remembers and stores this relaxation so another dose is not necessary. I only take when needed which can mean I go months without a dose... this is important as for me personally if I see valium and other benzodiazepine drugs as a long term / life treatment its vital not to become addicted and dependant as this not only means needing a drug to function (shackled by a drug rather than using its benefits when really needed.) But if your body has constant daily dosing for months or years your brain stopped producing natural relaxation chemicals meaning that you need more and more of the drug to get the same benefit and also because of this after years of high dosage extreme withdrawal symptoms can occur while the brain starts to produce these chemicals again.;10;;169;2
3881;the abilify decreased the need for daily klonopin. When I went off of it, I tapered down to 5mg for 4 weeks, then quit altogether. I had racing thoughts when I stopped, but these gradually diminished over several weeks. I also experienced about two months of hypomania, but this was goal-directed and positive for my functioning.;8;;56;2
3269;Patient taking 50 mg/day for generalized anxiety disorder and panic attacks. Initial start up dose 25 mg/day for 7 days. Anxiety extremely heightened and patient almost disscontinued med because of it. Hung in there and pill started to decrease and finally eliminate anxiety.;10;;43;2
28;The Doctor prescribed alprazolam for anxiety, taken daily every 8 hours or as needed to treat immediate symptoms.;10;;18;2
3160;i sarted off with taking 3 - 5mg pills a day, over some moths I was down to 1 - 5mg pill a day. I went off the medication a few days and was ok until the third day. I went bace to taking 3 pills a day for a week, am now down to 2 a day and will go down to one a day next week. I then will bee taking 1 pill every two days. The trick is to take as little as possible while not taking too little and having to start over again;9;;98;2
2623;This drug is administered into a muscle by injection four times a year, by a physician. The shot is given every ten to thirteen weeks. Besides being used as birth control, it is also used to treat other conditions.;10;;39;2
3165;My doctor had me start out by taking 6 tablets a day, three at breakfast and three at dinner. After 2 and a half months he had me start taking 4 tablets a day and 1/2 a pill less every week, until i was down to 1/2 a pill a day for a week. After that I stopped taking the pills.;8;;61;2
2836;I purchased it in generic form most recently in India. I take one tab nightly. When my asthma is worse, I take it and it helps marginally. It is supposed to be leukotrine inhibitor.;3;;34;2
3830;brush on the opthalmic solution (I used a small lip liner brush) directly on the lash line of the upper eyelid, once daily in the evening before bed (on fresh clean skin after makeup removal). Every second evening I also brushed the solution on the underside of the lashline on my upper eyelid by pulling my eyelid up (being careful not to get it in my eyes).;8;;67;2
409;I was prescribed 100mg dosage pills, which are about the same price ($15/pill) as 50 mg. Taking a whole pill gave me relief but also a light headed sensation and odd heartbeat. I bit the pills in two to take approx. 50mg. Gradually my system became inured to it's effects and I had to take the whole pill, also occasionally it just doesn't work anymore. I have long lasting recurring headaches and have always been worried about overuse and rebound headaches, but so far, so good.;8;;86;2
1634;Very simple, take premarin and provera daily. have tried at various times lower doses maybe come of HRT due to cost factors and mdo I really need it but always go back as symptoms return.;10;;35;2
2702;Metrolotion applied daily, and cortisone cream applied as needed, keep my perioral dermatitis (which is exacerbated by sun, wind, chlorine, and many facial products like sunscreen) undercontrol.;9;;27;2
3076;"No response to 6 mg, slight response to 9 mg, full response to 12 mg. I have adhered to none of the MAOI dietary restrictions (eat a lot of soy as a vegetarian, drink 2-3 tap beers upon occasion) with no adverse effect. Problem- looking to augment now. After being on 12 mg for most of a year, ""atypical"" symptoms (overeating, oversleeping) returning and 12 mg is max dosage. Even so, I still feel better than I ever had previous to taking EMSAM.";9;;83;2
46;2 tabs to be taken 3times daily for the duration of the treatment alongside aspirin.;1;;15;2
3224;The NuvaRing was inserted once a month and kept in place for three weeks. After the third week, the ring was removed so that a menstrual cycle could ensue. After 7 day, a new ring was inserted. There was no pain associated with the insertion or removal of the ring, nor was there any discomfort during sexual intercourse. Overall I am very pleased with the NuvaRing and will continue to use it until I decide to become pregnant.;10;;78;2
424;As stated above, a 25 mg pill is taken at the onset of the migraine, followed by a second dose if pain is not reduced.;9;;25;2
447;Dissolve one tablet under the tongue at bedtime as needed to a maximum of 3 tablets per week.;3;;18;2
3105;I was to take this birthcontrol pill daily to aid in the hormonal fluctuations that possibly were contributing to my acne.;3;;21;2
1935;I took a dosage of 1000 mg on e day oje and took a dose of 5oomg on days 2,3,4 and 5;9;;22;2
1228;Take 2 pills every 4 to 6 hrs. for pain. Not to exceed 8 pills;1;;15;2
451;1 tablet every 6 hours/day for 3 days. Extra tablet at bedtime if required. 1 tablet every 8 hours/day for 3 days. 1 ~ 2 tablets/day for 4 days.;10;;29;2
2260;I took approximately 5mg a day. I visited my doctor on monthly basis, and was in contact with her via phone during first several weeks (my doc was old school... she really cares about her patients). I was placed on this treatment as I was a single mother of two very young children, employed full time, and attending college full time. The stress wasoccasionally overwhelming and my usual source of alleviating stress (exercise) was no longer helping.;1;;77;2
954;Sprayed rash with HC Derma-Pax and applied Hydrocortisone Cream afterward. Continued med and random daily BP reading to advise cardiologist if BP altered by increased dosage. If hives recur, will call Dr. and request lower dosage.;3;;36;2
2457;aspirin twice a day, diazepalm 5 mg at bed time.this is good routine easy t remember.;8;;16;2
4150;When starting the treatment for the first time, I apply a light amount both morning and evenings. After a few weeks, I apply only once in the evening.;9;;28;2
3677;My uptake levels were not severely out of balance. I started with 150 mg and felt the positive effects in 20 minutes. I was told it would take a week. I reduced the dosage to 75 mg then 37.5 mg after six months because I felt those doses to be too strong. I know others that found this drug helpful. Others it had no effect on at all, even at doses of 300 mg.;8;;74;2
1313;When I get up in the morning I take 1 prevacid capsule and I dot not have any acid reflux for the entire day;8;;24;2
1952;Treatment details? I guess you are asking for how often, etc.? I am on ongoing therapy. I take one in the morning and one in the evening. I try to keep my dosage schedule very precise because I pretty quickly show signs of withdrawal if I miss any. It has allowed me to start physical therapy, which was previously unavailable because of the pain. I feel much better but this is an ongoing disease that is not curable only controllable so I don't know what the future holds and if the treatment will change...;9;;94;2
849;I would set the alarm for 6am, take ritalin, go back to sleep until 7am. This gave the ritalin time to kick in so I could feel awake when I arose. Just after lunch I would take a 2nd dose of ritalin 20mg SR to keep me awake and able to concentrate through the afternoon.;8;;55;2
1362;I was injected once a month subcutaneously in my abdomen just below the belly button.;9;;15;2
1139;I had tried many times to get sober before beginning MMT. I started methadone after 3 unsuccessful tries at in-patient and outpatient therapy. When I first began treatment, I traveled 2 hours a day to received the dosage. After about a year I was lucky enough to get in to a clinic closer to my home but by that time, I had completed all of the necessary counseling hours and had also received all clean swabs and urine tests and was given 3 day take homes. Eventually that was extended to 6 days which is the most in my state or clinic that you are allowed. It has been about 7 years now, and I am in a total good place in life and feel that it's time to start tapering. I have held the same job for almost 5 years, have a car, have my finances somewhat in order and am ready to move on to the next phase. While I have had a relatively easy time of tapering, I had to stop for a couple of weeks because I started feeling some slight stomach cramping and body aches. I made the decision to go down 2 mgs a week in hopes that such a small amount per week would allow my body to easily adjust to the change. So far so good and I am hoping that by next summer I will be completely done.;10;;237;2
607;I was to take the pills twice a day with water. I took one in the morning after I ate, and one at night with plenty of water....after a year my body became resistant to the pill and stopped working, and i started taking higher doses without my doctors consent..which was wrong of me and dangerous and maybe that is why the ringing of my ears began...but I was obssessed with clearing up my acne. I was young, I believe i was 17 or eighteen when i started minocin and was on and off it for about 4 years.;8;;99;2
