id;text;polarity
2707;Application of one gel packet once daily to either thigh. I have found that during one week of the month when the vaginal dryness is at it's peak it helps to use two packets. This was approved by my physician.;positive
2444;Effexor and Wellbutrin kept my depression under control - I took more during the winter months and less the rest of the year.;positive
114;This drug should not have been given to this patient. It killed him. He never recovered from this stroke- Right side paralysis and unable to eat or drink/swallow ever again;negative
3275;As said, this patient has been taking this in hopes of fighting depression he is dealing with while going through cancer treatments.;positive
3251;"Received IV in hospital x5 days for a very severe abscessed tooth leading to bone infection; developed hives with first dose, so they gave me benadryl every 6 hours. After being discharged, I took the oral Cleocin for about 5-6 weeks, along with benadryl. I developed severe itching (mostly in the legs and back, some in the neck area) and severe bruising as a result of trying to relieve the itch. The itching, hives and bruising dissipated about 2-4 weeks after final dose.";negative
1500;I was prescribed Metrogel for my moderate case of Rosacia. I took the prescription for almost 9 months. I applied a thin layer daily after washing my face in the evenings. After 9 months I expected to see a slight difference in appearance of my skin, but did not. The only noticeable affect I saw was how dry my skin became. And with it being a very expensive product, I was very disappointed.;negative
3492;"I used this drug after trying Wellbutrin, which made me too restless and hyper. It was proscribed by a psychiatrist, who was very well versed in pharmacology, for a depression that came about during menopause. I took it regularly for three years; it completely stopped negative thinking and enabled me to sleep deeply for the first time in several years. I had regular liver check-ups, but never had any decrease in correct liver functioning. After three years, I felt I was ready to cut back on the medication, which I did very, very gradually over the next year and a half so that there was no withdrawal period at all. I've been fine without it now for two years.";positive
2532;I was to take the drug for 12 weeks after having liver function studies performed. I did not experience any untowards side effects having taken the medication for ther prescribed 12 weeks. I did not miss any doses during that time.;negative
97;"I was diagnosed with Attention Deficit Disorder in my early 30's. I tried different treatments...ritalin (terrible side effects), adderall (didn't work well alone), Adderall with Effexor (Worked great but is hell on your sex life) and then Adderall with Wellbutrin. I took the Adderall with Welbutrin for 10 years but had to take ambien to sleep. Heart palpatations are another side effect of that combo. Menepause hit a couple of years ago and nothing seemed to work well and I developed major anxiety issues. I started on Estrogen replacement and then asked my Dr what we could try that was closer to the Effexor I tried years ago. That's when we tried Pristiq. He seemed amazed at the results. I do not need a ""drug cocktail"" anymore....I felt like Elvis for years. I love my life again!";positive
1197;Took for several months, told my doctor it was NOT making a difference so she doubled the dose to 40 mg. I couldn't stand the thought of putting more chemicals in my body if they weren't doing anything so I never filled the doubled prescription and focused on counseling, which made a difference.;negative
247;Given for major depression. One 150mg pill per day. I still take the same dosage as I started out on. I am afraid to up my dose because Wellbutrin can cause seizures in many people.;positive
1968;The treament consisted of taking lyrica 75mg once in the morning and again a bed. Take the soma as needed and the morphine every 12 hours.;positive
2911;As I began having severe sciatic nerve pain, the doctor prescribed tramadol to help with the pain. I was also receiving physical therapy and the tramadol helped me to tolerate that until it began to help correct the sciatica.;positive
3188;I started with a half pill, then it was increased to 1 due to ineffectiveness. It was increased to 1 1/2, then 2 pills.;negative
1030;Vyvanse really does help me focus on school work and also at work. I'm better in tests and homework problems. I became a better listener in converstations, i do feel happier, not mood swings. I believe i have a better understanding in tasks and i dont feel as hyper as i use to.;positive
1669;tenormin 25 twice daily felodipine 10 mg once daily Losartan 50 mg and hydrochlorothiazide 12.5 mg once daily Regular exercise moderate salt restiction smoking cessation and alcohol moderation stress management techniques like yoga or meditation;positive
1176;Doctor suggested to take Prozac at night time and Ritalin twice a day. So far it has worked for me a patient suffering depression for more than 15 years and it has helped me the Ritalin. Cannot say about Prozac but I notice that I do not get anxiety attack with it.;negative
278;I would take 3 gms before bed. Wake up 2.50 to 4 hrs later for second dose. It was easy to wake up, many times I would wake up on my own. Sometimes I would try to wake up too early and would just sleep through my alarm and then wake up closer to the 4 hr mark. If I didn't have a busy job it would just be ideal to try to get closer to 8 or more hrs of sleep every night. That was not always practical for me. I started off at the 3 gms dose twice per night and never had to change. Sometimes, depending on the time of month I got less sleep with the dose - i would awake after only 2.5 hrs later and get around 5 hrs of sleep a night. Depending on where it was with my cycle, sometimes I couldn't wake up so I would lessen my second dose to 2.25 gms so I could wake up at 4 hrs after the dose.;positive
1100;I take 1 pill 37.5 mg each morning, they will up me to 75 mg and i will see if i feel better than better.;positive
2951;I was impressed with the ability the medication had with my decreased desire to want to smoke, but the side affects/allergic reaction was to severe to continue using it.;negative
1180;Only the medication is prescribed, no other forms of therapy are being used. Plan is to stay on medication at this time, due to the percieved stresses of life and fear of going back to what was.;positive
3569;Application nightly after washing. The first 2 weeks were unpleasant as irritation and breakouts where the most severe, after 4 weeks significant improvement was noted, optimal effectiveness being achieved by the 10th week.;positive
3053;My advise: have a sleep study done to make sure its a psych. issue instead of a medical issue because i also suffer from sleep apnea and now use a CPAP;positive
3479;Switched from Adderall to Dexedrine to compare the effects. Dexedrine is simply dextroamphetamine while Adderall is a mixture of Amphetamine salts. This might explain the increased effectiveness of the Dexedrine contrary to popular belief. I found it important to take several relatively low doses frequently to achieve a balanced effect.;positive
3036;I have been on and off lithium and paxil for years. I tried zyprexa, depakote Triliptal and Lamictal, but these made meunfunctionally tired or I had severe reactions to them. I have a problem where drugs create severe reactions and sensitivity in me so dr.s give small amounts of several rather than a mega dose of one. I tried Risperdal but it gave me severe panic attacks and restlessness. I started out with an antipsychotic and lithium at the hospital to bring the mania and mixed states down. Later I switched to seroquel and Paxil was added to help with my anxiety and depression. I was on Seroquel at a lower dose than most 200mg to start, 900mg lithium (anymore than that makes me very sick even though the blood tests show it's within normal limits)and Paxil at 25mg. Now 2 years later, as I am not in a severe episode I can get by on half the Paxil, 50 mg Seroquel and the lowest Lithium possible to keep it in treatment range. I raise the doses if I have to (with permission of the Nurse practitioner)and I take 25-50mg Seroquel as needed throughout the day if I need to for anxiety, although I don't need to very often. The combination of seroquel, Paxil and lithium works best together for me.;positive
1177;"I began taking 10 mg. in the morning and 10 mg. at night. THis was the best dose, but as I began to feel the need to get off the drug I eliminated the 10 mg at night. I felt a slight drop in well-being, but adjusted to it. THe withdrawal rom only 10 mg took several months and required the substitution of wellbutrin on order to get through it. I now take 150mg of wellbutrin which has a mood stabilizing effect, but not the feeling of ""well-being"" I had from prozac.";positive
1037;This is a great medication for ADD. I've never felt so together in my adult life. My Doctor doesn't want me to take it anymore because of my side effects. I'm so upset that I had side effects on this med because I loved how it worked.;positive
776;I discotinued the naproxen after 2 weeks and started taking 3 ibuprofen every 5 hours with no disturbance to sleep and better pain management.;negative
658;The pill was nice to keep you off your period, i took my pill everyday at different times, but the side effects were effecting the way i was living. I couldn't handle the depression, and anxiety. I felt like i was losing it. During the pill use, i was getting dizzy spells, after a while i just felt like i couldn't handle going through a day.;negative
3807;I still have the drive and can have a erection just not full, so a dosage of 20mg just gives me back what is needed.;positive
3876;I have been taking Levoxyl for 7 years. In that time, I have had no problems with depression and was able to cease taking an antidepressant. My metabolism is regular. I have no problems with fatigue.;positive
578;Patient received IV form in hospital and fluid came off quickly and effectively. Oral form, which she was sent home on, did not work and she ended up back in the hospital within 24 hours. One of the doctors later admitted that there was something about the oral form that caused it to be ineffective in certain situations.;negative
3677;My uptake levels were not severely out of balance. I started with 150 mg and felt the positive effects in 20 minutes. I was told it would take a week. I reduced the dosage to 75 mg then 37.5 mg after six months because I felt those doses to be too strong. I know others that found this drug helpful. Others it had no effect on at all, even at doses of 300 mg.;positive
265;I take 2 50mg tablets every 4-6 hours (no more than 8 a day). It has worked wonders for me. No more headaches and my body is only slightly sore now. It has elevated my mood simply because it has reduced the pain.;positive
3035;25mg once at bedtime to start first week, then 50, 75, 100, 150, then 200mg final dosage after weekly increase. Tiredness was suppose to subside in increased dosages, which really I feel it was so highly increased that it had a reverse affect and made it impossible to sleep or move or even hear a pin drop without thinking it was the front glass door being broken into.;negative
3159;In addition to whatever antibiotic I was currently on, I was to take 9 mg. of prednisone -- the first few times, it was 3 mg with each meal, but that was really too much, so later we did the three tabs all at once in the morning -- a day for several days, sometimes as few as 7, sometimes as many as 15. Then, I had to taper off the amount I took for several days, in 3 mg increments for a few days each new dose. Finally, I would be off it. This time.;negative
583;I take 800 mg of acyclovir at the first sign of tingling along lips or tip of nose. I've found this prophylactic approach to be most efficacious if I dose at 800 mg for a day or two subsequently. In doing so, I've reduced hsv1 outbreaks from one a month to one a year. If I do get an outbreak, I dose 4000 mg per day (800 mg apprx every 2-3 waking hours) for four days then taper to 800 to 1600 mg per day for two to three more days with excellent results. If I begin dose after an outbreak has initiated, it is immediately arrested from worsening though it still will go through it's viral cycle remaining at a very small scale as long as I continue treatment as described above.;positive
2003;My doctor did not mention any possible side effects, nor did he tell me it is a narcotic. Apparently, it is a drug of abuse. Also, nausea is a common side effect. I was only told that it was a pain killer that would alleviate my discomfort.;negative
939;About 5 years ago I had a serious recurring respiratory infection. I could not shake it, so my doctor - after using Augmentin and Septra, put me on Levaquin. The first course went well, with rapid resolution of my symptoms, but a few weeks later when the symptoms returned and I was given a second course of Levaquin, I began to have joint aches and pains which I attributed to my illness. By day 3 I could not rise from a chair. Both my mother and a close friend have had bad side effects as well. After treatment with Levaquin for 4 days, my mother began hallucinating and then had a heart attack and stroke, My friend has severe intractable pain which requires methadone for relief - after 1 course of drug.;negative
3306;My family doctor prescribed it for panic attacks. I saw a psychiatrist years ago but it really didn't do much apart from giving me tips on what to do constructively if I have a panic attack. Which of course didn't help because when you're paralyzed with fear you can't do much of ANYTHING constructive with your time.;positive
3942;It's pill you take 20 minutes before eating breakfast. It stops the acid from the stomach backing up into the esopogus.;positive
3094;I have been taking minocycline 100mg twice a day. At first I had no side effects what so ever. However after a week I started heaving headaches and they gradually got worse. It was when I started having neck pains, I stopped using Minocycline. Although I stopped using it, I never thought the pains were due to it - I thought it was from going out right after the shower which I often do. That same night I woke up with hives appearing in my body and towards the end of the day, my face got swollen (eyes and my inner lip.) At first I thought it was a food allergy, went to the doctor and got a full blood test (White blood cells, red cells, cholesterol, sugar, full allergy, almost everything.) During the waiting period of my results (took about a week and a half) I was taking steroid pills for allergies and I got back to normal within 5 days. On the 8th day, I was like hmm lets take minocycline again, I wanna be proactive and not break out on acne again. I took one pill at night after 8 days of not using it, and the next day I got itchy hands and a few hives and then I realized it was the minocycline that I was reacting to. Luckily I only took one pill and over the counter allergy medicine such as zyrtec got rid off my itchiness and I am back to normal again. So around 8-9 days later after I gave blood, the results came to my doctor. To my surprise everything came normal no allergies what so ever, no pollen, no nuts, no nuts, no dust completely NO ALLERGIES. My Red Blood cell count along with hematocrit came a little high but nothing else. I am almost confident to say that minocycline was what I was reacting to and my doctor told me to stop taking it.;negative
2007;take a pill 4 times a day until pain stops excersize lightly until muscles can rebuild and provide easier movement and flexibility;positive
1616;I use it every other day, mainly around the eyes and on the forehead. I've just begun using it on the neck, back of hands, and the rest of the face. I'll see how that goes!;positive
1835;Got on Yasmin to weaken my flow, my acne from the previous pill went away (ortho tri clyclen-lo), everything seemed great. I was slightly discouraged about my weight gain, a few pounds here and there, but 2 years later I am 40lbs heavier than I was when I started this pill. I do not solely blame the pill for this but I can imagine it has aided me in packing on the pounds. I exercise regularly and try to watch what I put in my mouth. I have random weird mood-swings that only seem to be getting worse. I stopped taking this pill the other day because I couldnt stand always being tired, fatigued, moody, and the headaches were unbearable. I have had a few since that day but hopefully everything will start to get better. I am looking for alternative pills because most of them make my acne really bad, and I have never had acne as a teenager. My mothers friends daughter was only on this pill 3 months and had liver problems. My health isnt worth it. I would rather bleed for 8-9 days than possibly die. Be careful ladies.;negative
1383;The process was slow for me, and it did not work in two or three days like the doctor said. I did notice that each day it became easier and easier to swallow things.;positive
3995;There is really not much to describe. I now take the drug once a week instead of once everyday and am very happy with taking it this way. As I mentioned above, as per my doctor's instructions, I also take Caltrate Plus 3x400mg.tablets a day, as he feels this will also help to strengthen and build my bones and keep them from becoming brittle.;positive
2448;The only thing this pill gave me was strong flu-like symptoms. I'll try it again and see if the results are better but so far I'm not impressed at all and $80 in the hole. Complete waste of money and suffered flu symptoms the entire next day. It's very difficult to be in the mood for sex when you feel sick with a throbbing headache.;negative
3974;Post emergency, the doctors felt that the reaction had to be caused by something else other than the Norvasc. They tested for urethral artery narrowing, kidney malfunction, etc. with all tests coming out normal. It was finally determined that the patients reaction to this medication was unusual, and the medication should not be repeated.;negative
2217;Benicar/HCT was taken once a day due to my blood pressure being high. It did help control my blood pressure, if I ever forgot to take it I could feel the results - headache, etc. When I first began taking it I felt really tired all the time but eventually got used to it. I started losing weight (not because of the medication, I was actually trying to lose weight) and my potassium got so low that my physician took me off of the HCT part and started me just on the Benicar 40 mg daily. I am still taking potassium pills until my labs show that my potassium is okay.;positive
2836;I purchased it in generic form most recently in India. I take one tab nightly. When my asthma is worse, I take it and it helps marginally. It is supposed to be leukotrine inhibitor.;negative
3202;I'm only on my second day and third dose, I'm taking this with 3 days, 2 times a day, 4 MG dose of Dexamethasone and I had a large shot of Rocephin;negative
3556;Vytorin was prescribed by my doctor for me for my high cholesterol. I took it for about a month and did not like the side effects. From the day that I began taking Vytorin I had diarrea. At first I thought it was purely coincidental until I stopped taking it for a few days. The side effects vanished. I took it again and they returned. I told my doctor about this and they switched me to Pravastatin ( same dosage) and the same side effects occurred. I then stopped taking the prescription.;negative
2096;"Tretinoin (pea size) was blended on the back of the hand with an equal amount of Blender (#5 step in the Obagi system). The mixture was then applied to the face, neck and chest avoiding the eyes and lips. The residual cream remaining on the hand was spread on the back of the hands to reduce ""age spots"". No noticeable side effects were evident on the hands, but the procedure was effective. Care was taken not to expose the treated areas to sunlight.";positive
1932;Took medication along with rest and fluids. Used fever reducer, salt water gargles, and tea tinctures to aleviate symptoms and speed healing.;positive
2734;i have been take amitriptyline for the last 22 years, without too serious side effects. i never miss a dose- if by some reason i dont have it - i will never be able to fall asleep at all. I started on 10mg but now i am taking 35mg, it helps.;positive
4088;After reading these reviews, I'm afraid of even starting this drug even with doctor's Rx. of t.5 mg daily. Occasionally very effective but below average I think. Why run tge risk of some of the horrible side effects, e.g. stomach surgery. No thanks. I'll take my prednisone!!;negative
1480;Started 15 then to 30 then 45 then 60. At 60 unfunctional and urinary retention! Back to 30 then 45. Doesn't seem to work for me after one month.;negative
1700;As stated I used tretinoins for preventive measures in late twenties and continue to use them today at 46. I use .1% Retin A Micro nightly with no side effects;positive
167;I suffered with migraines since I've been 22 years old and now I'm 59. No matter what medication I tried, it never took the pain away. A little over 10 years ago, I had a severe migraine while I was at an Acupunturist for a back treatment and asked him if he could do anything for my migraine and after giving him more information he came to the conclusion that my migraines are hormone related and he couldn't help. He gave me a sample of Zomig and told me to try it and IT WORKED!!! I was in awe and called him immediately to thank him for introducing me to this drug. I've been taking it since.;positive
1146;I took 2 pills at the onset of my menstrual cramps and then every 8-12 hours took 1 pill as needed for about 3-4 days until cramps were over. If cramps are bad, make sure to take every 8 hours on the dot because the medication stops working suddenly and unfortunately takes about an hour to an hour and a half to kick back in.. if cramps are only moderate, taking every 12 hours is okay.;positive
1833;I was given this to prevent pregnancy and i am going off because i'd rather have a child and an orgasm than no child and no orgasm;negative
1304;I am looking for a more natural remedy for high blood pressure and control for cholestrol. I do not like taking drugs but do not feel I have a choice at the this time? Any suggestions would be greatly appreciated.;negative
2692;"My doctor prescribed one 25mg capsule 3 times a day with food, for one month, which I followed; this treatment was completely successful for me. Since this treatment, I've used the nonsteroidal anti-inflammatory drug (NSAID) ibuprofen as needed to prevent further attacks.";positive
1091;The details in the treatment are just as I described shortly above. I went to the doctor, they prescribed it and I take it. Don't really know what else to say here for the treatment details.;positive
666;This was prescribed to me for possible whooping cough...due to exposure to Pertusis through my daughter. Even though my older daughter had received the Pertusis vaccine she still was finally diagnosed as having whooping cough. It took several doctors to finally catch what she had. In the meantime she was very sick...had several z-packs and failed to respond. I came down with a bad cold shortly thereafter and as a precaution I was given the Erythromycin [different doctor than the one she went to].;negative
2685;I want to clarify that except for the HBP I have never had these symptoms prior to taking the medicine.;negative
3612;Treatment was for sun damage to the skin. The retin-a was applied daily in the evening. It was advised not to use it durig the day since it could lead to excessive exposure of the sun.;positive
1137;Ten Miligrams daily. Of course, at first you have to deal wiht the clinic, but take-home doses are easy to earn as long as you're doing what you're supposed to be doing.;positive
2177;Since taking Zyrtec, my bloodpressure rose very high. First i did not recognize this was because of the Zyrtec, but discontinuing the drug brought back normal blood pressure.;negative
2168;Take one in the morning for prohylaxis when travelling or during pollen season. Take 2 for severe allergic reaction. Crush tablet between teeth and swallow to make it faster to absorb.;positive
82;I have a prescription for albuterol for sports related asthma. I usually get the Proair inhaler but the pharmacist insisted this was the same and gave it to me. The first day I had it, I went for a run. As usual, about 10 minutes in my chest begins to tighten and I cannot breath. I took a puff of the Ventolin HFA inhaler. No effect. I stopped running. I took another puff. No effect. Still cannot breath. I am now bent over with my hands on my knees struggling to intake air. I took several more puffs from the inhaler. No effect. I am now struggling to remain conscious, I am getting light headed and everything in my vision is pale. I begin to lay on my back, taking a few more puffs of the inhaler. No effect. My throat is now beginning to seize from the sheer force it takes to inhale tablespoon-sized breaths. I have a headache and hear a high pitched whining. I try several more puffs of my inhaler. No effect. I lay on the ground doing controlled breathing for several minutes. I tried a puff of Ventolin HFA here and there with no effect, so I gave it up. I'm laying wondering if this is my last day on Earth. About 15 minutes of pure agony later I catch my breath slightly. I now have an enormous headache and am dizzy. I get to my feet and start to walk toward my apartment (across the street). Along the way, my chest seizes up a couple more times, and a couple more times I use the inhaler. No effect. I now have to wait another month before I can afford a ProAir inhaler before I can even exercise again. I think Ventolin is for underdeveloped little kids who think they have asthma but actually don't. I have real asthma and this stuff almost killed me. The puff that comes out of it is nearly invisible, the puff from a Proair inhaler is actually noticeable and...a 'puff'--about 15x more comes from the Proair compared to the Ventolin. Even waking up in the morning, the slight tightness I have then, Ventolin does nothing for. My girlfriend doesn't understand why I wheeze before AND AFTER I use the Ventolin. Well, it's because it doesn't work for me--in fact, it almost killed me. Everything in this story is true, but I may have taken more puffs from the inhaler than I listed...any ?'s feel free to contact me: thecrookfromthebrook at yahoo.com. Thank you and take care.;negative
411;take a pill --headache goes away in half an hour or less---if you are very tuned in and take it a the first twinge youcan avoid the headache totally;positive
179;Chronic bronchitis-type sympptoms were treated, daily dosage varied and was confusing and difficult to administer. Not able to pinpoint if recovery came from the infection running it's course or from the drug. No side affects, but anxiety taking a steriod in such an unusual way.;negative
1237;Patient was to take 800 mg twice daily to treat ulcerative colitis but was found to be intolerant to Asacol and was discontinued. The side effects began about 7-10 days after starting the Asacol. The nausea and vomiting was not immediately associated with Asacol but was attributed to possibly having the flu. It was only until his urine became a brownish purple color that we thought it must be the Asacol and immediately stopped it. Symptoms went away when stopped.;negative
1212;I take 20 mg every morning with my vitamins. For 2 years I took 40 mg every other day, however I haven't felt the need to do this anymore.;positive
2414;After finding through a blood test that my thryoid levels were off, my doctor prescibed this medication for me. Within just a couple of days, I noticed a marked improvement in my energy level.;positive
3684;.. well I was taking this after breaking out of a relationship that I was in for 3 years. I was depressed living in a room that i rented off a friend. I was living before with the boyfriend in a home he owned but we bought together. I was working full-time and continued to do so after i moved but felt very alone and started to have panic attacks sorta in a mall.. trying to shop was impossible and I never left the house, only to work.. when i did go to the mall;negative
3489;"One dose daily was immediately effective in reducing swelling; blood pressure was reduced within 3 weeks. Night sweats and dry mouth were the primary side effects. Moderate weight loss (water weight) occurred within one week (total five pounds).";positive
3555;i did not observe cholesterol lowering although Your doctor may decide that, along with diet and exercise, VYTORIN is right for you. If so, remember to take 1 pill a day in the evening, as your doctor prescribes. Take VYTORIN with or without food the choice is yours. VYTORIN is a tablet containing two medicines: Zetia (ezetimibe) and Zocor (simvastatin). VYTORIN was clinically proven to lower bad cholesterol more than Lipitor or Zocor alone.Unexplained muscle pain or weakness could be a sign of a rare but serious side effect and should be reported to your doctor right away. VYTORIN may interact with other medicines or certain foods, increasing your risk of getting this serious side effect. So, tell your doctor about any other medications you are taking. Your doctor may do simple blood tests before and during treatment with VYTORIN to check for liver problems.;negative
9;Use inhaler twice a day once in the morning and once in the evening for a period of four weeks. It took approximately five days to week before lasting relief was obtained. Continuous use prevented the condition from recurring. Condition occurred on a seasonal basis in the mid fall and mid spring period. No symptons in Winter or Summer.;positive
3211;I took the pill once per day with or with out food. No other treatment was prescribed.;positive
3327;I took the antibiotic twice daily on an empty stomach to treat grade 5 rosacea. Although I still get the odd pustule one week prior to menstruation, I do at least generally now have a clear complexion. My face is still rather rosie - most people think I look healthy! Sleep, or rather lack of it, seems to affect the condition too. Before taking the tablets I had at least half a dozen spots on each cheek all of the tim.;positive
3216;Topical application did not work. Tried other prescription drugs as well (topical) but did not work. Finally was advised to try a 1:5 solution of white vinegar and this cleared up the issue. The vinegar made the nail bed inhospitable to fungus and nails grew in perfect, solving this 20+ year problem that plagued me. I recommend anyone suffering from nail bed fungus to try this. I put the solution in plastic bags tied with elastic bands and walked around with them for an hour a day. Small price to pay for relief of this nasty affliction.;negative
2774;I was going to include here that if anyone is ever taking an antibiotic or drug that was prescribed to them and they experience any hives, vomiting, or rash of any kind they should cease taking that drug as they most likely are ALLERGIC TO IT. Always read your instructions you get with your prescription that the pharmacy gives you. HIVES, or RASH ALL OVER BODY NAUSEA WITH VOMITING STOP taking drug as you are most likely allergic to it and cannot take it!!;negative
2012;Was having chronic insomnia, but I wanted a very mild sleep aid as I need to be very alert in my workday. I was able to get myself into a good sleep pattern without any drug dependence.;positive
3480;The pain in my side was found to be viral hepatitis. I continued with Diazepam for two weeks. Treatment then consisted of reducing fat in the diet and not drinking alcohol for 3 months. I lost a considerable amount of weight as a result.;negative
643;"I have been on the Birth control patch for years and after switching to seasonique, the change is amazing. My mood swings have stopped, my sex drive is back and my period is almost non-existant! This is seriously going to save my marriage ;) Love this pill!!!!";positive
3627;After washing my face and allowing it to dry, I apply the Retin-A in small amounts over my cheeks, nose, chin, and forehead. I use it every night, except when my skin is peeling too much from use. Then I either switch to every other night, or put a moisturizer on first (incidentally, my dermatologist said the Retin-A should be put on first, under the moisturizer). I rarely ever get pimples in the areas I use the product. Even though there are some side effects, the benefits outweigh that.;positive
376;givn by specialist after previous medicine epilim caused serious side effects still messing with dosage in the hope of getting his fits down to 0 but so far a vast improvement in seizures;positive
2067;Treatment started as a very low dose at 500mg/day at the evening meal. Dose was increased by 500mg on the second week and stayed the same for 3 weeks. On week 5 dose was increased by 500mg for another 2 weeks. Another 500mg increase up to 2000mg/day until beginning of the pregnancy.;positive
3074;I had been taking Effexor, Welbutrin and Ritalin for over three years. The combination worked better then any other cocktail I'd taken. I complaine3d to Doctor that I was feeling lethargic so he switched me to Emsam. After a month he increased the dose. I attempted suicide. Found a new doctor.. Now taking cymbalta and welbutrin. Which seem to be working OK but they ain't no miracle drug.;negative
3965;"I think the drug should be removed from the market, accept for severe cases of GERD , and, patients should only be on them for a couple weeks..otherwise, they should be told they will be on them the rest of their lives--they should never be allowed OTC...why do you think Prilosec has that new commercial out, ""let your doctor do his job""? Because everyone is complaining that they cannot get off of it now...";negative
4051;I was prescribed 21 Amoxicillin caplets which were 500mg per dose. I was instructed to take the medicine at regularly spaced intervals and to complete the prescribed course. I therefore took one caplet at breakfast at around 8am, one caplet after lunch at around 3pm and one caplet in the evening at around 10pm. I was not advised to take the Amoxicillin caplets with food and, apart from the first daily dose, the times I took the caplets did not coincide with meals. I swallowed the caplets with water as advised.;positive
3740;Right now I am just taking 25 mg Lamictal once a day. I recently just stop taking Adderall, and so far have experience less anxiety. I also take busiprone twice a day with the lamictal.;positive
2064;Capoten was to be taken 150 mg daily - in divided doses. Propanolol was 20 mg twice a day, and the Hydrochlorothiazide was to be 12.5 mg daily. Blood pressure baseline was 180's over 110. Resultant decrease was to 150s over 105. Stopping the Capoten relieved the cough after about 3 weeks of being off the medication.;negative
3233;WEAR THE RING 3 WEEKS IN A ROW AND REMOVE THE WEEK OF YOUR PERIOD AND INSERT A NEW RING THE FIRST SUNDAY AFTER YOUR PERIOD.;positive
3219;"Very simple once you establish a simple routine. ""Shared Solutions"", the company behind Copaxone provides you with everything you need for each injection, including; in home injection training, which I was able to get down with just one session, but they will come as often as you need. You load an injection tool with a syringe. Remove the cap from the syringe (simple). Wipe the inection site with a kind of cheap, provided alcohol wipe. Let the alcohol dry (30-60) seconds. Place the tip of the tool on the injection site, press a button and the tool injects the shot in about 7-15 seconds. It varies. Yeah, I called them cheap alcohol wipes, but they are good enough and I'm picky. I buy my own because they are inexpensive. Most important as stated earlier by ""49 year old female"" rotate the injection sites. Rotate, Rotate, Rotate. No tissue damage for me so far from Copaxone, but minor damage from Avonex on leg. Rotate!!!!!!!!!!!!!! Shared Solutions offers great support via the phone or website. I used them a bit in the beginning, but not much since, but I do know that they are available until late evening with knowledgeable, understanding and sensitive ""NURSES"". They deserve the ""Atta Boy-Girl"" this paragraph took up.";positive
693;I was started on a low dose, which cleared my acne in a couple of months but my doctor then had me repeat another 4 month session to make sure the clearing of my skin was permanent. I know there has been a great deal of controversy about this drug and its side effects. But for me, it is the one medicine that I have taken that made an enormous difference in my life.;positive
11;topical and internal steroid meds and antibiotics to avert infection, all help just until the next outbreak which after the last bout was about a week or so.;negative
3989;I took the fosamax with 8 oz. of water and walked around for an hour.The first couple of years I did not take calcium supplements. Then I did. Since I do not think the results were really an improvemrnt, Now I am taking a calcium supplement with vitamin D and magnesium and a fairly new drug called foseum which is suppose to be entirely natural like an herb, but more expensive than fosamax that must be taken twice a day.;negative
282;I take my first dose (3.0 g) around 11 pm. take second dose around 3 am. I wake up like around 6 am. I want to stay in bed for more but cant. I am not sleepy. There are mornings were I am still feeling groggy, and by noon i would be okay to do my daily chores.;positive
3871;Initial dosage 15 years ago was 150 micrograms/day. Increased steadily for first 5 years to 300 micrograms/day. Has remained at 300 micrograms per day for last 10 years.;negative
351;As I stated, increasing the dosage of this medication finally got my epilepsy under control. I was originally prescribed this drug for pain management of a chronic pain problem, but in a lower dose. While I feel that is has only had a minimal effect of lmy pain, the higher dose has gotten my seizures under control. I also suffer from depression and a panic disorder that may be helped from this drug, but I think that that may be true indirectly, as I think the elimination of the seizures has been the main cause of the relief, particularly the anxiety.;positive
968;I was prescribed this because of anxiety and mild depression by my GP but it did not improve my condition and seemed to make my anxiety worse. My anxiety was partly due to my personality and partly due to the fact that I had a mentally ill son which caused me a lot of worry and stress. My GP thought that SSRI's may help and prescribed fluoxetine. This did not help and he changed me to Cipramil which suited me better as it did not make my anxiety worse but it did not really help my anxiety that much so I stopped taking this as well.;negative
3328;The Doctors told me this is a very rare side effect but it ruined my life for over two years.;negative
1333;Take one per day. I have stopped taking them. Don't forget I already take Dulcolax for my constipation, had I known these recommended tablets had a side effect of constipation I would have refused them. It is back to the Gaviscon for me, it is gentle, pleasant to take and liquid. Shell-like Capsules and me do not get along.;negative
3124;chronic ulcers - my tube that carries the food to the stomach had an opening the diameter of a pencil - the reglan was to help empty my stomach once the food finally got there - otherwise it would sit there because my stomach was tilted and the food couldn't drain easily and therefore the stomach acids would keep eating at the food and also the ulcers till they could never quit bleeding - 3 stomach surgeries later and no stomach left to cut away i am healed and need no medications not even mylanta or tums;negative
3330;The drug was prescribed for treating H-pylori infection but it caused ore severe pain than hte ailment itself. It was too strong a drug for me and I had to be switced erothromycin and amoxcillin after only 2 days of tetracycline combo. It also made me dizzy.;negative
955;I refused the drug treatments suggested by my neurologist. The potential side effects were just to much for my taste. As a Pharmacist, I've opted for 2 different treatments. One is a product called Solleve, which are vibrating insoles for your shoes. I have found some relief as well as reversal of my condition after 2 weeks of treatment. I also put myself on a daily specific vitamin regimen. I am also going to add a product called the ReBuilder to my therapy.;negative
881;Took 20 mg of paroxetine each morning (easier to remember in the morning). Reviewed effectiveness with prescribing physician every 3 months.;positive
3636;I started using .05 % retina-a every evening after cleansing, but making sure my face was completely dry. Only a small amount of the cream was needed. I applied it carefully, avoiding lips and inner eye area. Afterwards, I used a non-greasy, non-comedogenic moisturizer to minimize dryness, flaking and irritation.;positive
3215;"Paint the nail lacquer onto the infected nail, one coat a day, At the end of the week, remove it with alcohol and start the process all over again. Unfortunately, it seems like my nail isn't growing, which is why I'm afraid if I remove the nail (with a podiatrist) that it may not grow back-my dermatologist agrees I should not have the nail removed; she wants me to live with it. She says that even with Lamasil and all that expense and liver damaging drug, the fungus can still come back in 2 months.";negative
2778;I know this was prescribed because I'm allergic to penicillin and was having dental surgery. BUT given the side effects and the pain I would NOT take it again. A pharmacist advised me to take Prilosec q.a.m. and an antacid between doses. It helped a bit, but I would have asked for another medicine if it had been earlier in the treatment.;negative
1244;I suffered with mild acne and many whiteheads that were resistant to all other topical and antibiotic treatment. My dermatologist was reluctant to prescribe Accutane as I had a mild acne but eventually let me try a course at the lowest dose (0.5/mg/kg). I had 2 courses of treatment with Accutane. The first time it was highly effective (side effects were tolerable and worth it as I got great results) so I stopped after 4 months. after about a year the acne returned (much less than previously) so I took another course and after that it was definitely gone. There are side effects but if you can tolerate them, it is a very effective treatment. I had to do a pregnancy test prior to starting each course and full blood test and had to take oral contraceptives throughout the treatment as there is a risk of birth defects. I also had to see dermatologist every 2 weeks initially then monthly and have my blood tests repeated. Tretment was very expensive (including cost of drugs, blood tests, consultation fees) but worth it.;positive
2213;Bone density studies were done every two years. Very slight improvement. After 10 years, I am still not at normal bone density.;negative
2538;I contacted my pharmacist and she researched the Terbinafine I was taking and told me it could very well be what was causing this problem. Since I had no idea what else it could be, I stopped taking it on my own. I then contaced my physician and gave her the details and she agreed that stopping it would be wise at this point. We are hoping that this is what the problem is and that my sense of taste and smell will return. We just don't know when it will happen. Very unpleasant experience, I must say.;negative
1025;Most recently diagnosed with adult add, never tried add medications before. Tried to give it time to work as many people say side effects get better but could not deal with the major facial skin breakouts.;negative
3231;simply putting it in forgetting about it for 3 weeks and then take it out and be without for a week. simply doesn't get any easier than that.;positive
2209;Each diskus has 60 chambers each containing a dose of medicine. Dial to the next chamber, open it, put your mouth over the chamber hole and inhale. I hold it in my lungs as long as I can then breathe out and rinse out my mouth. The dosage counter lets you know how many doses remain.;positive
306;apply twice daily but I'd have to wash it off w/in an hour because it burned so badly;negative
280;I have been taking Xyrem for about 2 months. I sleep about 5 to 5 1/2 hours every night. I wake up between 3 to 3 1/2 hour after the 1st dose and then I sleep for about 2 to 2 1/2 hours after the 2nd dose and am unable to fall asleep. The weirdest thing is that I get a refreshing sleep every other day. On the days that I wake up exhausted, I am barely able to make it through the day and am hungry all the time. The next night, I usually sleep well and have a better day there after. I am going to stop taking it and I am going to explore other options such as Rozerem or Trazodone;negative
1954;For Fibromyalgia, in the morning I take half of a multi-Vitamin and 50mg of Lyrica. 5 days out of 7 days, I excercise for 20 to 30 minutes on a tredmill. In the evening, I take half a multi-Vitamin, 100mg of Lyrica, and 5mg of Flexeril;positive
4144;Drug prescribed for pain after surgery. If I had taken drug a few hours after surgery, anticipating the incision might be become painful, the outcome might have been different. Because I waited, I took one pill about 9 p.m., another about 11 p.m. and it was not until midnight that I got any relief. The next morning, I was nauseous and and light headed. I don't take any medication, so the impact of the drug in my system was noticeable and not pleasant. On second day after surgery, I took a couple of Advil. After that, nothing.;negative
1881;50mg Doxycycline taken one at night with food, meant to be 2 - 3 month treatment for acne. Unable to continue with treatment. By the way, the most effective treatment I have now found for treating current acne is Freederm, a nicotinamide based product which is the only topical treatment I have found that improves my acne. It does not prevent new acne outbreaks. And the best treatment I have found for acid stomach is Barley Greens, better than all over the counter acid stomach treatments and better than Zoton.;negative
2834;"I took singulair for years before I realized that it was not really doing much and I strongly suspect that it contributed to my severe depression and mood swings. I have always had severe asthma and allergies and was hospitalized many times as a youngster. I did have allergy shots which I truly think helped with my allergies. When I got older, and inhaled cortisteroids were invented I started taking them, along with Singulair. I was told that it was the ""most benign medication that I was on"" so I never thought twice about popping that small pill each day. I suffered from frequent chest infections - that is a side effect of the singulair since it blocks the leuketrines that react and cause inflammation. When I was 25, I started having severe mood swings and had to start taking an anti-depressant. I continued the singulair without any thoughts. However, after my third child, we were broke and I was trying to cut some medications down to save money and I stopped the singulair for a while. I did notice that my asthma got worse so I figured oh well, have to start the Singulair again, that's when I started having the severe mood swings again. I started doing some research online and read an article written by a mother who lost her son to suicide and attributed it to the singulair. In my heart of hearts, I truly believe that more attention should be given to this drug, and it's affects on the brain. I am no longer taking it and I am having much better luck with zyrtec.";negative
3149;Took Tylenol four times a day with food ( a lite snack) and used ice on the sore area as noted above.;positive
813;"1/2 of a 10 mg pill as needed. Purposely would take it sparingly due to any addictive issues. Some doctors believe it is truly addictive; others not so. But I believe in as few drugs as possible in my life. I am also very afraid of any type of addiction. Therefore, I opt to split the pill in half and only take it 2-3 times a week.";positive
1495;My dermatologist prescribed clindamycin first for rosacea. I experienced moderate results from the clindamycin but not a significant improvement and still had significant breakouts from rosacea triggers. Metrogel rapidly reduced the overall redness of my skin and significantly reduced the breakouts in severity and duration.;positive
3130;The patient was suffering from cancer of the esophagus, which was in an advanced state at the time of diagnosis. The patient was to begin treatment for cancer the day following his death. He had received a feeding tube through his stomach and was sent home from the hospital with a perscription for Fentanyl patches for pain. He had previously been taking a much milder medication. The patient rapidly deteriorated and died within 6 days of receiving the feeding tube and within 5 days of beginning the Fentanyl patch for pain.;negative
3839;"Both my husband & I have taken this medication. His results have been more dramatic than mine. He has seen a total cholesterol level lowering of 60 points to less than 200. Mine has lowered to just above 200 at 215, which is the lowest I've seen. There are minimal side effects. Mostly a ""fishy"" taste for 2-4 hours after taking the medication. Since I have difficulty digesting most vitamins, this is to be expected. My husband has had no side effects with this medication what so ever. It has the additional effect of lowering triglycerides. While it is a prescription medication, it is concentrated Omega 3's & has proven the safest way for us to bring our high cholesterol to a manageable level after failing with diet & exercise.";positive
1773;after 2 weeks stopped taking the drug - i felt ill for days afterwards then decided to improve my diet, exercise and attitude and now feel a lot better;negative
3433;each night, after washing face and drying face, apply/dab a tiny amount and spread thinly on the entire face, avoiding the eye and the mouth area. My cosmetic surgeon advised me that i could apply moisturizer or a night cream immediately after applying Tazorac on face at night. Every morning, it is extremely important to avoid sun exposure so application of a facial product that contains spf of at least spf 15 is done to the face.;positive
2674;The effects of this drug in my oppinion almost killed me I no longer take it and doing good.;negative
3499;This is the first migraine medicine I've found to provide quick relief without unacceptable side effects of previous medications (nausea, severe drowsiness).;positive
1941;I take the medication three times daily and I see a doctor once a week to see how I am doind as far as medications and to get therapy.;negative
2309;To treat the Major Depression Disorder and Anxiety Disorder, I visited my psychologies on a weekly basis, and my psychiatrist once every two or three weeks. The first drug that the psychiatrist recommended was Lexapro, and I started with the 5 mg dosage, after which I took the 10 mg for about three weeks. As mentioned above, I had to call my psychiatrist by the third week to request a different drug due to significant side effects.;negative
3481;"Many people I know - I now work as a health care professional - erroneously believe that Valium, Xanax, Ativan, and other benzodiazepines must be used ""as directed"" and have enhanced benefit if ""built up in the brain""- ie: in ways similar to SSRI's effect on the brain over time. I was entirely aware that diazepam is a ""prn"" medication, and chose to use the prescribed dosage on one particular day hoping it would carry me through a difficult situation. Unfortunately, I suffered a ""paradoxical reaction"" which cost me dearly in many tragic ways. I was in a state of severe psychosis for days- because my ""benzo"" level was low when admitted to the hospital, I was given diazepam for an additional two days, whereupon I apparently refused to take any medication at all, and recovered as I ""detoxed"". I have absolutely no memory of five days of my life. I have done research into this phenomenon, and must warn all that this seems to occur most often in indiviguals with dopamine/GABA reuptake variants- such as those with ADHD, Parkinsons, and also PTSD. Diazepam is a ""bandaid"" and offers no long-term therapeutic benefit whatsoever. In fact, ""rebound"" anxiety and profound depression are common. What is most ironic is that in the medical setting, this occurs often after administration of ""Versed"", is recognized quickly, and fluzanimine is given as an antidote. Outside of this scenario, the patient is blamed, treated as a suspected drug addict, and stigmatized.";negative
3854;Application of cream nightly 15 minutes after washing. Product information advised waiting, but it still burned and itched when applying it after waiting. it had no real visible effect during the time I used it. I gave it a 2 instead of 1 because I felt a very subjective glimmer of potential improvement at the end of the period, but not enough to overcome the pain.;negative
4030;Applied once at night as directed. Applied sunscreen in morning of SPF 30. Some dark pigmentation was lightened significantly but some places didn't lighten enough to go unnoticed. Acne was not helped, suprisingly, but the treatment did not make it worse either. Overall skin appearance looked more uniform.;positive
3456;Prescribed Tamiflu for 5 days (one capsule twice daily). Couldn't do anything buy just lay there. Tried to make myself drink liquids and eat something (when I could start eating).;positive
3841;Take with a large glass of water (i must say I did not notice this instruction until now). Take 1 tablet daily (with food) when required to relieve pain and inflammation. Swallow whole. Do not crush or chew.;positive
2844;My maintenance daily dosage: AM - Meptin 25mg , Ansinar 200mg PM - Meptin 25mg , Ansinar 200mg, Kastair(Montelukast)10mg;negative
3598;I was prescribed fluconazole (pill taken orally) and clotrimazole (cream applied topically) for the treatment of candida. I was first told to take the pill, and then use the cream in 3 days if the pill did not work to reduce the yeast infection. I took the pill for 3 days alone, without the cream, and saw no improvement. I took the pill plus the cream for 4 more days, and it slowly started to clear up. I was told that one pill, taken once, and not repeatedly each day, should have cleared it up.;negative
534;50 mg taken with water directly before bed puts me to sleep within ten minutes or so. I wake up 7-8 hours later (unless forced to get up earlier by my alarm clock) without feeling drugged or groggy. The insomnia being treated was the kind where I was able to fall asleep after about a half hour in bed, but then I would wake up again after a couple of hours and be unable to fall back asleep. This mild, nonaddictive drug has successfully addressed the insomnia that has affected me since childhood.;positive
3497;Treatment for migraine when otc's, or prescription level ibuprophen (800 mg) are not effective. Used for moderate migraine if it lasts a few days, or when pain reaches 8 to 10/10.;positive
1633;Three months after my hysterectomy in 1998 I was hospitalized with severe depression. The depression went away shortly after starting the Premarin. My doctors have tried taking me off of it on several occasions, but each time we try, the depression comes back.;positive
1645;Treatment, self explainatory, I feel better with the imitrex and do not know how I could get by without it.;positive
3691;"Told my doc about the side effects and he told me they supposed to do everything the opposite that I'm complaining about. i threw away the pills and switched doctors. now i smoke pot. it makes me happy and there's no side effects that i was getting from Effexor besides the munchies ;)";negative
20;I took the pill twice a day, morning and evening, after meals. I also kept up with my daily exercise regimen (walking and swimming).;negative
92;I could not control my irritability. It was out of control. I felt like I was not myself. When starting my third week on this med, I stopped. By day two I felt much better. Would not try this drug again. Had only slight nausea after stopping this medications that quickly went away. My depression worsened on this med. Would not recommend.;negative
2658;I was prescribed diclofenac for a badly herniated disc in my lower back. When I went in to the doctors office I could barely walk. He prescribed me diclofenac to be taken 50mg a dose two to three times a day for inflammation. I took it for about 2 weeks. I noticed a difference in the inflammation with the first dose. It worked great for me.;positive
1487;i used the new metrogel. the old formula is no longer available. The new one doesn't work for me.;negative
304;I was told to use this once in the morning and once before going to bed. I had to use it on clean skin, and to make sure ointment fully absorbed. I started to see improvements within days. I was warned that I might have recurrence of eczema after a few months, but I didn't.;positive
2863;Interestingly, if I took four 250mg doses per day, the drug was not as effective in treating my acne.;positive
2818;My OBGYN switched me from Prozac to Wellbutrin in efforts to help with the sexual side affects. Well, it did absolulte nothing to help in that area and instead made me more depressed, irritable, had severe rages, crying all the time, no desire to get out of bed, hot flashes and my blood pressure spiked tremendously. I went back to my PCP and I'm back to Zoloft which I had taken in the past and although I'm still having w/d's from the Wellbutrin, I'm felling 80% better in it's only been 3 days. I tossed all the remaining pills out. This drug clearly didn't work for my body. What a horrible experience to go through. I will in the future only get these types of meds from my PCP and not my OBGYN.;negative
79;Niacin taken in such a large dose opens the capillaries. This increases the blood flow close to the skin and releases histamines. The resulting hot flush and itching lasts for about 15 minutes. It is an interesting experience, but three times a day is a bit much, especially during my at work dose. The red face was alarming my customers and the itching was a bit too distracting.;negative
352;Took 300 mg three times daily, doctor wanted to increase but side effects too severe. I could barely function on what was prescribed.;negative
2044;Patient began to experience menopausal symptoms in early 40s. Prempro was prescribed by physician to treat hot flashes, sleep disturbances, and signs of early vaginal atrophy. When heavy vaginal bleeding continued to be problematic, hgher doses of progestins were tried. The result was increasing severity of the sleep disturbances although the vaginal bleeding subsided. After the patient developed FMS, Prempro was discontinued by another physician and the patient placed on bioidentical hormones. Breast tenderness subsided and sleep patterns improved. Patient later developed bladder cancer, although no familial or behavioral risk factors were present.;negative
152;Seems like a powerful antibiotic that works but it's just too powerful for my system and not worth the side effect.;negative
3709;"Morning: 1 capsule (150MG) Effexor XR; 1 tablet 100MG Lamictal. Evening: 2 tablets 100MG Lamictal.";positive
1308;I was to take 1 pill in the morning after breakfast, then 1 at night before I go to bed. I am to take it for 6 months as a test. The generic was a cheaper version for my parents.;positive
482;Reductil gave me a motivational start to healthy eating and decreasing my portion sizes. Because of low sugar levels I always feel hungry and it gave me some relief as I didnt get hungry as often and when I ate, I couldnt eat as much, but I felt satisfied. I felt that the effects of the drug started to ware off after a few months but now I dont take it anymore as I have lost about 5 kilos and want to continue to lose another 5 through healthy controlled eating and exercise. I feel I can control my eating a bit better and realised that the overeating was creating the roller coaster ride, so I think the drug helped me mentally with portion control and now I tell myself as I have created the habbit with better eating habbits.;positive
1135;Daily dosage starting at 30mg and slowly increasing to maitenance dose. Attended several educational groups in addition to regular group counseling, one on one counsiling, regular U/A's and regular bloodwork along with yearly physicalls.;positive
2661;Went to urgent care while on vacation for upper respiratory infection. Was given Ceclor even though I am allergic to penicillin, but I was unfamiliar with drug and away from my regular pharmacist. Don't know if I felt better (cold/cough - wise) becasue my drug reaction was so severe I was in bed for days.;negative
1697;"Before going to bed, I wash my face with the Clarisonic brush. I love it! When my face is clean and dry, I apply a pea-sized amount of Retin-A gel all over my face and neck. I do not avoid the eye area, but I do wash the gel off my eyebrows with a q-tip and water so that the skin under my eyebrows doesn't peel. I also put Talika Lipocils on my eyelashes. In the morning I wash my face, exfoliating every couple of days to rid the skin surface of drying flakes. Then I moisturize with shea butter or almond oil or even extra-virgin olive oil. This does not make my face oily; my skin drinks up the oil and looks good. The following night I wash my face and when it is clean and dry, I apply Stri-Vectin. I alternate so that one night I use Retin-A and the next night I use Stri-Vectin or another moisturizer. I don't think I will be buying any more Stri-Vectin because I am doubtful of its effectiveness and because I would prefer to make my own product. I know that I will be unable to make Retin-A gel, but making other products for my own use is very attractive to me.";positive
1604;My juvenile/pigmentary (open angle) glaucoma was diagnosed when I was 26 in 1989 (my mother also had it). I was prescribed 2 kinds of eye drops which were effective for some time, but after a while, they couldn't control the intraocular pressure in my left eye, so I had to undergo a trabeculectomy in 1992. Now I put drops only in my right eye (Cosopt 2 times a day and Xalatan once a day before I go to sleep). My eye pressure has been under control ever since.;positive
1218;I started taking one 10mg tablet of Fluoxetine in the morning for three days and then changed to one 20mg tablet in the morning;negative
392;Hydrochlorothiazide was prescribed by my doctor as a first line treatment of my mild hypertension (140/90). In addition he recommended exercise, weight loss and dietary restriction of sodium. This drug did lower my blood pressure to 130/90 which he thought was satisfactory for now.;positive
364;This medication was intended to reduce patient use of narcotics by providing adjunctive treatment of chronic pelvic pain, as indicated by several studies. I have also prescribed it for neuropathic patient. Most patients experience no benefit, or if there is any benefit, it occurs at small doses. Titrating the dose up seems to worsen side effects without providing any added benefit. In addition, it is a costly drug.;negative
2891;Spiractin originally prescribed for treatment of Conn's Syndrome, however some brease pain was experienced shortly after commencing the medication. Further consultation with treating doctor and Inspra was prescribed as alternative. Inspra commenced and side effects described above experienced so reverted to Spiractin after short time. Side effects ceased almost immediately, 48 to 72 hours after cessation of Inspra completed.;negative
1673;I bought a 24-count box and took two as recommended each day. 2 days later having felt nothing, I took 4 for 2 days. Again 2 days later I still had not received any relief, so I took the entire box. Absolutely nothing happened. This was the name brand drug, not a generic.;negative
2557;I started on Keppra in Feb. '09, at first I thought it was the miracle drug. Boy was I wrong! At the time I was also on Depakote, Diamox and valium. First the Doctor added Keppra and began weaning me off the Depakote ER 500mg pm. 250mg. am. It took awhile to get off Depakote because I kept having effects from being weaned off it after being on it for 25 years. Then a few months later he started to wean me off of diamox, which I stopped a week ago, after a long process of being weaned off that drug. Now on Keppra alone with valium, I feel horrible and no heip from my Neurologist. I feel completely alone and with no help in sight!;negative
203;I take a pill in the morning when I get up, once a week, on the same day each week. I take it with an 8 ounce glass of water and do not lay down, eat, or drink anything for at least 30 minutes. I also take calcium/d vitamin supplements daily, eat plenty of dairy products, walk at least 3 times a week, and avoid alcohol and soft drinks. I was already following these dietary habits when my previous bone density tests were done. Because of that, I credit fosamax with the improvement that has taken place.;positive
3705;"I take a 150mg tablet in the morning before or during breakfast and then another at lunch. This combination prevents heartburn throughout the day. Late night dinners may produce heartburn, often I'll take a tablet prior or immediately after as prevention. Also I elevated my bed about 2"" at the head to prevent what had been fairly frequent events of stomach acid somehow working its way into my mouth at night. This drug and the elevated bed has reduced this to a very rare occurence, and again often associated with late evening meals if I do not take a tablet in the evening.";positive
1401;I was given this drug to help lose weight, it worked perfect other than it was very costly and very few doctors prescibe it.;positive
1662;"I had been using the trade brand of this patch, Climara for several months with positive results. One month my local pharmacy was out of the trade brand and offered to fill the prescription with the generic brand and because I was in a hurry to catch a plane to go on a vacation, I agreed, thinking they had to be similar. Wrong! To begin with, the generic patch is twice the size and thickness of the trade brand - don't even think of wearing tight clothes while sporting one of these! (I laughlingly told my husband we could always use one to patch a flat tire if needed, but soon it wasn't so funny.) Within a day or two I knew something was wrong, but hadn't yet identified the problem. I couldn't stop crying about nothing in particular. It seemed as if overnight, my world had become very sad and depressing. I immediately began to gain weight, despite no change in my dietary habits. After finally putting two and two together, I ripped it off and contacted my local pharmacist to see if anyone else had complained of similar experiences. After rechecking my prescription, the pharmacist noticed my physician had marked ""no generics"". Apparently, he had a good reason for this choice as this was not his usual stance on generics. The pharmacist refilled my prescription with the trade brand and all was quickly back to normal. I usually have no problem with genereic brands, but unfortunately, no more generic estradiol for me!";negative
560;I am following up with the derm tomorrow to see if there is an alternative treatment because I can not go through these side effects again.;negative
779;500mg twice a day for injuries....then 500mg here and there for spot pain reduction. I used after deep physical therapy work that may make my pain worse - seemed pretty effective.;positive
929;you put one drop on the wand they provide you and aplly to the upper lash base line only once a night. Only once a day no need to put more than that. Only one drop too.;positive
4033;I took one dot once a day in the evening before I went to bed. I used no other creams on my face. I took it every other day.;negative
1587;It was prescribed to be taken on an as needed basis. I would take the tablet at the onset of the attack. The attacks usually occured at night, shortly after I feel asleep.;positive
2301;At 15mg patient is able to feel emotions and manage minimal depressive symptoms while undergoing accompanying psychotherapy treatment.;positive
1501;treatment details? What details? I have rosacea and metrogel is NOT effective, and made symptoms worse and now they don't go away at all. Thanks to our fantastic government regulations, pharmacuticals are approved by ignorant monkeys while effective, natural cures are ignored. The best way to ease your rosacea is go on a diet of lemon water and plain, boiled chicken for a week. Take about 2 gm of pantothenic acid a day. It sucks, but it will clear it up. I'm sure a doctor will argue it and insist that some Gualderm product is better, but we all know how that works....;negative
1691;I take 10 mg of a grocery store brand loratadine nightly. I try to not take it with milk, I felt like it was not working the next day when I did take it with milk.;positive
2954;Welbutrin was prescribed to aid in reducing or eliminating the urge to smoke. For the first two weeks smoke as normal and then at the conclusion of two weeks stop smoking altogether. After the first week the urge to smoke had been reduced and I found myself smoking less and less. By the end of week two the urge to smoke was minimal to non-existent.;positive
2565;I could not take any anti-depressant medications. I tried them all but had terrible side effects. My doctor is extremely good with medication therapy for depression and anxiety and decided I have a serotonin sensitivity and so put me on this drug which works on a different endorphin pathway called gabba. I have had terrific success on it and although it too has addictive properties like other Diazapenes, I have not had to increase my dose at all therefore he doesn't think true physiological dependence is developing.;positive
3893;The doctor advised taking 2 tablets for the first dose to 'kick start' it into my system, which I did. After 4 days of the treatment, the swelling and the pain had almost gone. I was then able to attend a dentist who could examine and treat the tooth that caused the abscess.;positive
622;after applying the cream over breakout or redness at night before bed there was visible improvement over night, after a week of using the cream the breakouts were gone, skin was healed after 2 weeks.;positive
616;Nightly, I would put a small amount of Skinoren, Benzoil Peroxide and an AHA cream (with a 10% AHA)in the palm of my hand and combine, and apply to face nightly. The rest of my regimen included a very gentle face cleanser, and a mild and light moisturizer during the day along with an application of the 10% AHA lotion.;positive
2556;I spread this on my entire face every night on clean skin. In the winter, I follow with a moisturizer. In the morning, I use metrogel daily. When I have more of a breakout - and it's hard for me to sometimes differentiate acne from rosacea - I will also take Oracea for a week. If I know that I will be spending quite a bit of time outside then I will take a break from it.;positive
3895;I can't remember quite well but it was to take it after each meal 3 times a day.;negative
1952;Treatment details? I guess you are asking for how often, etc.? I am on ongoing therapy. I take one in the morning and one in the evening. I try to keep my dosage schedule very precise because I pretty quickly show signs of withdrawal if I miss any. It has allowed me to start physical therapy, which was previously unavailable because of the pain. I feel much better but this is an ongoing disease that is not curable only controllable so I don't know what the future holds and if the treatment will change...;positive
784;I would much ranther have the joint pain, then go through this stomach pain ever again. I've stopped using this and would not recommend it to anyone.;negative
2709;Divigel is a topically applied Bio-Identical Hormone ( Estrogen) which I Highly Recommended. The product is applied topically at night to top of (leg) thigh. My benefits were improved mood, clarity of thought, increased energy, better sustained sleep, and mproved skin firmness and tone - even facial skin.;positive
3008;For UTI, take one every 12 hours for prescribed number of days. (And finish the whole course!);positive
2862;There aren't any treatment details. The pain management physician prescribed the medication each monthly visit and increased the dosage not long after introducing the drug as treatment. These kinds of physicians are really drug dealers cloaked in an DEA approved office.;negative
3051;Dec 08- Zoloft, sparked a 3 week long mixed phase with psychotic features. 4 days into it I was prescribed 25 mg seroquel. Jan 09-April 09, Increasing doses of Seroquel, up to 300. Also Wellbutrin, starting at 50 and eventually reaching 300. The wellbutrin made me considerably more depressed than I was before, and I stopped taking it. Since then it's been the seroquel, and I've been mostly stable since.;positive
735;Ambulance officers gave me pain relief and this settled my stomach of the knotting and cramping/pain. This also settled the feeling of doom. In emergency, after numerous examinations and questionning, abdo xray, I was given IV hydration x 2 litres and Ondansetron IV x 2 - 8 hours apart. I was observed in emergency overnight and went home the next morning with no side effects at all. Never will I take maxalon again!;negative
2572;I am not sure what you mean as I already told you that I was being treated for TIA like seizures with the Clonozapam and Aggrenox as a blood thinner for the same. I also took Lovastatin for High Cholesterol. In the course of all these medications I ended up getting a divorce. The drugs did not lower my cholesterol... they made me more nervous and made me question what on earth was wrong with me? I now weigh more than I ever have, and I started to gain wieght almost immediately after getting off of the drugs. I could use to lose 20lbs, but I am not worried about it as I am so much healthier than I was during the time I was on all of the drugs. I hope this has helped you in some way. I am sorry that I can't be more specific, but I am in a hurry to put all of that behind me and build a healthier - drug free future. I am very much a proponent of natural medicines these days!;negative
2978;"Unfortunately I had a doctor who was uneducated about ADD and was very uncomfortable prescribing any medications for it. She put me on 10mg first.After 3-4 weeks I went back and asked for her to increase it. She prescribed 20mg,(which I found they don't make 20mg doses) Instead of changing it to a proper mg, she decided to have me take 2 10mg pills every morning which also doubled the cost and that amount was not enough to have much benefit. After about a year , I was finally prescribed a therapeutic dosage of 40mg. I had too many problems with the pharmacy ordering the right amount ( they had me take 4 10mg pills a day because they didn't order the right ones! I have no health insurance so was getting it on some program that made it cost me $6 but when they would screw up the order , I would either run out or have to get the full amount which was $130.00 at the 10mgs, so X 2 for 20mg, x 4 for 40mgs!! Just because of the way the pharmacy was doing it.Scamming the federal programs or something...so I finally just quit taking it. I definately had noticed that it made pee without barely any warning, and my eyesight got alot worse, and my fiance said it made me ""mean"". All that has stopped now that I am not on it. But my ADD is back full force!";negative
197;Adderall was taken once in the morning every day. This medication was combined with cognitive behavioral therapy once a week. Within the last year, neurofeedback (biofeedback to control brainwave patterns) was added. This treatment has been very effective, and will be continued as long as it is needed.;positive
3415;He started out with the introductory dose (5 mg) and then graduated to the full dose (10 mg). When the side effects became a problem, he was put back down to the introductory dose, but the side effects continued, and we saw no real benefits from the drug. (We recently switched him to the Namenda patch which he seems to be tolerating.);negative
828;Horrible. People thought I made it all up. They denied this medication could make anyone sick so they continuously put me on more.;negative
465;prescribed tablets by Dentist for gum infection. i was told i should take antibiotics but nothing about how it works or side effects. i took the tablets until finished while feeling worse, breathless, dizzy, pain left arm and fatigue but put it down to body fighting gum infection. the day after i finished the full course of tablets i couldn't breath and ready to pass out and went to Doctors and was taken to hospital with heart complications. I have no health problems until now.;negative
1743;"The ""stupormax"" of Topamax lasted a few days each time the dosage increased during the tritation period. one point I was afraid to drive- as I ran over a curb, made WIDE turns and even bumped the wall in the garage! the fluid retention due to dehydration was noticeable in my upper arms and upper thighs(dimpling). Now that I have been off the RX for a while now, my arms are toned and legs are lean & sleak. BUT No MORE headaches!! Praise God! BTW, never lost weight on this drug as some do-- since discontinued I have lost 7 lbs.";negative
663;The erythromicin was changed to amoxycillin, which I used safely and effectively for 5 to seven days and experience complete relief from symptoms of the bladder infection for which I was being treated.;negative
456;Take one 35mg pill in the morning and one after lunch to curb appetite. I fond myself able to stay more active and run longer at the gym. It's a toss up if the results were worth the side effects. It's obvious that a drug this strong that makes you want to run a marathon and not eat can't be good for you!;positive
4066;I was prescribed this medication for tmj pain/arthritis. It helped more than aleve. The main problem this medication caused me was severe stomach issues. I was told that the stomach issues may subside after using for a few weeks, but it did not. I then tried taking 1/2 in the am and 1/2 in the pm to see if that would help, but sadly it didn't. My husband takes this medication also, and it works beautifully for him. He has no problems with it at all and it really helps his arthritis.;negative
268;Ultram helps control fibro pain without making me sleepy or feeling 'out of it'...there aren't many drugs I can take that I can still function and actually feel well, with Ultram or Tramacet do this for me....only down side expensive, not covered under blue cross;positive
1991;Vicodin (Hydrocodone and Acetaminophen) was prescribed at one to two 500mg tablets every four to six hours. The drug induced deep sleep, followed by restlessness, heavy nausea, and extremem dizziness. Discontinued use of the drug after three days due to severity of side effects.;negative
3940;Tequin and pyridium per MD order. drink lots of water, void completely, wipe front to back, void before and after sexual intercourse, avoid chemicals around urethra like bubble baths, maintain cleanliness around urethra, drink cranberry juice and/or take vitamin C supplements to maintain acidic urine to inhibit bacteria from attaching to wall of bladder.;negative
3204;I take one arava tabs. each morning.It works very well. I can tell a big difference in my body since taking the arava.;positive
1019;I was diagnosed with ADD three years ago. Have tried several different prescriptions and found the best results from Adderall and Vyvanse.;positive
2749;Only medication was prescribed. temisartan 80 mg a day. I have benn taking it for more than 5 months.;negative
830;This drug was fairly effective after one week's use week but did not cure the reflux completely and the side effects were very debilitating. I experienced a rebound effect after stopping which lasted for approximately four weeks. After having an endoscopy I was diagnosed with gastritis.;negative
1615;use every other day a pea sized amt to entire face. Don't use more than this or you'll get peeling, redness and irritation.;positive
1913;I think my doctor was very irresponsible to prescribe this antibiotic without first having me try something else. I am now taking Clarithromycin and am doing fine with this drug. The mental side effects of Avelox have now disappeared, five days later, but I am still very weak and my joints hurt.;negative
1434;At 14 I was diagnosed with hyperthyroidism and this was corrected through medication (thyroid disorders are prevalent in my mother's family). I was diagnosed with hypothyroidism (TSH 14.5) this past December and evidence of an auto immune disorder. Since, I have been on 50mcg daily, my TSH tests normal but there has been no improvements in symptoms.;negative
3810;I am going to see the doctors again today because there is no improvement whatsoever.;negative
188;This medicine changed my life, but there are still spin off's of ADD, like the auditory processing, anxiety and emotional control and general sensitivity that have to be dealt with. Not to mention health issues like making sure to get enough vitamins (kelp levels out my thyroid pretty well), and picking up a prescription from the doctor every 30 days. I take 15 mgs AM and 15 after lunch. Can't take it too late in the day or will cause sleeplessness.;positive
3782;I took the Keflex one hour before my dental appointment. I got my teeth cleaned. On my way home, I started itching all over my body and developed a slight rash with reddening. I also felt like I could not breathe or get enough oxygen. So instead of going home, I went to E.R. They gave me an injection (I don't remember the name) and told me to use Benadryl at home for a couple days. If it got worse, the doctor said to return to E.R.;negative
2846;This drug is poison and should not be given to children. My daughter was prescribed this for mild asthma. Doctors don't know or don't care about the dangerous, life-threatening side effects of this drug. This is Merck's biggest money maker. There are much more effective, less dangerous treatments for asthma. Spread the word. Get active.;negative
2079;Besides taking this drug my treatment regime also included diet change limiting carbohydrates, increasing fiber, and portion control. I increased my activity level by using a treadmill daily. This combination resulted in not only regulating my blood sugar levels, but also a weight loss of 20 pounds.;positive
4047;I was given a 3 day prescription which is the reason I am submitting this report. I believe antibiotics should be prescribed in a course of 7 - 10 days. This practice as far as I know was very popular in Hong Kong and it still might be general practice. In my case I did not want to return to the doctors office and be charged again for another consultation + purchase additional amoxilin as I was not covered by medical insurance at that time. Instead I went to a local pharmacy with the package of antibiotics I received from the doctors office and asked if I could buy 12 tablets. They were more than happy to sell them to me (at a fraction of the cost I paid at the doctors office) and I followed through with a 7 day course. The results were very positive and within 24 hours I could feel relief and I knew that the infection was being affected by the amoxilin. By the 3rd day the swelling was greatly reduced and other than a nasty wound on my ankle bone I felt very good. I continued the remaining 4 days and besides a scar on my ankle at the site of the infection I completely recovered.;positive
3093;I have been taking this product consistently for about 10 months. I take one tablet, twice a day with meals - usually one at the beginning of the day, another at the end of the day.;positive
4124;I was to be on this course of treatment for a possible 12 weeks....From the onset of treatment, I experienced every one of the adverse effects and was told that after a few weeks they would subside...So was not the case in my situation...I finally gave up as my life was severely impacted by using this medication.;negative
1597;metformin 250 mg od, benicar 5 mg od , fosamax 70mg q wk,norvasc 2.5 mg od;positive
3529;One tablet, taken each night when I was already in bed and ready for sleep.;positive
2920;I only was required to take one tablet in the evenings, this was easy and I never forgot.;positive
2743;Once a week on same day, take one tablet first thing in a.m. before eating with full glass water and do not lie down or eat anything for 30 mins.;negative
1653;Clomid was given on days 3-7 of the menstrual cycle, one 50 mg pill by mouth per day, at the same time each day. Follicle progress was subsequently tracked via ultrasound. Side effects were minimal with the first round of treatment, more severe with the 2nd onward. I have no known allergies or sensitivities to other medications, other than topical iodine.;negative
699;I had slight to moderate acne that was just really annoying and was not fixed by any type of treatment, so I finally gave in and went on Accutane. After reading all the online horror stories I was scared out of my mind. However, I had a great experience on it. I took 80mg/day for 5 months and weigh 200 lbs (90 kgs) so it was about 1 mg/day/kg, which is a moderate to high dose I was told. My lips were pretty dry and cracked if I didn't put on chapstick all the time. I also had really dry skin if I didn't put lotion on my shoulders, arms, back, and face after showering. Everything else was 100% fine though. No nosebleeds, no depression, no hair loss, no unbearable side effects. These horror stories are overblown and rare, and tons of people have great results on it. My acne is gone 100% from all over my body and it is such a relief to not have to deal with it. On completion, my dermatologist told me he has prescribed it for 10 years and has never once had a case of depression and only 2 people have had bad blood tests. If you're tired of acne, give Accutane a shot. If the sides are too rough in your case then you can go off of it, but it's such a great drug if it works for you the way it did for me and many others like me.;positive
624;"when I was not able to sleep the pain would increase which would lead to a cycle of not being able to sleep as I could not relax..the meds would help me to sleep which would allow my body to relax - this in turn led to a decrease in my symptoms..though there were still times when this would not be effective, such as if I was under high levels of stress or could not get 8 hours of sleep..if the condition continued for to long, severe depression, weepiness and other symptoms would begin to appear - usually a week of prescription sleep aides would help ""re-set"" my system and we could get back to the original program.";positive
1352;one tablet daily, no other sepcifications. I take all meds on retiring. I also take fish oil capsules.;positive
3241;insert one ring for 3 weeks, remove for one week and insert new ring for another 3 weeks;negative
2948;"I expressed to my doctor a desire to try this drug to quit smoking. She prescribed it to me and I began taking it shortly thereafter. Before my 2 week quit date had even arrived, I noticed a marked decrease in nicotine withdrawl episodes. I just didn't need to smoke. I found I was started to smoke only when I thought I ""should"" - after dinner, right before bed and other habitual times. Once I stopped smoking all together, it was a relief to only have to battle my habits and not the withdrawl effects of nicotine as well.";positive
1778;I took one dose a couple hours before bed each night. I also have regular therapy, yoga practice, daily exercise and healthy diet.;positive
2277;"After about a week of taking the medication, I felt ""like myself"" again and not like a crazy person. I had felt that depression and anxiety were takin gover my personality. The medication neutralized these feelings.";positive
2178;As soon as a migraine was detected a Frova would be administered. If the migraine was intercepted immediately the Frova was succesful with relieving pain and the chance of a rebound headache was slim. If a frova was not administered immediately a maxalt was taken then two hours afterwards a frova. This would eliminate pain for twenty four to thirty hours. On occasion a rebound headache would occur.;positive
2024;Not sure what this means - I take a single dose in the AM and try to avoid trigger foods/beverages like chocolate and caffeine.;positive
27;First I experienced the state of anxiety and panic at the age of 20. Starting with Librium I was successful to managed and control my mood and over sensitive nature. Regular exercise, food and lively hobbies helped to relieve me form all sedative and tranquilizers. It was, probably, job related stress and tension what triggered the state of anxiety and panic. Now the above-mentioned medications are helping to perform my activities, mostly as a normal person.;positive
3170;After the diagnosis of PMR, I was instructed to take 10 mg. in the morning. Although the pain diminished, it was still high so dosage was increased to 15 mg. I repeatedly advise the rheumatolist of the breathing problems to no avail. The family doctor suggested dropping the dosage to 7 1/2 mg. per day, but the pain became extreme again so I went back to the initial dose of 10 m.g. The rheumatolist has suggested that I will be on prednisone for a year.;negative
1892;I took the Doxycycline for 8 of the ten days prescribed, taking two pills per day.;positive
1621;I have remained very stable and have a good outlook on life. Do not feel my age.;positive
1793;I never went back to the doctor. I was so desperate for a good nights sleep without teeth-grinding and nightmares, I fell back on alcohol. I've never taken Valium, but feel I should've been given something similar - somthing that would heavily sedate me while I was feeling suicidal. Luckily after a week, my fortunes changed, and I found work again, so the suicidal feelings went. But I would never take Citalopram again.;negative
926;put one drop of product on an eyeliner brush, then brushed across each eyelid at the base of the eyelashes. applied daily;positive
2418;The drug does NOT seem to help with the symptoms that were evidence since realizing I had thyroid cancer, but the blood test results seem good.;negative
276;I think I have included everything above. I tried a second week and felt a slight refreshed feeling upon awakening - but not significant ewnough to keep taking it. Understand, I only remember awakening refreshed 3 times in my life. one of them after that first night I used Xyrem. I have enough to try a third week and probably will -- since I am desperate for my former qualilty of life when I didn't struggle with feeling tired as I do now.;negative
839;I have fibromyalgia, and was having a hard time with the high fatigue levels and difficulty concentrating. At first I just took Wellbutrin to help with these things, but a doctor suggested trying Ritalin for better results. It does work much better than the Wellbutrin for these symptoms.;positive
2568;Patient was instructed to take .5 mg one hour before bedtime. This was followed during the week nights and was immediately effectively.;positive
1976;I have a 6 year history of ruptured discs cervical and lumbar with cord compression post MVA resulting in leg spasms, fasciculations and strong diffuse leg ache with limited range of motion.also weakness of both extremities and numbness in big toe. I am on 150mg qhs (once every night before bedtime). I supplement the lyrica with Aleve during the day.;positive
429;Took Imitrex for a 3 month period and still had no noticeable results. The tablet was suppose to lessen the pressure and pain if taken at onset of migraine. I ended up trying Aleve and still take it to this day for migraines.;negative
3156;I was prescribed four tablets per day for the first week, then I needed to wean down to three tablets for three days, two tablets for three days and then one tablet for three days.;positive
3192;I took omnicef orally for 10 days. After the clostridium difficil was diagnosed, I had to start a new course of drugs which had to be repeated before the new infection/condition was cured.;negative
2680;One daily dose of 30mg at night, never skipping a day. I go 3 to 4 times a year to my hypertension ist for checkups.;positive
1490;At my annual exam the condition of vaginal bacteria was discovered. The doctor prescribed Metrogel which I took for 5 days in the evening at bedtime. The symptoms resumed within 1 day of completing treatment. A re-visit to the doctor resulted in a prescription for Vandazole gel, which did work.;negative
4034;I basically bought Tri Luma to treat a cosmetic issue. It helped relieve the problem a bit, but it created additionaly cosmetic problems. I am more embarrassed by the redness at my mouth than I am by the discoloration...actually, I don't know which is worse. I do not know if I would recommend the product to those with normal skin, but I would definitely not recommend it to those with sensitive skin.;negative
3313;Just makes you feel better... see pych once a month then see a therapist as often as needed.. its always best to combine the two;positive
489;Meridia combined with diet and exercise has made loosing weight a lot easier this is the boost that I needed to change my life style.;positive
660;This birth control is terrible. I am 22 years old, this is my first time ever taking any type of birth control, and I have to say I will never take any form of birth control ever again. I have been taking seasonique for one month now. The first week I felt like I had the flu. Then I started feeling normal. All I have been craving is sweet food (chocolate, cake, muffins). I have not wanted to eat anything else. I have bad headaches all the time, I am gaining weight,I have had break through bleeding along with bad cramps, etreme moodiness and depression, I am tired all the time, I have no sex drive and all around not fun to be around. :( No more Seasonique for me!;negative
3858;i have to take a peel every morning at the same time.if i dont and i forget i get tired its a different kind of tired though.once they stopped giving me the pill for 7 weeks and my hair started falling out i was lethargik i thought i was moving fast but i was moving very slow.i bloated up,i started to think kind of weird.i wanted to sleep all the time i was a real mess.so i take the medication consistantley the best i can.;positive
2376;This was taken in case atrial fib resumed, in order to keep heart rate down. Atrial fib did not return during drug treatment, so it is unknown if it would have help to keep heart rate down in the event of atrial fib.;negative
2323;The medication worked great, and I would have rated it a 10 except getting OFF the medication was difficult. For six-eight weeks I had what I've come to learn are called brain zaps... a strange sensation that is difficult to describe and not pleasant. Lucky for me I had read about this so it did not scare me... otherwise I would have been very concerned. I pretty much just rode it out for those 6-8 weeks and then it went away and I've been fine. If I had to do it over I would still have chosen to take the lexapro because is was so effective for my anxiey/depression which was off the charts when I started.;positive
3367;I couldn't walk because of muscle problems. Then it attacked my kidney and bladder. Drs thought I had cancer. Reduced dosage from 20 mg to 10mg. Had to get off it and through away about $200.00 worth of pills.;negative
1591;I first started taking this at 3 times per day with .25 mg pills. I was advised not to take as needed with my panic attacks as that would reinforce the idea of taking a pill when it's needed and not help me work around my anxiety. This is totally true. At first I wished to only take them as needed but with my doctor's advice, he was right. This really does work when you take it daily at 3-5 times per day. This way your body adjusts to what's going on with the panic and makes no association with taking a pill to prevent or stop it, they just don't start in the first place. Yes, I still do have minor attacks and worry episodes here and there but nothing at all like the many years before this. I wish that this extremely helpful medicine would not have such a bad name in media, news and pharmacies. This works wonders and there is no want or need to take more or become and addict. People and doctor's need to understand more on how to treat someone with something that just WORKS, rather than trying to give them SSRI's which are what the drugs companies push, all for money reasons. And, the doctor's out there who decide that SSRI's are the only option, they need to go back to medical school!;positive
2897;Was prescribed 2-4 mg dilaudid (I took 2mg, weigh 95#)with hydroxyzine pamoate 50 mg every 4 hours, because following previous surgery both percocet and vicodin caused vomiting and itching. First dose was given in recovery room and continued to take it every 4-6 hours with vistaril as prescribed until untoward symptoms appeared. I had no nausea, vomiting, or itching;negative
196;i was prescribed 60 tablets of 20 mg. he told me to experiment myself as to what dosage worked for me, not exceeding 2 whole pills daily. normally i take one whole pill in the morning at 6:30-7 @ 1/2 at 12 and 1/2 before work at 4 pm. sometimes on the weekend i'll only take 1 because i try to have extras in case needed at another time & i dont want to build up tolerance;positive
802;"In an effort to regulate sleep, during an extended period of insomnia; patient was prescribed Ambien. The medication induced sleep as often as it induced short periods of psychotic behavior and patient was difficult to control by family. Patient would sleep-walk with no memory of it afterwards. Patient was beligerent with family members and appeared severly intoxicated.";negative
1043;I had began taking 20mg of Vyvanse for three months and was surprised to find that such a small dose affected my mood so effectively. When it came to school work though I found that I needed the 30mg to increase my level of focus (and have been on it for a month since). I had not experienced decreased appetite until about a month into taking the 20mg. I find that the greatest benefit of Vyvanse for me is that it tends to stabalize my mood on a daily basis and lessens any bouts of anxiety and depression that i used to face before I was perscribed.;positive
827;Once a day and that's it. Now do I get to get back into my reading;positive
259;I was told by my doctor and pharmacist that this was a non-addictive medication, but when I quit taking it the withdrawal symptoms were extreme. I had cold chills,severe body aches, diarrhea, nausea, headache, heart palpitations, anxiety, sweating, dizziness, vomiting and depressed feelings. I got a refill prescription to gradually come off of it after that and it occurred once again. I have never had substance abuse issues but after doing some research learned that it is opiate-based and highly addictive. I have never felt that kind of pain and sickness in my life and pray I never do again. I have heard similar experiences from others as well. I would not recommend this drug and do not believe that it is not addictive. From now on, I will do my homework before I take anything else. I now use OTC pain relievers and I encourage everyone who reads this to do the same before beginning treatment with tramadol or any pain reliever.;negative
3659;150 mg capsule taken with breakfast and 75mg with evening meal. This was accompanied by psychological counselling, mainly cognitive behaviour therapy;positive
2498;I just started treatment for severe depression. I sleep okay, but have nightmares all night, which is why my doctor recommended Remeron. I am going to ask for a change in this because even though it has only been a few days, I am barely functional.;negative
2210;I was diagnosed with COPD about 12 years ago. I started taking Advair about eight years ago. During the course of treatment I tried Spiriva, but had to stop because it was very drying. At one time I was taking Singulair, but that didn't seem to do much of anything. So I quit that. Throughout the entire period I have used Duoneb and Zyrtec. I think I was originally put on 250/50 Advair. That was increased, some years back, to 500/50, and about two years ago reduced back to 250/50. At all times I used the Advair twice a day. My pulmonologist (also primary care physician) was not much help when I developed side effects, nor did he suggest a substitute treatment when I had to stop using Advair. I went to another doctor who treated me for adrenal fatigue and had me take natural anti-inflammatories and mucolytics to replace the Advair. I still take Duoneb and Zyrtec. I stopped taking the Advair one year ago. I am just now recovering from the adrenal problem. My COPD has not worsened.;negative
1493;Thin layer of Metrogel over affected areas of face 1x per day after face has been washed and is dry.;positive
2208;I took this for maintenance to prevent asthma exacerbations. I used it every morning by exhaling first then inhaling the medication from the disc. It worked well when I used it.;positive
1784;i have taken this drug just like i was instructed to, bu it did absolutely nothing for me. i would not reccommend this for anyone. i have found no effectiveness from this drug at all. i think it is a useless pill that should be removed from the market!!!!!!!!!!;negative
3312;I take it most days. At times I have stopped taking it for 30-50 days and the depression returns. I believe it is good to occasionally stop the medicine to be sure it is still needed.;positive
1800;I was given 2ml of Methylprednisolone to reduce the inflammation of my sinusitis and to reduce the infect i was given Clarithromycin. I was ordered to take 2 tablets of 500mg once a day after meal.;positive
3715;Diagnosed with Bi-polar 2 WITH MIXED EPISODES AND RAPID CYCLING. Had been perscribed many SSRI'S, due to depression but never fully treated for bi-polar because I felt like I deserved and did not want to give up the few highs I had when not depressed. I also did not believe I was bi-polar when dignosed 12 years ago as an in-patient, because I had no understanding of mixed episodes and rapid cycling. I thought when I was hypo-manic, it was just a great relief and celebration of not being depressed. I was also not honest about my alcohol abuse until about 6 months ago, and have since stopped drinking, which allowed me to realize I was quelling the manis with alcohol, and with out it I was more unstable and manic. My only fear now is that without an anti-depressant I will suffer depression again.;positive
1313;When I get up in the morning I take 1 prevacid capsule and I dot not have any acid reflux for the entire day;positive
402;Have had chronically dry eyes for years. Regular eye drops helped temporarily (but blurred vision). Also had Herrick plugs, which seemded to help for awhile. Then doc finally recommended Restasis, and eyes have become much less dry. Very pleased with the results of the treatment.;positive
3379;I took the Lipitor initially with morning meals and was not having a good result (regarding my digestion) so my doctor had me switch to taking it on an empty stomach, which did not seem to help much. Overall, I am happy to not need this drug anymore.;negative
1140;i started off taking approx 130mg in about 7 yrs and have now reached 65mg in my 8th yr off taking methadone. it has helped me to be a normal person again and no spend my day trying to find the next pill.;positive
896;Depression treated. The mitral value prolapse was not treated but noted when any medical or dental treatment was performed.;negative
3252;Application of creme to clean skin in the morning and evening. It was the most effective acne treatment I have used that didn't cause excessive drying or irration to my skin.;positive
1825;1 pill per day in the morning with food. Take 3 days off (placebo pills) before starting a new pack rather than a whole week. Take two pills the next day if a pill is missed.;positive
3427;cleanse with a non abrasive facial cleanser and dry face. Then apply cream to the affected area;positive
2342;The prescription was to take a tablet twice a day. I felt more comfortable taking it once a day instead.;positive
1315;I have been taking meds for my acid reflux for many years, originally Omeprazole (generic for Prilosec). However, becaus Omeprazole was not on my insurance drug formulary, I was taking Prilosec OTC. At my last check-up my doctor prescribed the Prevacid and I like it. It even tastes like strawberries!;positive
3404;The cost of the Proscar tablets was around $100 dollars Australian and came in 5mg tablet sizes that each needed to be cut into quarters for the daily dosage of around 1mg. took the tablets every morning around 8am once a day.;positive
3153;I had a pretty bad case of pneumonia, which had culminated in a horrible hacking and convulsive cough that I could not get to go away. I was given Ceftin (I believe, can't remember the dose). I was also prescribed an inhaler and the prednisone. I had never taken a steroid of any kind before. The first couple of days were okay, though I noticed I felt constantly hungry or my stomach hurt slightly, it was actually hard to tell which it was. So, I was eating a lot of crackers and thinks that I thought would help. After the five days my skin began to break out all along the jaw line and forehead, which was not usually a problem for me. The breakout was so bad, I went to see a dermatologist who put me on a month of tetracycline, which cleared up the skin. Overall, the prednisone made me feel lousy! I hope I never ever need it for anything again.;negative
966;Two weeks out of the month I take 20 mg, every morning. I start on a Sunday a week before my menstrual cycle. Finish up the months' treatment 14 days later. ( which ends on a Saturday );positive
2138;The treatment details were pretty basic. I just took the medication in the morning at the same time of day every day. I was allowed to skip it on the weekends or less busy times if I so desired. I really don't have anything else to put for this section of the survey. I'm trying to fill up the 50 word requirement though. You shouldn't really have that requirement on this form. It seems kind of silly to be writing with nothing left to say.;positive
3029;I actually ended up with motion disorders from all the other meds, the worst one being parkinsons for over a year. I had to take parkinsons drugs. It was so scary drooling all the time and looking stone faced, no expression. I dont feel any signs of this with the seroquel.;positive
1151;I was to inject the said amount into the abdominal (below the waist, above the pelvic bone) before breakfast and lunch. The amount was changed when the medical professional I was having treat me decided to increase the dosage, and with terrible results (I was vomiting blood and could not eat or even drink water - I couldn't even stand the smell of food). I wish I had never heard of Byetta!!!!!!;negative
56;I was to take it at bedtime to help my sleep due to the pain and spasms in my lower back and upper thigh muscles. I could only take.5mg or it made me too sleepy during the day.;positive
106;I have been taking Celebrex now for over five months. I am very pleased with the drug it has helped to relieve my stiffness and pain with no bad side effects. I was concerned about taking this drug on a daily basis or extended term but my experience with no side effects has lowered my concern. I will continue to take it as I do see a difference when I don't, my knee is more stiff and difficult to walk at times. I have tried naproxen but for me celebrex works better.;positive
1918;er did ekg, ct scan, lab work and discharged me home later in the day;negative
572;Treatment was 1 pill per day for approximately 3 years (25 mg) which I am told is a quite low dose for this medication. However my weight is 100 lbs on average and small build so for me it was more than enough. It helped my hypertension come back to within normal range which I was pleased with. If I needed to go back on an antihypertensive, I would try it again;positive
2959;The treatment details were to help you gradually stop smoking but the drug orders you to not smoke whilst taking the drug to the daily limit from up to two weeks, this is an illogical instruction as you might aswell of not taken the drug.;negative
2255;These drops really helped with the symptoms but I did wish I could use it more often than just 2 times a day.;positive
2171;Didn't realize these feelings were actually side effects from my allergy medicine until I ran out of the zyrtec, and aside from the severe itching all over my body for about a week, I felt so much better. A little runny nose, but no allergy medicine is worth feeling as bad as I did for the last 5 years on zyrtec. My 7 yr old son was affected the same way;negative
2961;I took this drug to quit smoking. I am a female and was 28 years old at the time.;negative
796;I've had insomnia since I was a kid--couldn't shut the old mind down. I used Tylenol PM for years but it stopped working for me. Ambien has been great. It usually puts me to sleep within thirty minutes though I have had trouble getting to sleep after eating too much before bedtime. I have very active dreams, but always have had. If I try to fight it and stay up, I do hallucinate and have said and done things I don't remember. My sons tell me funny stories. I feel great the next day and don't feel drugged at all.;positive
596;take once per day. was told it could take up to 6 weeks to see any results. took once per day as prescribed in the mornings with water but without food.;negative
2739;I take one 35 mg tab of Actonel first thing every Wednesday morning on an empty stomach with a full glass of water, sometimes 2 glasses. I wait at least 30 minutes before I eat or drink anything. While I am supposed to wait at least 30 minutes before lying down again, I confess that on a couple of Wednesday mornings when I was especially tired, I did lay back down. Even then, however, I did not experience any heartburn.;positive
755;"This nasal spray helped me control my allergies and sinus problems for the time I was taking it, however as soon as I stopped taking it all of my symptoms came back immediately. I don't think this drug is a ""quick fix"" that you can use for a few days and then stop...I think it is something you have to take continuously to get the full benefits.";positive
2741;Actonel : 1 pill per week 30 minutes at least before any food / drink intake. Need to stay upright at least 30 minutes.;negative
1775;Citalopram 40mg to start with but too many side effects. Reduced to 20mg, less side effects, worked okay on mood..except I was swinging. Introduced Sodium Valproate, gradually increased it to 1g BD (twice day), has worked quite well up until recently where side effect profile is interferring with my life.;positive
2082;I take Medformin one tablet in the morning after breakfast and one tablet after dinner.;positive
1563;blood tests done 2 months after initial use showed dramatic drop in ldl and small particles. Its unknown what synergistic effect , if any can be attributed to Clomid for low T and levoxyl for low thyroid function, which were prescribed at the same time as the trilipix.. Both Testosterone and thyroid function were normalized simultaneously with ldl reduction. No severe side effects have been noticed from any of the drugs.;positive
3371;"One 10 mg pill, 1x per day. I also received a blood test for liver abnormality at one month, three months, and one year, after beginning treatment. I now receive a blood test for liver abnormalities every 1 1/2 to 2 years, along with the rest of my regular bloodwork at normal checkups. So far, there have been no indications of any problems. I'm also taking 200 mg per day of co q10 to replace what the Liptor diminishes. I do wish that my physician had mentioned this to me when he prescribed the Lipitor, but I actually found out about co q10 and lipitor through reading Dr Oz and Rizen's book ""You, Staying Young"". Upon asking my doctor about the co q10, he was familiar with it in relation to Lipitor usage, but never brought it up on his own. I realize that I would have continued taking Lipitor without any co q10 addition if I hadn't stumbled upon those facts by accident myself, and wish that when a physician prescribes a medication that they would also suggest any other supplements that should be taken or avoided along with the prescription. Overall, this drug has been very successful for me. As I understand it, most people have to take a much higher dose than i do to obtain similar benefits, so I'm fortunate in this area, as I don't like to take much medication.";positive
3903;I was first prescribed this medicine by my family practitioner. In order to get a refill on the medication, I had to go to a GI doctor and be scoped. My GI stated that I could be on this medicine indefinitely. Whenever I forget to take the medicine my GERD returns the next day, along with the other problems.;positive
2768;once a day I had to a tiny amount of the cream on my face after cleaning. That is all, and it worked.;positive
1467;I was on 90 mg daily, one dose of 60 mg and one dose of 30 mg. It was prescribed to me for fibromyalgia and depression, however, I did not notice much improvement on this drug but I was not on it for a real long time either so it may just take longer to notice benefit but it definitely affected my liver. My mom also has the same problem with Cymbalta and her liver enzymes.;negative
3931;Following my initial dose of the medication it would take several hours for my symptoms to subside. They did subside in the first days but would return after about 8 hours or so. After about a week of daily dosing my acid reflux did not return regularly and my stomach pains subsided as well. By the end of week 2 I was symptom free. After I stopped my course of treatment many weeks went by with no return of symptoms. Since then, I have had one flare up. I restarted my course of treatment with the same results and now have been close to a year symptom free. I am very, very happy with Nexium.;positive
603;The drug was prescribed as an anti-psychotic to ease the unrealistic thoughts I was having despite taking prozac.;negative
2312;Began at 5 mg, increased to 10mg after a few weeks. Have not been able to increase further because the side effects are so detrimental. I am weaning myself off Lexapro now and beginning Celexa again. I had a better experience on 20 mg of Celexa and it is far less expensive (because there is a generic).;negative
3208;As I mentioned above, my diagnosis was based almost exclusively on labratory tests. TSH and T4 (thyroid hormone) were found to be too high and too low, respectively. Relatively non-descript symptoms accompanied the list of complaints at the time of diagnosis. These symptoms improved somewhat after treatment. It is still to be determined if side effects will be improved on reduced dosage.;positive
116;Patient became aggiatated,delusional and psychotic and needed to be medicated for safty of patient and others.Required seclusion for decrease stimuli for mediation to take effect.Patient was medicated and given the quiet of seclusion and was monitored for saftey.At the end of seclusion time was released and placed back into the facility mileu.;positive
3857;It took some trial and error to find the right combination of drugs to treat my hypothyroid, but once we started the combo of levothyroxine and cytomel, my tests show that everything is under control. I take the one pill of each one first thing in the morning with lots of water before eating anything. I have to wait 30 minutes before I eat breakfast. The hardest part is that I have to wait 2 hours before I take any calcium pills, which means I often forget to take my calcium.;negative
2257;I am happily married with two children, ages three and five. For years I cried everyday, freaked out at the drop of a hat, yelled all the time, had no self esteem and sometimes thought I could not go on. After two weeks of taking Lexapro I am a completely different person. I have not cried once after the first week of being treated. I love myself and my kids. All the menial tasks that I felt so difficult before, I now do with a great sense of ease. My friends and family notice a huge change in me. I couldn't be happier.;positive
132;I had had herpes for years before I was prescribed Valtrex (previous treatments were Acyclovir). It was prescribed on the second day after the sores appeared and I noticed the improvement the next day - the pain was almost gone. I took two pills per day, one in the morning and one in the evening, for 7 days, after which the remission was longer than the previous ones (sometimes, the outbreaks happened as often as every two weeks), about two months. After that, I started taking 2 pills of Valtrex the day I started feeling the outbreak (a nasty, gnawing feeling in the area where the sores would appear) and if it does not prevent the outbreak entirely, it lasts much shorter, is much less painful, and each time the remissions are rather long.;positive
3459;The medicine was prescribed to me by my GP as I was in contact with pregnant women by the time and I was afraid that I will transfer the virus to them also.;positive
2304;one and a half tablts once a day of lexapro combined with100mg topamax and 300mg trlileptal for bipolar disorder and major depression and ptsd.;positive
2687;Patient was taking a low dose of Lisinopril 1 pill a day for slight high blood pressure. She took the medication on and off for 5 years. She would take it when she felt she needed it. Sometimes for about 3 months in a row and other times just 1 time a week. Sometimes she would stop taking it for a couple of months.;negative
3395;Put a very small amount on my hands, smooth over all of my fingers. Use twice a day during an active outbreak. Use a couple of times a week thereafter, as prevention. I also use lots of moisturizer and wear gloves for cleaning tasks, etc.;positive
2615;"after psychological testing, was put on Adderall XR (I have known I was ADHD and needed medication for a long time, actually). i have nothing but good things to say about it. makes me feel ""normal"" for once. i finally am in control of things. also, after going on Adderall XR, I have been able to go off my Cymbalta (neither my doctor or I have figured out why this is... but it is!)";positive
1655;Starting with the first day of menstruation as day 1, a daily dose of 150 mg is taken from day 5 to 9 of the monthly cycle. Chlomiphene citrate does first suppress estrogen in the womens body therefore the body reacts with an increased effort to build estrogen. After day 9 the increased effort to build estrogen comes effectiv in the ovaries producing more ovuls.;negative
1242;Treatment consisted of orally taking two tablets a day. I was prescribed Cetaphil lotion and lip balm to keep side effects at bay. Roaccutane was an excellent treatment. Before going on it I spent hundreds of dollars on other anti-acne treatments such as Clearasil etc and had no joy. Don't waste your money on other treatments just see your GP and ask for Roaccutane if you have an ongoing acne problem.;positive
2163;I have allergies that were getting progressively worse so I needed something to help me get through the day. I took benadryl without consulting my doctor which helped but the drowsiness was unmanageable. So my doctor told me to try zyrtec and I feel like it has helped tremendously. I only have a slight cough throughout the day but it is manageable. I wish it would take my cough away as well but I can deal with it. I take 10 mg in the morning but my doctor said to take it at night because it might cause drowsiness. It hasn't caused me drowsiness so I take it in the morning because it is easier to remember.;positive
46;2 tabs to be taken 3times daily for the duration of the treatment alongside aspirin.;negative
1103;started on normal effexor 150mg ,after taking others with no real effects.was not really happy as made me feel odd for couple of hours of taking so gp changed to modified release which found much better.Had to up the dose to 325mg before saw significant improvement but now on way down again and at 75 mg modified release once a day;positive
3835;none, your questions do not include my problem..... the lid to the lumigan is not easily opened. At this point I still can open most bottles, etc this required a nut cracker. Not to good if person has limited skills opening objects... as are most of the glaucoma patient;positive
191;I was put on the medication by my family doctor when I complained of my inability to finish projects. It was affecting every area of my life work and relationships. Initially, I was prescribed Ritalin (but it gave me major tension headaches). I was then prescribed Adderall. It seemed to work right away with minimal side effects.;positive
151;I had a cold for 6 days that would not go away. Thick green mucus from the nose and coughing up green/ grey mucus, low grade fever. My doctor prescribed Azithromycin for the sinus/ lung infection. I took 2 pills the first day and then 1 pill for the next 4 days. On the second day I felt halfway better, fever and aches gone. Mucus became more yellow than green and had a reduction of symptoms. By the 3rd day, nasal mucus was yellow and was coughing much less. By the 4th day I felt much better, nose still producing mucus and slight coughing, but no longer as much production of mucus. By day 5, I had no color to mucus and felt like lungs were pretty much clearing out, nose still a little runny.;positive
1368;In 1993, after treatment of a sinus infection, had to deal with hyperpigmentation issues. So far, as of March 2008, I'm nearing my 2nd round of hydroquinone treatment to correct it.;positive
1273;I was only on this medication for a very short time because after 3 days my doctor took me off of it.;negative
2143;Unpleasant ! By the way is it normal to pay to see the psychiatrist around 150 $ for monthly renewal and says he does not take insurance. How do other people handle this. I invite you to answer me at fionahopes to hotmail;negative
2851;"I used an asthma inhaler frequently as a child. I think it was albuterol, although it is hard to be certain. In my forties, I had a recurrence of asthma. The pharmacist and my doctor both said NOT to use the over-the-counter inhalers. I did try one, and it was MUCH more heart-poundingly stimulating than albuterol. Dangerous for someone with heart problems, but difficulty breathing would be dangerous as well. At some point, I got a generic albuterol inhaler and found it much less effective than the Ventolin brand. My doctor said that other patients had told her the same thing. I rarely need it now, maybe only once every two years. But I try to keep one with me at all times because when I need it, I really need it. I take long walks down and up a hill and if I had an attack at the bottom of the hill I would be in trouble. It is almost magic, though--one minute it takes a great exertion to breathe and I feel like I am suffocating--then I inhale Ventolin and my bronchial tubes open right up. It is a lifesaver. As a child and teenager I did not mind the slight ""rush,"" I even liked it. Part of that rush may be caused by the deep exhalation and inhalation required to properly ingest the drug.";positive
2260;I took approximately 5mg a day. I visited my doctor on monthly basis, and was in contact with her via phone during first several weeks (my doc was old school... she really cares about her patients). I was placed on this treatment as I was a single mother of two very young children, employed full time, and attending college full time. The stress wasoccasionally overwhelming and my usual source of alleviating stress (exercise) was no longer helping.;negative
3440;I am very delighted with the medecine, to the point where I feel addicted to it and don't ever want to go without it again. My skin feels much smoother, with almost no blemishes, except duting PMS times. I also feel like I look younger and healthier due to renuwed skin.;positive
2820;"300mg Wellbutrin daily. My hair started falling out after the first week. During week two, I saw my doctor and told her about this. She said it was not a known side effect. Internet research assured me the hair loss was not coincidental; others had the same reaction. I quit taking it a few days later.";negative
518;I take Requip about 1-1/2 to 2 hours before bedtime. It permits relaxation of legs so I can sleep.;positive
4135;I took Champix in March of '08 and I am still suffering from most of the side effects of this poisonous drug. I started to feel some of the bad effects (nausea, mental fog, trouble sleeping, sore eyes, constipation, gas) of Champix while taking it but I was determined to quit smoking. For the first month I felt exceptionally good and I was telling everyone how great it was but the euphoria came crashing down and I went into a deep depression. I was able to make it through the full 3 month course but when I stopped taking it is when I really got messed up. I developed Psychosis NOS, Major Depressive Disorder, suicidal, Emotional instability, aggression, rage, panic attacks, hallucination, Somatoform Disorder, Delusional Parasitosis (bug crawling sensations all over my body), Hyperacusis (sensitivity to certain frequencies of sound causing severe pain and pressure in my ears), Severe Insomnia, Memory Loss, Brain Fog, Lowered Inhibitions, Hair was constantly hurting all of the time and lost lots of it (27 year old male), Irritable Bowel Syndrome (started as extreme constipation and gas, fatigue, Severe Eye pain, unsightly puffy bags under eyes, excessive weight gain, gingivitis, prostate pain, black out and become out of control when drinking, decreased sexual pleasure and ability to maintain erections. I think that is everything!!! I went to the psych ward recently due to being suicidal and at a breaking point with my symptoms and I was treated like scum and given brain damaging neuroleptic (anti-psychotic) drugs against my will. I have made some small improvements since taking Champix but it looks like the nightmare will never truly end. If you are one of the many that gets burned by this medication be warned that the doctors will probably not be able to help you and will most likely deny that anything is even happening to you or that it is related to Champix and the side effects may be permanent. I had a similar reaction in respect to rage and disinhibition from taking Zoloft when I was younger which altered my life substantially and now Champix has put the nail in the coffin. Apparently these two drugs have a similar mechanism but Pfizer with held this information and marketed the drug in a deceiving way not mentioning any of the neuro-psychiatric and mind altering side effects of the drug when it first hit the market in order to boost sales of their poison. The medical community has know for quite some time that dopamine plays a role in mood regulation and the fact the Champix targets the pleasure centre of the brain makes them grossly negligent for not investigating this further and informing consumers. Many people including myself (I turned down a prescription of Zyban due to my experience with Zoloft) would not have taken it if we would have been informed of the risks and Pfizer knew that. SHAME ON THEM FOR RUINING MY LIFE AND MANY OTHERS INCLUDING THOSE WHOM ENDED THE MISERY BY TAKING THEIR OWN LIFE. YOU'VE BEEN WARNED;negative
3390;Treatment included 2months of heparin injections in abdomen. Coumadin was given daily after the injections were stopped, at 6mg. The discontinuation of this medication caused an extension of the clot and re-admittance to hospital and another drug for blood thinning was given. Eventually, 6 months later, a doctor prescribed a compression stocking, which helped dramatically with swelling and pain. The Syntron blood thinner had no noticeable side-effects. Except possibly a still reduced libido.;negative
2569;"I had post-partum anxiety/depression, and was misdiagnosed with Bipolar with a post-partum onset. The Klonopin was prescribed for anxiety; a long term anxiety reducer. I saw little to no benefit. I was later rediagnosed by another doctor who said I absolutely did not have Bipolar, and slowly took me off my meds (5 years ago), which I'd been taking for six years. All drugs were easy to get off slowly, with the exception of Klonopin, which was hideous. The only way to get this drug out of my system was to do a Klonopin/Librium switch...and the Librium was very easy to get off of, thank goodness!";negative
640;"I have taken this about 3 different times, for three months at a time because thats what the doctor gave me. But this past time of taking it, I remember thinking ""This is so not worth it!"" as I couched over the toilet. So I recently switched to Ortho Cyclen and and going to test this one out to see if its any better. Seasonique is not bad, perhaps it was just me with the horrible side effects, but I will probably never take this ever again.";negative
1255;"Once kidney stones were ruled out as the cause, the choices were to ""wait it out,"" or to try this medication. Directions were pretty straightforward---take the pill after a meal; don't drive if feeling dizzy or drowsy; drink plenty of water.";positive
1651;I had to take medications as prescribed, change my diet to minimize sodium intake, I had to exercise as tolerated without over exertion, then maintain body weight by watching calories, keep cholesterol and fat intake low, be more selective in what I eat.;positive
2386;"Compared to others who naturally have a functioning thyroid, it is clear to see that Synthroid is an inferior product to what the thyroid makes naturally in a healthy individual. I know that I still have minor hypothyroid symptoms even when my blood counts show that I have therapeutic levels of the medication. Additionally, generic versions of Synthroid seem to be even less effective at relieving all the symptoms, even though the blood counts could be normal. With hypothyroidism becoming a very common condition these days, one would think that new medications would be coming out, but the medical professionals seem content to stick with Synthroid because ""on paper"" it seems to be safe and effective.";positive
4032;After pregnancy my upper lip remainedmarked with dark spots - melasma. My Dermatologist prescribed Tri-Luma cream to lighten the spots and also said it would help redice the appearance of my wrinkles. I used the cream each night. The texture was thick and the smell was not appealing. A few days after use my skin started peeling where I had been using the cream. The peeling was annoying as I would constantly have to put moisturizer on to stick the skin back down. After a month of dilligent nightly usage I did not notice a lightening of my dark spots nor any reduction in my wrinkles. Perhaps with continued use my spots would have lightened but honestly, I couldn't stand walking around with skin peels hanging off my face. The Dr should have advised me about the peeling. I was very dissappointed as this prescription cream cost $100.;negative
2973;Started at 500mg with most of the symptoms, increased to 1000mg and developed constant itching and skin disorders;negative
2856;Had to go to Drs. office for a treatment and steroid pack. Requested another named inhaler. Got Pro-Air... Currently looking online to Canada to try and find the original Albuteral inhaler. With all of the factories, truck engines and exhaust, hairsprays, how much actual damage does an inhaler do, comparitively speaking???;negative
2923;I take 2-4 Trmadol daily for my arthritis pain. Always 1 before bed and one upon waking if I begibn to feel pain during the day I may take another. my blood levels are monitored every 6 months to make sure there is no liver damage from this and/or the Ibuprofen I take.;positive
3089;"I felt the medicine only slightly cleared my acne. I would say 30% clearer skin.; yet I did not want to stop taking it b/c I felt it would get worse. I also took Predisone 5 days before my menstrual cycle, as I tended to break out more, but did not see a difference.";negative
3365;The doctor perscribed the Lipitor for my high cholesterol. I questioned it because though my overall chloesterol was high, my HDL was high and my triglycerides were very low. Lipitor lowered both LDL and HDL.;negative
4028;Was to apply Tri-Luma 3x per day to upper lip region with dermal melasma. Treatment caused side effects that were very unbecoming and very uncomfortable, so I stopped application after two weeks of discomfort with no apparent results in the lightening of the melasma.;negative
3681;Started on 75 and increased to 150 after a month and felt on top of the world after two months!! I would highly recommend to any one with sever gad! I have tried many other ssris four in total and had no luck, in fact had luck initially with Paroxetine but lapsed after about three months! So this has given me my life back well and truly!!;positive
3490;I was diagnosed with mild hypertension at age 24. I began taking HTCZ at that age and am still on them. I also began taking Cozaar about 4 years ago as the HTCZ wasn't quite enough.;positive
3329;I would apply it to my skin, after washing, either at night (best time), or in the morning. I would also use a good spf to protect my skin from sun in the day;positive
1757;Topamax 50 mg was prescribed at bedtime for reduction of severe vocal tics. Medication was prescribed by a neurologist. The side effects far outweighed the benefits of this medication.;positive
1297;I have a family history of high cholesterol. And I have high cholesterol as well. In order to reduce the high cholesterol readings down to normal levels for cholesterol, my health care physician prescribed cholesterol reducing drug. We tried Zocor for a while. However, when taking Zocor at 10 mg per day, I experience significant problems with impotence. I reported this to the doctor and the doctor had not receive any feedback like this before. My prescription for high cholesterol was changed to Lipitor.;negative
2864;I am happy to complete this but dont know what you mean, I have already given the dosage. Can you email me what it is you want here?;negative
3549;came in for uti, then found out it was ballanitis, this medicine was prescribed, and took me to headaches and constipation that caused high blood pressure, that caused anxiety attacs... not recommended to take this medicine.;negative
1095;I was prescribed Effexor XR for depression. I initially began on a low dose to make sure I could tolerate it. The first day, I noticed a decrease in anxiety as it made me a bit tired. After a few days, I could tell I was thinking more clearly and did not have that 'doomed' feeling as severe. I began doing more things and getting involved which helped even more. After a couple weeks, my Dr. doubled the mg. and that is the current level I am now on. I feel very good and only have set backs when things in my life are extremely stressful.;positive
3232;I'm married, I have both a full & part time job and I'm enrolled 15 hrs in school. The ONE LESS STRESS of NOT having to worry about birth control let's me focus on what's important right now. This is my method of choice and will be until I decide I'm ready for children. Nuvaring is reliable... you can't really mess it up. The fact that I don't have to worry about a little pill everyday makes my quality of life better. I have the Nuvaring timer, which you can order from the website, that aids in reminding me that it's time, whether it be insertion or removal, and can be reset for whatever day you choose for insertion. I can see how one might forget they even have it in them. I do not feel it, my husband cannot feel it, and it has not fallen out, like several other women have claimed. I'm very pleased with this and hope that it works as well for others as it has for me.;positive
3061;I was in an MVA in 2002 in which I suffered a whiplash type injury which caused/accelerated the DDD. I was prescribed Percocette 5mg on an as needed basis for pain control. After 3 years (of constant agonizing pain)of being on the Percocette they became ineffective at relieving pain and I was referred to a PAIN CLINIC specializing in chronic pain. The doctors there decided that I had built up a tolerance/dependence on the Percocette and that it would be best to put me on a longer acting narcotic (Oxycontin 10mg,time released, supposed to provide pain relief for 12 hrs) with Percocette (Oxycodone 5mg/Acetaminophen 325 mg)for break through pain. In the beginning the medication seemed to help but over time I built up a tolerance to the Oxycodone(they became less effective) which meant I had to keep increasing the dosage to get the same amount of pain relief. For example I started out with Oxycontin 10mg/3x day and approx 3 Percocette/daily a couple of months later as my tolerance increased I had to take Oxycontin 20mg/3X day and 5-6 Percocette as the months passed by my tolerance grew and my dosage was increased. After about 8 months on the Oxycontin I started to experience all of the side effects mentioned above, not only did I notice the negative effects the drug was having on me but friends and family noticed too, and mentioned (not to me but amongst themselves) that my appearance/demeanor over the past 2 yrs had dramatically changed. A couple of months ago my Sister took me aside and asked me what was wrong to which I replied nothing why? She then explained to me how my behavior(depression, moodiness, etc.) and appearance(drastic weight loss) had been getting worse and worse and told me that she was worried. Being under the influence of these drugs for so long I felt like I was in a fog and really had no idea as to the extent of how bad it really was/ how I looked. So I stepped back and examined the last 4-5 yrs of my life while on these medications and realized that they had taken a considerable toll on me emotionally, physically, mentally. I strongly advise that before anyone decides to go this route for pain management that you have a long talk with your Physician on the pros and cons of this medication specifically the Oxycontin. If I would have known then what I know now about all the negative side effects I would never, never had started taking it. I feel that it deteriorated my body (especially my muscle mass and skin). When I started taking the medication I was 37 and felt 25 and was told I looked like I was in my late 20's, I am now 42, I feel 50 and now in an effort to spare my feelings people don't mention anything about how old I look . I wish that my Physicians would have told me about ALL of the negative effects of this medication instead of just the positive (which are few). In my opinion the negative far outweigh the positive. I'm still in constant pain but will continue to search for pain management without drugs. PLEASE USE WITH CAUTION!;negative
4009;I was placed ont this medication to help with lack of energy, inability to sleep, loss of appetite (depression symptoms). The side effects were so severe that I was only able to take the medicine for a week.;negative
1687;The severe headache that was caused by the Claritin triggered my trigeminal neuralgia (facial pain)...I wish to GOD I had never heard of this medication...too expensive, didn't work AND caused me severe pain...would like to blow up the factory!!!! Like hmm...can I pay to have some pain? geee..thanks....Stick to Benadryl...I'd rather be sleepy....;negative
4130;- product to be taken as per manufacturer and pharmacist(doctor) instructions - was effective in reducing the desire to smoke but accompanied by bouts of nausea, headaches, insomnia, mild depression,etc although these symptoms did not surface until approximately third week of use - need to be vigilante about any unusual symptoms and to report these to your doctor - product is effective at controling urge to smoke ( but as always desire to quit must be present as well) and one must weigh the side effects & possible health risks of the drug with other stop smoking measures that may have less risks and may be less expensive;negative
3163;just a simple use of 3 mg. prednisone in 1 mg. dose 3 times a day;positive
3524;Due to having depression, Prozac and the anxiety would interfere with sleeping patterns. I take Lunesta as needed to try to correct my sleeping habits. Since I was sleeping too long and having difficulty waking up, I usually only take half a tablet of Lunesta now.;positive
2825;"I took 2 100 mg of the Wellbutrin, 20mg of Ritalin and a 10 mg of a beta blocker (I can't remember the name) in the morning. Then at 3 I took the other 200 mg of the Wellbutrin; at night I took the Serzone (before it was yanked from the market) and the Trazodone. I took a drug holiday from the Ritalin over the weekend, but over the years I eventually increased the dosage to 35mg of Ritalin in the morning.";positive
1097;I was supposed to start at this dose and then go up to a higher dose after a few weeks. I completely took myself off of this drug since it was not helping me and there was no way I was going to increase my dosage. My doctor never even followed up with me after prescribing this medication...tsk, tsk!!;negative
230;Discontinued treatment due to side effects. I would consider taking again if the negative side effects were noted in literature as temporary and insignificant over the long term;negative
1411;Taken to complement daily exercise and healthy eating, phentermine produced significant weight loss. It was effective throughout the months, though it lessened over time. The heart rate issues and jitters were felt mostly during the beginning of the treatment.;positive
1938;I was prescribed this medication after being seen by a doctor for a severely infected cat bite wound on the top of my left foot (which the doctor was concerned might become a systemic infection). The foot and my entire left leg were very painful (especially upon movement), so the doctor had me take Ultram ER to help relieve the pain. I was told to take 1 tablet daily as needed. I did as instructed for two consecutive days and did not have any relief from my pain. After I reported this to my doctor, she gave me a prescription for a stronger pain reliever (which did help).;negative
1350;I was started on 10mg and retested after 10 weeks. My LDL (bad cholesterol) dropped significantly, HDL rose slightly and triglyserides dropped slightly (they were already in the normal range before). My liver enzymes were high before taking Crestor but had returned to normal when retested after 10 weeks (I don't know if Crestor had anything to do with this or not). Blood sugar levels were normal before and after taking Crestor, but slightly lower after. I am due to be tested again before the end of this year and also have a Cardio Stress Test. After a new doctor reviewed my medical history, he suggested I have a stress test even though I still haven't experienced any symptoms of heart disease. All ECG results at rest have been normal.;positive
3567;differin did not help prevent acne or get rid of current acne. it worsened the condition though it was explained that as it helped the skin exfoliate, the impurities beneath the outer skin surfaced. however, there were no improvements after three months of application.;negative
18;please dont ever take this medication im horrified by how it made me feel in such a short amout of time;negative
3238;Nuvaring is a very easy to use method of birth control. Even though the instructions advise you to take the ring out for three weeks, and have a ring week free after, my OB/GYN recommended that I leave it in for four weeks and on the day the ring should go back in just put a new one in. I only have my period every three months on this method, and have not experienced any side effects.;positive
3176;"I first had a 60-mg shot in the office; the next day I was to take three 20-mg pills (=60 mg, once a day). Then, for 5 days, I had to take two 20-mg pills; then for the last two days, I was to take one 20-mg pill each day.";positive
2224;I suffered from severe allergic reactions to almost all allergens. My nasal passages would constrict & I could not breathe through my nose. As a result, my sinuses would clog up & I would experience severe sinus headaches. Taking this medication only as needed -- when I began to first experience the severe symptoms -- has actually seemed to decrease my symptoms overall. I don't need to use the medication as often as I did when I first began taking it. In fact, my original prescription was filled 4/8/2007 for a quantity of 30 and I still have four pills left!;positive
3359;One tablet a day 20 mg then reduced to 10 after 3 months. No other health issues. I Stopped taking the drug.;negative
371;Fully removed from lamotrigine, as well as Wellbutrin and Ambien. Now I am on Seroquel. At least, I will be on it as soon as I am fully removed from the steroid treatment. I will never, ever take lamotrigine again. Today, nearly all of my steroid prescription is gone, and the rash has reappears. It itches like bloody murder!;negative
2688;I have been off this medication for 2 weeks. No more itching/swelling, ringing. I still have some fatigue, but not constantly and hope that I will continue to improve. While many people seem to take this drug without significant side effects, for some it is pure poison. Beware!;negative
2373;I started taking Propecia 4 years ago. Initially I took it daily as prescribed. Over about 12 or 13 months I noticed a significant reversal in my male pattern bauldness. Thereafter I slowly reduced the doseage and now only take 1 tablet once per week. My hair has not receded as a result.;positive
1705;I simply applied a thin layer of the cream each night as presecribed and was careful to wear a good sunscreen during the day.;positive
985;I take one 300mg Tekturna per day, in the morning, along with 10mg of Terazosin (Hytrin) and my blood pressure is wonderfully under control. My last blood pressure reading was 110/66 which is perfect!;positive
940;By day 3 on the pills I was losing touch with reality. By day 5 I was hospitalized in intensive care.;negative
3998;After extensive research, I began a complete detoxification process accompanied by acupuncture which I believe ultimately saved my life. My advice: listen to what your body is telling you, be aware and be pro-active with your treatments.;negative
2624;I started depo-provera when I was 15 years old and continued treatment for five years and then stopped treatment at the suggestion of my doctor to take a break from it. During the first ive years on depo, I had no adverse effects I maintained a constant weight of 112-1/2 pounds throughout the entire five years. I started depo again at the age of 23 and was fine and maintained a constant weight until they switched me to the generic version at the age of 27 from that point on I struggled with constant hunger rapid weight gain and struggling to keep it under control, acne is another of the side effects I experienced after the switch to generic and depression. The depression could be the result of fluxuating weight and acne or heredity. I stopped depo treatment and switched to the copper IUD in November of 2007 and since then the constant hunger has stopped, I have already lost 10 pounds without really trying and the acne is beginning to decrease. I still am receiving treatment for depression at the moment. Hopefully, this will help you in your birth control decision.;positive
3768;Not effective for me at all, wanted to reduce body hair - no change after two months. But noticed hair thinning and some hair loss on the top of my scalp, have to stop it.;negative
1974;I was first given 75 mg once a day and realized the medicine didn't last 24 hours so I started on twice daily doses and that helped. I needed a little more pain reliever and started Tramadol along with the Lyrica. I would take extra Tramadol if necessary, which provided relief at times when pain spiked.;positive
3041;The patient was referred to the psychiatrist by his cardiologist secondary to depression and increasing insomnia. The patient had been on welbutrin for years for depression and smoking cessation. The psychiatrist kept the patient on welbutrin and added xanax for anxiety and seroquel for sleep at bedtime. Slowly the family started noticing strange behavior, delusions, and almost dementia type characteristics in the patient that occured over a 4 month period and began to get more severe. The family attempted to talk about the changes with the patient but as true delusional behavior dictates, the patient was unable to see any of the changes. The forgetfulness, clumsiness, and personality changes such as irritability increased. The family attempted to contact the psychiatrist but in interim, the patient died of a cardiac arrest. Even after talking to the psychiatrist after the patient's death, the psychiatrist denied that seroquel had any affect on the situation. The family and myself as the primary caretaker believe that seroquel was directly responsible for the patient's death. We do not plan to seek legal retribution but hope that anyone that reads this will be more cautious about prescribing seroquel in someone that already has cardiac problems and to please be careful about it's possible interactions with other medications!;negative
3525;Took 2mg for the first time ever (first ever sleep med) on an empty stomach and went to bed at 9:30 Got up at 11:30 and am typing this. I feel alitte sleepy (yawns) but it obviously did zip aliviate onset insomnia.;negative
3274;I started taking 50 mg. of Zoloft for about a month while my doctor monitored me. And then he gradually increased the dosage.;positive
2545;25mg once a day, then 12.5, and now 6.5 until im off. I'm hoping that I can start a natural approach to lowering my BP, because this medicine has made cmy health worse;negative
887;Started with 20mg and gradually increased to 50mg. After a year of treatment and no improvement the drug was eventually decreased and stopped.;negative
141;Take two 1 gram tablets at first sign of cold sore, take 2 more 12 hours later. That's it... cold sore is completely gone!;positive
266;For leg pain from knee surgery. I really like this medicine. I know certain people who couldn't take this medicine. Everyone has different side effects to medicines. I will continue to take this medicine. It also gives me a lot of energy, which is good. I have to get up at 3:30am for work.;positive
1753;I started on the usual dosage of 25mg in the morning and evening, then after 2 weeks increased it to 50mg twice a day. Most people stay at this level, however, I seem to have a very high metablisim when it comes to medication, and anything I've taken for migraines always has to be increased beyond normal dosage in order to work. Therefore, my neurologist increased the dosage to 200 mg a day, and after about a year when that no longer worked, we went to 300mg a day, which I know is high for used in migraine treatment. However, I've been on almost every migraine medication there is over the years, and there is nothing else that works. I'm hoping for more breakthroughs in migraine research, before I end up at 400mg a day and forget half my vocabulary!;positive
3852;Approx. 5 weeks into course of VOLTAREN at dosage of 4/day, felt pain in right side which increased to severe pain within 1/2 hour. Admitted as Emergency into hospital(Australia). CT scan showed air in abdomen. Open surgery: small bowel resection - for lesion(wall thickened) plus perforation.;negative
3200;We are seeing some improvement with avoiding foods such as milk and egg as well as diligently taking probiotics and vitamin c.;negative
2135;Medication was prescribed while in second grade. Socially and academically it helped her quite significantly. In school she was in special classes and the medicationhas helped her get mainstreamed into regular classes. She is able to soialize a bit better along with therapy. Her level of anxiety is better making her behave a little more relaxed and controlling regular outbursts. It also helped her in her weight due to the anxiety control. Definately able to see the difference when not taking the medication. Difficult to be in school without it.;positive
3777;He was given Metronidazole, Metoclopramide for his nausea and vomiting. I would say the metronidazole may be useful for some but it caused death of my puppy. I am a healthcare professional and I know what metronidazole does.;negative
3446;On day 15 of my cycle I took the Provera 10 mg for 12 days and then stopped to promote a period. It took a couple of cycles for this to become effective, but utilizing the drug in this manner did take care of the problem of irregular bleeding in between periods.;positive
2144;Taken as directed (once a day at night) resulted in nightmarish dreams and waking hallucinations.;negative
3927;I took a pill everyday (with water) about a hour before my dinner. I did not skip any days, but used everyday, so as to prevent heartburn rather than treat it.;positive
38;"I entered a hospuital six years ago for suicidality; I wasn't sleeping, I wasn't eating (I had anorexia nervosa), and I was extremely depressed. I started taking 10mg of Zyprexa the first night I was there. I was really drowsy all the next day, but it waned over a few days (now it doesn't affect my energy level at all.) In about a week, my depression just lifted. This medicine has worked miracles for me- I've been depression-free since starting it- and I wouldn't go off it for any reason.";positive
713;I am only 15 and wanted to not have to fight acne for the rest of my teen years. I have tried multiple amounts of acne medications, but were all ineffective and I suffered more than I did on accutane. Yes, the side effects were odious, but it was nothing that I couldn't handle. The worst was probably the dry lips, in which I soon discovered that the classic Cherry Chapstick was sent from heaven (and must be applied consistantly). I got a lot of bad sunburns & rashes, and my face was constantly red and peeling. I had to get a quality moisturizer and apply throughout the day, and even that wasn't efficient. I eventually had back pains and wore out easily, red eyes, nosebleeds, and minor depression. In addition, IPLEDGE and the monthly blood tests are a hassle. But from the first week I started to clear up continually without initial breakout until now I am 100% acne free. I used to have very oily skin and hair, which now I don't have to worry about. I know results differ from each individual, but I wanted to spread the word that it can work, and I have a lot of friends that have benefited from this product also. Acne is not the end! Accutane can really boost your self confidence. I would recommend on giving it a try. It could change your life forever!;positive
2329;I have taken 10 mg a day, every day, for the last 3 years. It took a few weeks for the medicine to take effect (about 2) and the chance was gradual, but one day i woke up and noticed that I felt normal. It has been wonderful for me and I am very thankful I have access to it.;positive
3834;I have been very satisfied with the results of taking lumigan. My eye pressure was in the mid 20's and has dropped to the mid teen's. As an experiment, I stopped taking lumigan for several months and my pressure went back up over 20, so I went back on lumigan and it again dropped to the mid teen's. The preferred range of eye pressure is 10 to 20, with 15 or below considered to be optimal.;positive
2194;Initially this drug was prescribed short term for a significant life crisis. I did not use it much as such, I did not feel short term effects for daytime use. I did, however, learn that taking 1 mg prior to bed would better the quality of my sleep, stop me from waking up in the middle of the night with anxiety and allow me to sleep longer. Overall, this improvement in sleep quality allowed me to function better in the daytime thus allowing me to deal with the stressors on hand. I have reduced the dose to .5 mg nightly with the same effects and less morning drowsiness. I intend to continue to lower the dose until I am off it entirely. That said, if the sleep disorder/anxiety returns, I will not hesitate to return to using the drug. Hope this helps someone.;positive
3938;This was the last prescribed medication for out of control high blood pressure. I was first diagnosed with hypertension when I was in my 30's (with no symptoms - routine check-up) Gradually through the years, it has taken more meds. Apparently, it takes all three of these medications to work together. With all of them, my blood pressure is within normal guidelines (or very close), but without any one of them, there is an immediate rise;positive
890;"I'm not sure what you mean by ""treatment details"" but I saw a psycotherapist for several months and she prescribed the paxil and ok'd the paroxetine. I share my treatment with anyone because I think that depression is not the best descriptive word for what was troubeling me. Thanks for your work!";positive
2767;Had to apply the cream to dry, washed skin every day. It was supposed to show improvement withing a week or two, but it never helped very much at all.;negative
1744;"I statrted on 50mg, than a week later went upto 100mg. I stayed on 100mg for about a year. It wasn't until a year later that I went up to 200mg and have been on this dose for over 2 years. I experience no side effects. My mind feels quiter and I feel freeer than I ever had in my life. I am not on any other medication nor am I seeking ""talk"" therapy for my OCD. The Topamax has been able to keep it at a tolerable level. I also must note that in the way past I was on Prozax, Paxil, Celexa, Luvox, Valium, Xanax, Clozapam...all with little or no success.";positive
2317;I took the pills for around two years then heard on the news that many anti-depressants were no more effective than placebo. I decided to stop taking them, I weaned myself off over a few weeks. After this time I was a new person, the world felt real again, I was no longer plodding through life in a daze, I was so much happier, the things I used to enjoy I started to enjoy again. I am extremely angry that I cannot get back those years that I was taking various anti-depressants that turned me into a zombie who did not care about anything or anyone. I understand everyone is different and these may work for some people, but for me these drugs ruined my life, if you are taking them you could be missing out on so much, please consider whether they are doing more harm than good!;negative
3783;After suffering numerous bladder infections, it was determined that I needed longterm antibiotic treatment to get the problem under control. Six months of Keflex. Because this was 25 years ago I am not sure of the dosage.;negative
3930;THe patient had been treated with Prilosec for reflux. While being evaluated for chronic insomnia, a 24 hour study was done to constantly measure the pH of her stomach/esophagus junction. The study found, while using Prilosec, her stomach acid was 10 times what was considered normal. She began using Nexium and repeated the 24 hour acid study about 6 months later. Using Nexium, the stomach acid pH was normal. The patient takes Nexium once a day, in the morning one hour prior to eating.;positive
4119;started with smaller doses and titrated up over time. It made the nicotine completely ineffective. the desire went down after several days. I don't really have much else to say.;negative
2974;i started at a very low dose, to be worked up gradually. treatment ended before this could happen.;negative
2353;Took one pill orally in 1mg form, generic - daily for 6 months. (Am still taking....) At the 6 month mark I've certainly not lost more, the hair looks thicker, and longer. I do need to admit that I'm also using Nisim shampoo. Which has a clinical study reported to be successful. While it only has one ingredient which is thought to regrow hair, Saw palmetto , it's clinical trial after 5 months saw over 80 percent of men regrow hair. It's a stimulant that appears to work, while the shampoo appears to thicken hair. I think it is working in conjunction with propecia to restore my hair.;positive
1828;1 pill everyday at the same time. Even if in the first months you see that your acne is getting worse, dont stop taking it till the forth month.you will se the difference.;positive
3455;no treatment was given except cold anf flu medication, just waited out the symptoms and side effects;negative
3385;"I was prescribed Baclofen with a number of other drugs to treat muscle and joint pain and stiffness due to fibromyalgia. When I first began taking the medication, I slept ALL the time--as much as 22 hours a day. I literally could not stay awake. This may have been due not only to the drug's sedating affect, but to the vast sleep deficit of that years of pain and insomnia had produced. As time went on, I slept less, and was less dependent on the Baclofen as a ""maintenance"" medication--I began to ""save"" it to take in slightly more concentrated doses when a severe muscle spasm or strain, or a ""flare"" occurs, which happens frequently in fibromyalgia patients. I have noticed that the drug is less effective than it used to be, requiring higher doses to treat the same level of stiffness or cramping.";positive
2947;I had to take 150mg daily for the 1st 5 days, then twice daily. The tablets made me feel very anxious and depressed from day 6 onwards. I experienced a full blown anxiety attack on day 10, with racing thoughts that I could not control, suicidal thoughts, and a feeling that I was about to lose my mind. I had the presence of mind to realise that I was experiencing a reaction to the drug, but had to call a friend to spend the evening with me as I was experiencing a strong urge to kill myself. I discontinued the tablets, and the symptoms went away immediately;negative
3862;Treatment of hypothyroidism is simple: one pill per day provides the thyroid hormones lacking. Furthermore, brand-name drugs are inexpensive, even when paid for out of pocket.;positive
1166;Given for the treatment in cyclic vomiting syndrome. I recieved this drug on to different episodes and it had the same effect on me both times. Severe halluciantions and nightmares.;negative
192;Took 20mg 3x a day. Immediate release worked better than the extended version because I had more control of the med to taper it to my needs/schedule during the day.;positive
734;I washed my face twice a day with gentle cleanser and applied the hydroquinone 4% twice daily. I also used a Retin A cream once a day that caused some irritation and redness, but when used alone, I didn't have this effect from the hydroquinone alone.;positive
3972;After using lisinopril and hydrochlorathiazide for many years and not seeing blood pressure lower quite enough ,I pushed to see what else would help to relax blood vessels to lower blood pressure.Fianlly camup with Zorvasc.Treatment was a sucess within days.;positive
4101;I quit taking this med after about a week and i am now still smoking.;negative
4084;"I had fallen at home and I have 2 broken arms that are both broken at the shoulder. I have a lot of swelling in both upper arms, and that makes healing very difficult. I have been taking Movic now for about a month. I have already found that the swelling has been deminishing and I have been starting to use my arms more. By the way, I broke my arms this last March, and I might be able to return to work by this November. I am so happy that my Ortho doctor prescribed this medication for me. I know what it did for me, and I hope it works for you too!! My final word is "" thank God something that really seems to work "" Thank You Doctor Beretta !!!!!";positive
3199;The antibiotic significantly diminishes the immune system, allowing severe sensitivity to take over body and consumes productivity of your overall life. After four months, I still flare up from simple triggers and makes life pretty much stagnant.;negative
1397;stick the patch on designated areas for one week, three weeks as one cycle and you skip the fourth week for your monthly menstrual cycle.;positive
625;Initially given Nortriptyline for depression. It helped and after months of therapy the decision was made to discontinue. I noticed an increase in low back pain that I had in the sacral area associated with endometriosis and all over body aches associated with fibromyalgia. I read that Nortriptyline at that time was being experimentally used for neurological pain so I asked to go back on to see if it helped and it did. ALthough I eventually had to have a hysterectomy due to the severity of the endometriosis I still had/have to deal with chronic pain of fibromyalgia. I cannot tolerate the pain without the Nortriptyline 50mg at bedtime. I would highly recommend a trial of this if you have any chronic pain issues at all. Although other pain meds may have to be taken occasionally due to severity changes the Nortriptyline for me really cuts that down.;positive
4022;i only had to start taking 1 tablet a day, and after a little over a week, i could definitely tell a difference.;positive
3883;I am only taking ativan & getting psychological therapy & trying to get out of the legal mess the drugs seroquel & abilify caused me. It definitely made my life now & in the future much, much worse.;negative
320;Very simple, just take drug at night before bed. Doctor prescribed for no more thatn 3 nights per week, but as sleep deprivation increased, so did the taking of the Ativan. Sublingual helped better than pill. Took drug up to 5 nights per week. Ran out of Ativan at some point and realized after a 3-4 days that was sleeping better and felt better mentally, emotionally and physically. Realized that the drug had severely affected his personality and motivation. sex drive and pleasure increased with each week off the Ativan. Swore to never use it again because the difference in how he felt was like night and day, once he got off the pills.;negative
2357;I take Propecia once per day to stop hair loss at the crown. I've been on it for 3 months and have noticed much less hair falling out.;positive
3043;I am a 49 1/2 single women who prior to taking an antipsychotic criminal record was clear except for a rare speeding ticket. I also am a professional. I now have a record for criminal retail theft that was reduced to a misdemeanor. I tried abilify next, almost a year later & had the same side effect-memory loss & retail theft. All my life I have been a law abiding citizen with no criminal record until I tried 2 different antipsychotic medications & both caused me memory loss & had a effect on my reasoning. Yes, abilify made my feel real good, but it caused me to enter into a type 2 bipolar manic phase. I am now charged again with retail theft. I feel stongly that the antipsychotics cause these severe memory loss & lack of judgment for actions being commited. I am now 50 years old & can't get a job due to my criminal record.;negative
3672;It did not work I gained 23 pounds in three months! I tried taking in am and pm and neither worked out. I gained a lot of weight and experienced insomnia and early am waking.;negative
3049;"I took 200 mg of seroqeul in the morning and before bed; 1000 mg of depakote morning, afternoon, and night, and 10mg risperdol morning, afternoon, and night. Most of the side effects are probably becuase I should never have been taking that many medications at once and the ammount of them, but that is how they were prescribed to me.";negative
2547;Daily intake of 1mg tab. Viral load check every 3 months together with ALT, AST and complete blood count.;positive
1000;ongoing medication, helps get circulating T3 into my system, boosts metabolism and energy, makes me fee normal.;positive
3486;To be taken 3 times a day, but I only took as & when necessary.;positive
3009;After beginning treatment, I saw improvement within 2 days, and the urinary tract infection cleared up within 3-4 days. I continued for another couple days to make sure it was gone for good.;positive
1643;I take sumatriptan at the onset of a migraine. It works best if I am just beginning to notice the pain over my eye.;positive
492;3 months, 1 capsule of 10 mg. per day. After 3 mo., back in to see my Doctor for another check-up. Continuing on Meridia for another 3 months for achievement of goal. According to my Doctor, I can use it as a maintenance. I honestly have no side effects. I just wish it wasn't so expensive.;positive
4052;Was given the Amoxil without a blood test by not my usual doctor. After seeing my usual doctor he ordered a blood test, which found Glandular Fever was positive, and ordered me off the drugs. I had already, however taken the lot under the direction of first doctor.;negative
2552;already described above. I do not believe in pharmacuticals for neurological disorders. Supplements can provide benefits, but the process is long and expensive. There is not standard cure for any central nervous condition. It takes time and reading and research, and taking a pill is only a short term solution. I had allergies and my homeopathic doctor cleared my pathways that were not getting nutrients to my brain. I am now dieting and staying away from gluten and lactose and processed food. I'm doing detoxing and find with all the natural changes I have increased energy and do not have to depend on drugs. Who know what the side effects are? I could have aged my liver.;negative
2942;he Doctor told me to take he medication at bed time each evening. she also suggested that I might find it useful to sleep with a contour pillow between my thighs. She said to get up and walk around rather than lie in bed tossing if I could not sleep. As for the weight gain, it was recommended that I try to excercise more and reduce caloric intake.;negative
3754;spironolactone is a water pill that has the side effect of clearer skin. the spironolactone only is effective on the large cycst types of acne. If not taken daily there will be some cycsts that will form the week before you cycle. The small acne is taken care of with a retinol A cream.;positive
3892;After I had the reaction to amoxicillin, I discontinued use immediately. I took 2 rounds of Benefryl and the rash cleared up. The doctor then prescribed a much stronger antibiotic, as my tooth pain was worsening - Cipro.;negative
3868;I began replacement with 250mcg each day. I rather quickly had difficulty with rapid heart rate, dry hair and skin, emotionalness that wasn't true to me. It took several months of monitoring blood levels of thyroid hormone, monitoring syptoms and adjusting doses to find a right dose for me. I've been stable on my current dose for 3 years.;positive
23;I can take up to .5 mg / day as needed. I usually take .25 mg to .5 mg / day.;positive
3846;I was perscribed 75mgs X 2 per day. I take double that amount and still have very little relief.;negative
2799;I had some mood problems, like being sad most of the time, no will to do anything, and most of it crying without a reason, like waking in the middle of the night and start crying. I only enjoyed very depressing movies where I could cry my eyes out.;positive
908;For depression take 20mg once a day. Will now come off and try another. Didn't work for me.;negative
2866;I started taking Spironolactone for hormonal acne about two months ago along with tazorac and a sulfur face wash. My acne remains the same with only a small change. I still have cysts but but not as many (reduced by 30%).;negative
3030;I was prescribed with Seroquel after I was released from hospital after a period of deep depression to help me to sleep better and stop me from becoming hypomanic.;negative
3350;I had High cholesterol and was considered to be at risk for heart attack. This drug was supposed to lower my cholesterol level which would reduce any heart plaque that might be building up in my arteries. I lowered my cholesterol somewhat but ultimately my diet did much more to change my counts.;negative
1544;I started with 4 tabs and increased to 6 as the all over body pain increased and then they were going to put me on prednisone. I opted to turn to homeopathic treatment and weaned off the methotrexate. The all over body pain went completely away but the psoriasis was exacerbated. I'd rather have that than not be able to walk or move.;negative
470;First two times had the IV steriod for an hour or so. Last two times took benadryl before. Recieved Remicade IV for 2hrs. Always slept after. Nurse would check on me during treatment everything was normal.;negative
2382;take tablet once daily in am on an empty stomach avoiding calcium for two hours. have thyroid function tests at least once a year.;positive
181;I take 3 Adderall per day. 1 1/2 pill in the morning, and 1 1/2 in the the afternoon. Each pill is 15 mg. I break one in half to divide between morning and afternoon. I see my doctor once every 3 months to discuss how it's working. I started out on 5mg, 2x/day, but I developed a tolerance to it over time and went from 5 mg/2x day, to 10mg/2x day to 15mg 2x/day to 15mg 3/day.;positive
3087;During my teens, I took minocycline several times a day for many years. I was also using various topical medications, and at some point, also took different antibiotics such as Bactrim. Nothing really worked. I was also trying suppliments, teas, meditation, changes to my diet and exercise routine in order to try to get rid of my acne. Eventually I wound up using Accutane which also did not work for me.;negative
1625;I chose to discontinue the HRT completely after I developed a painful mastitis in my lt breast, and 6months later a mamogram showed a suspicious spot that was removed and biopsied. It was benign. Since stopping the Premarin and switching to a natural progesterone cream that I use vaginally I no longer have painful fibrocystic breasts and the hypoglycemia and hypothyroid have been healed thru prayer.;negative
4083;The treatment was Mobic 15mg daily started 3 years ago after the shoulder injury. At that time I also attended Physical Therapy and was discharged from PT after 3-4 months of therapy.;positive
1263;The neurologist who first diagnosed the MS prescribed Provigil in 2001. At first I took only 100 milligrams per day, but have gradually increased the dose in order to get the same effect I got initially. I've asked my doctors several times if the drug is addictive, and they say it is not supposed to be.;positive
1738;i was to take one pill daily for the maintence of migraine headaches. i never could progress to the higher does to see if it helped b/c the side effects on the low dose was terrible;negative
2672;'Heart failure' probably due to muscle wastage, as concurrentl seen in external muscles, as a result of malabsorption leading to gross malnutrition. Change successfully effected with food intolerance testing and susequent dietary reform.;negative
599;Prescribed by my psychiatrist to use in various doses over several years of use to use for anxiety and panic, and in conjunction with Klonopin as an effective measure to reduce a mixed/manic episode of bipolar disorder in an acute situation, and also at a low-level dose every day to reduce the chance of episodes from occuring. Good tool in anger management as well.;positive
2254;This may be a marketing oportunity for you as re-growth is often more of a problem than treating the original wart.;positive
3511;Was prescribed this drug in a 5% solution by my dermatologist when suffering from Alopecia Androgenetica. He advised to apply a 1 ml dose twice daily.;positive
1797;My psychiatrist put me on a low dose in October 2009 (20mg) which increased to 40 mg in two months. I am now currently taking 50 mg and it is working great.;positive
15;The first dayI started taking the medication 500mg 12 hrs apart. Then my stomach was hurting and I had diarrhea. I decreased the dosage (on my own, which I would not advise others to do) because I have a history of pseudo-membranous colitis, and I need to be cautious of antibiotics. However, I needed the med for the kidney infection. On days 2-5 I took 250mg 3 times a day (eight hrs apart). This reduction in dosage relieved the stomach pain and the diarrhea. After the third day of antibiotics, I noticed a decrease in back pain so I knew the medication was working.;positive
919;I was subscribed this to help get me through my separation from my spouse. While taking it, everything I ate upset my stomach. It was hell when the time came to stop taking it. It's very addictive and I felt nauseous, dizzy and just plain horrible when I first tried to stop taking it. I went back on it and started taking St. John's Wart with it. This helped immensely when it came time to try to quit the drug again. After a few weeks of taking the herb, I slowly started reducing the amount of Paxil I was taking by breaking up the tabs and taking less and less of it each day. I finally got off it and will never, ever take it again. It was a nightmare.;negative
3826;In association with a glycolic peel (60%) once each 15 days I had Glyquin XM every night for, at least, 3 months. I used Photoderm MAX tint cream FSP 100 during the day.;negative
4137;I couldn't even keep my head up at work because I was so drowsy. I would have to go lay down in the break room. It got so bad I had to quit taking it. But I decided since it had been 2 weeks smoke free I wouldn't start again just because I couldn't handle the pills. My husband and I have been smoke free for 1 year 2 months!;positive
1541;I took 1 every night for 3 weeks then every second night for 2 weeks then one twice a week;positive
2350;I have to take 1mg/day to stop hair loss. I did not notice results until recently after having taken it for 6 months and I am hoping to notice even more once I have been on it for a year.;positive
391;Took medication daily along with BP med, monitored BP at home. Occasionally have puffy ankles but not as often.;positive
3017;I will never take this TOXIC excuse for a medicine again in my life and i will tell everyone i know to demand another option. This stuff is pure poison. Went to the doctor today said i was having adverse reactions and sent me home with a new perscription although seemed to not fully believe my symptoms were real which I can assure u all they were and ARE! I am afraid of long term effects and this was only after ONE 500 mg dose! This is truly terrifying stuff;negative
681;This drug is highly teratogenic ,females must take contraceptive tablets,so I did. I didn't experience any serve side effects.It helped but the cost of therapy is horrible I resigned when I was told some of patient commited suicide maybe becouse of that drug.;positive
2890;Relieved my symptoms of Interstitial Cystitis significantly after 1 year or so on the drug. Even within 3 months it greatly reduced the pain associated with the disease and decreased the number of times I had to use the bathroom from 40 per day to <20 per day. With continued use, I believe it helped reduce inflammation/mast cell production in my bladder, and along with dietary changes and treatment for infections to my bladder wall lining caused by Lyme disease related organisms, Elmiron allowed my bladder to heal to some degree, reducing my symptoms further and my incidence of urinating to <10 times per day on average.;positive
403;Had very dry itching eyes. Difficult to determine if part was allergies. Was referred to retinal specialist by my eye physician because of severely decreased vision. Specialist prescribed the restasis and some different eye drops. Returned in about 6 weeks with distinctly better vision but continued burning and itchy eyes. Am to continue treatment and return in another six weeks. Have noticed a reduction in itchiness since last visit and a small improvement in distance vision.;positive
2936;As soon as the prickly heat starts I had to take 6 tablets daily for a maximun of 10 days I have never had to take the tablets for more than 3 consecutive days;positive
3574;I apply Differin gel once per day to treat facial acne. I have noticed a considerable reduction in acne breakouts.;positive
4116;I followed the recommended drug regime, until I reached a dose of 1 mg a day. I did not feel the need to increase dosage beyond that, as I stopped smoking, and was having side effects of nausea, stomach cramps, kidney pain, as well as mood changes, which I had anticipated, and thought were normal.;negative
1182;basically you need to see a psychiatrist as often as your condition requires. i also recommend concurrent visits with some type of therapist or counselor, as this will increase the benefits you receive by taking the medication.;positive
1152;Before breakfast and dinner inject 10 mcg subcutaneous. I incidently also follow a strict low carbohydrate diet to achieve those HbA1C numbers and the weight loss. It is difficult to exactly know which of these gave the greatest effect, but I believe they were synergistic.;positive
2180;treatment was prescribed as maintainance med for ulcerative colitis. allergies to common maintainance meds prevented use of any 5asa type meds.;positive
3719;I was seeing a therapist and psychiatrist for over a year and had tried 4-5 medications for depression, some worked temporarily, some not at all. Both therapists thought my symptoms indicated Bipolar II and I should try a different approach. I stared on a very low dose, as indicated, so the benefits took a while to notice. When I reached 150 mg, thought it was too much so dropped back down to 100mg and have been on this dose for about 18 months. i have a med check 3-4 times a year.;positive
301;"just like with any iud you wait for your menstrual cycle to start and have the device inserted then. this was three months after my children were born. approximately one month later i started noticing that my skin was starting to break out really bad, especially on my mid face down, neck, chest and back. i was getting very large cysts which i never had even as a kid. normal zits every now and then but never ones that would leave a scar. when treatments and products wouldn't help i called my obgyn and they told me that was ""a common side effect, sorry."" well over the course of the next few months i stopped getting a period but would know when my period should've been here because my mood swings were out of control. i would get so angry over nothing. and the next day i would get some cramping. i started keeping track of this and realized that these episodes were happening about every four weeks or so. i also have never felt so bloated and swollen in my life. i sometimes wake up and my fingers don't have any lines on the knuckles. exercise helps this, but i still can't seem to lose those ""last 10"" pounds. i've spoken to other women who have similiar if not worse effects than me. but the consensus is always that something negative happened after they got it.";negative
2652;Patient takes treatment one tablet bu mouth twice daily. Instructed to take with food. Warned to not take prescribes drugs containing aspirin, ibuprofent or naproxen without physicians cosent.;positive
3105;I was to take this birthcontrol pill daily to aid in the hormonal fluctuations that possibly were contributing to my acne.;negative
2881;Daily application caused some irritation, so started to use is twice as week. Not sure if this is why I have seen little improvement.;negative
3786;within 48 hr I experience extreme abdominal pain. I developed C.Difficile and was in agony. It wiped out all the good bacteria in my system and I also developed drug induced pneumonia. Subsequently I was given other antibiotics to combat the pneumonia and I became so dilirious that I almost died. ps Also, I am allergic to PCN.--anaphylactic shock.;negative
2450;i think this med sould be for very severe bipolar and depression combonation or i probably should of took the bear minimum dose it mite of worked but not for me;negative
3523;The treatment involved taking one pill in the evening right before bed. Lunesta works relatively fast, so you do not want to take it unless you are going right to bed because you become drowsy within 10 minutes.;positive
343;"Used as a migraine prophylactic, my Dr. simply increased my dosage over time from what I believe was 300mg. per day up to 2400 over approximately two months. I was to take the medicine throughout the day but I sometimes opted to take a bulk of the total dose at night before bed--the fatigue it produced in me did assist my sleep. Unfortunately no matter when I took it my sleep was also assisted while in my car or at my desk at work! This decreased over time but was still in certain circumstances a danger. I will say however, it did decrease my migraines--the greater my neurontin dose the less my migraines. But I opted to take my migraines over falling asleep driving, possibly killing others or myself. Unfortunately my physician did not take this side effect seriously the many times I told her; after three years of this she continued to insist this side effect would subside. It did lessen but NEVER subsided to a safe level. She's no longer my physician and I now take Lamictal.";negative
1115;I started on effexor after a serious suicide attempt following chronic sleep deprevation. The trazadone was quickly added. I effectively slept and within several weeks of taking both medications (taking the effexor and trazadone at bedtime) found my depression relieved.;positive
2798;I have had post-partum depression severely with each of my children.(I have 3.) In addition to the Bi-Polar disorder I have lived with most of my life. The post-partum is very scary.I knew before my 3rd child was born what I would be in for,so I was ready this time and armed with Wellbutrin.It is definitely not a cure-all, more like a bandaid,but the bandaid helped get us through the last 8 months,while being more able to work on the root of the problems through counseling.;positive
3735;Started out on 25mg/day and slowly worked my way up to 200/mg 2x's a day. Saw a therapist once a week for about 8 weeks, then switched down to once every other week for a month. Now my family Dr. is handling my prescription. I am lucky about that because I was told that some Dr's do not feel comfortable handling bipolar drugs.;positive
3045;started at around 300mg and went up to 900mg but that was too much. Then moved to 600mg and doing fine.. I think a person needs to find the minum dose that works to avoid side effects. I am told that many people need high doses in the 600 to 800mg range to get results..;positive
3207;I take the medication first thing in the morning about 30 minutes to an hour before I eat breakfast.;positive
1935;I took a dosage of 1000 mg on e day oje and took a dose of 5oomg on days 2,3,4 and 5;positive
1372;The treatment details using the combination of Biaxin and Flagyl together was to assist in the eradication of the cell wall deficient bacteria called Borrelia Burgdorferi. The Flagyl was prescribed to be taken in a five hundred milligram dose twice a day with food as was the same for Biaxin.;positive
2654;After realizing that I was more than just a little upset about my condition, I began to ask questions about the depression. My pharmacist and I decided I should discontinue and contact my doctor.;negative
2702;Metrolotion applied daily, and cortisone cream applied as needed, keep my perioral dermatitis (which is exacerbated by sun, wind, chlorine, and many facial products like sunscreen) undercontrol.;positive
242;The wellbutrin helped me regain control of my appetite and as a result i took back control of my happiness and wellbeing.;positive
3533;I read carefully over the booklet and the website, thinking that maybe i was doing something wrong. I took the lunesta along the zanaflex hoping for a better result and, none!! Took it at 11pm and 3:44am, im still going strong-not even a yawn! I was formally on ambian, which would take over an hour to kick in, but my sleep time was averaging about two hours.;negative
2982;I found myself staring at the wall more than anything else. I felt totally drugged. My personality changed from somewhat lively to something very dull. It was as if the medication numbed my senses. I discontinued Strattera after one month. I couldn't tolerate the depression anymore.;negative
2870;I've had mild cystic acne as long as I can remember. The only time I didn't was when I was on BC pills. Over the course of 7 years, I've taken doxycyline, minocin and Doryx, all which initially helped somewhat. From the beginning, I tried to get my dermatologists to address the hormonal angle. Seven years later, someone finally listened. A couple months ago I started on 75 mg once a day and have had no breakouts since. Not sure how long she'll keep me on this regimen.;positive
1475;Given for depression as a sample. began with 30 mg but due to the side effects the dr. decreased it to half a capsule sprinkled on food. was still too strong. didn't feel as good as far as my moods/depression go, and still felt the jitters. Didn't feel as drowsy. I suspect that I could tolerate this medication after the side effects subsided or decreased after a few weeks, but because I work I couldn't wait...I would have been jittery and yet like a zombie for work and that was not an option;negative
773;I would never take Naproxen again without having a LONG discussion with both a doctor and pharmacist.;negative
1928;I was told by my doctor to take the medication once a day for about 5 days. The best results came within 2 days, and seemed to plateau after that. I requested another prescription so I ended up taking it for about 2 weeks, but I seemed to see little improvement during the 2nd prescription. It was probably because the bacteria was kept under control, but my body was taking time to heal.;positive
1886;"the treatment benefits were good because i had mrsa and was hospitalized,then on pills and intravenous drips at the hospital outpatient for 6 days following release from hospital stay,then 2 more weeks on an oral antibiotic after finishing the infusions..that was a wide assortment of meds..mrsa was gone.about a month and a half later,i got mrsa again.but not as severe,but did catch it as it started to feel like a pimple,not a boil..(dont know how i keep getting it.noone in family has/had it.),and was put on doxycycline(reference above) for 10 days,2 x a day,at 100 mg.and followed the directions.i also used on occassion,an antibiotic shower wash,and 100 % pimple cream for the outside..i had 2 boils that quickly faded,and skin healed better,and seemed like it was wiped out.they were about the size of a small dime when started meds this time.by day 3,i felt a lot better,no longer severely itchy where the boils were(common symptom with mrsa),by day 10,they were the size of a grain of sand/rice..it seemed to be gone.now it is 2 weeks later.2 new boils on the same spot an old was ""supposedly healed"" and 1 new spot...so now on doxycycline again for 30 days and following up with physicians...this all started with what was thought a boil.1 boil on my junk,that had to be lanced.i recommend anyone going into a hopspital for a procedure,to be cut,opened,be put on a good antibiotic 1 week before having it done,and then be put on it afterwards for 2 weeks as well..thats my opinion,but maybe it'd help curb the spread.though they deemed mine being community aquired,i tend to doubt it.";positive
1204;I really wasn't comfortable with taking Prozac in the first place - I had a crappy HMO doctor who thought giving me a pill would solve my problem. I really just needed a change in my life (job, living in DC) to reverse my depression. In other words, I think my depression was situational, not a chemical imbalance. I know that these do work for many people, but I think it's imperative that a person know WHY they are depressed before they hit the pharmacy.;negative
360;After a rectocele prolapse operation in June 2009, i suffered groin damage from the position I'd been laid in for surgery. The genitofemoral nerve was stitched into and i was left suffering from a combination of abdominal pain like appendicitis, and sharp pain when moving my right leg. Eleven months later, and i was still breathless with pain, and could not walk without twisting my body to guard it. i was offered gabapentin, but was swollen within 24 hours, and only managed to move my bowels three times in eight weeks - not good when the reason all this stated was a rectocele caused by megacolon. When i withdrew i became suicidal, absolutely despairing, for three weeks. Two months on, my weight gain has not come down, and the palpitations are if anything worse. Not my sort of drug.;negative
3897;My doctor prescribed Amoxicillin 500 mg. I had to take this three times a day for seven days. I had to take it with paracetamol which reduces fever. I took each the Amoxicillin and paracetamol together with a meal. I took them in the morning for breakfast. I took the next one at noontime during lunch. And I took the third one in the evening at dinner.;positive
2103;apply small amount to affected area once daily. apply in circular motion until fully absorbed;positive
1299;I told the doctor of the problems, and he immediately changed me over to atorvastatin, 20mg, and the pains have disappeared.;negative
1732;Started at 25mg 2x a day for several days and started titrating up by adding 25mg to the evening dose every 3-4 days, depending on how I felt. Got up to 100 mg. a day for the first year. After moving and talking to my new doctor, she suggested increasing the dose to see if I could have less migraines than the 10-12 I was having so I titrated up to 200mg a day and my migraines went down to 8 a month.;positive
316;The medicine was prescribed upon hospital discharge. Dosage was decreased every two days over six day period.;positive
377;My doctor put me on this and told me im bipolar. However I feel more bipolar with it. I did well on cymbalta but it raised my blood pressure. Lamactil has made me very agressive and angry! I cry all the time and my doctor told me he wanted to up the lamactil, and I said, but dr. I didnt feel this way before. And he uped it anyway. I am not taking the new dosage bc I have a child who is possible schizophrenia but is too young for the diagnosis and two angry people is not a good mix. Also I have taken vyvanse for over a year and its a stimulant as well in the past ritalin and adipex for weight loss, never have I experienced anger like tjis!;negative
1198;I've had depression and pain for some time. They have both caused serious problems in my life. I found myself isolated and sleeping far too much. I did some research and found that lack of seritonin could cause an increse sensitivity to pain so I was hoping that my pain would subside with this treatment. So far, I can't tell the difference. My doctor seems to be concerned about taking the vicodin but I'm more concerned about the long term effects of the prozac. Only time will tell.;positive
3278;My depression is due to a chemical imbalance. I have been taking some form of SSRI for 20 years and I'm pretty certain I will always have to.;positive
2807;I am not certain what I should describe here. The treatment details were that I was prescribed a medication after having asked for it due to its advertised benefits and I never have been so disappointed in a medicine until this one. I am not certain if other people have had similar experiences or not, but it wasn't pleasant.;negative
1961;Lyrica is a good drug for pain in my hand/arm after an accident. If I dont take this drug my symptoms will only get worse. Complex Regional Pain Syndrome has changed my life, for I cant work anymore.;positive
897;Treatment was easy to administer, being only once a day, and could be altered easily (am or pm). There were no cardiovascular side effects, no dizziness, blurred vision, or nausea associated with treatment with 10 mg. paroxetine. The mild side effects such as reduced craving for carbohydrates and feeling full earlier during a meal were not considered problematic. The patient's clinical signs of depression, which were insomnia, and reduced enjoyment of former hobbies were reversed within a short period of time (2-3 weeks).;positive
2919;I had an ankle accident at a job. I had this injury for a long time.There isn't much that can be done for it. So I will be on pain medication for the rest of my life. I had taken Darvacet for about 6 years before it lost its effectiveness. Tramadol was only the second pain medication I had ever tried. My doctor thought it would help me. I had never heard about it before. I never once thought I would have such a bad reaction to it. After taking almost 8 Darvacet a day I was ready to try anything else. I just wish for people to be very careful with Tramadol I don't want anyone else going through what I did.;negative
3733;I was started at 300 mg and then reduced myself to 200 mg after six months. I took it at 200 mg for almost a year and a half. For the past four months I have been gradually tapering off this medication with great difficulty.;negative
2698;I was prescribed it after a bladder infection, which was cleared up, lead to a pressure feeling in my bladder. I take the medicine once a day. I guess the medicine is slow releasing but once in a while I felt like I should take a dose earlier than prescribed. I am also scheduled for physical therapy on the muscles of my bladder wall, but have not started them yet. I did this kind of therapy 10 years ago when my bladder had this same pressure feeling and the therapy did help--I'm looking forward to starting it and hopefully getting off the medication.;positive
2908;Was taking Tramadol for assistance with pain caused by the herniated disk. Was also having physiotherapy and anti-inflamatories Mobic.;negative
2424;Initially I was being treated for high blood pressure and put on topral but they did a TSH test and realized that something was wrong with my thyroid. I was originally started off on a very low dosage ( 12.5 mcg/daily) and had to keep going back for blood work every month. Slowly they increased it until they did another test and found out that it was Hashimoto's thyroiditis. At that point, they increased the dosage to 75 mcg/daily and so far it has worked out but I do have to keep having the TSH levels checked.;positive
1300;"For monetary reasons everyone in my surgery was prescribed Simvastatin. I had been taking Atoravastatin for years with no ill-effects. From May till September I was taking Simvastatin. Returning from a holiday (ruined by the dreadful side -effects of Simvastatin), I saw my doctor. After three sentences of explanation she stopped me in my tracks by saying, *Mrs ---. You are really ill! Right, you are off all statins for a month. Your cholesterol level is excellent so you have no need to worry on that score. As from then you will be back on your old Atoravastin tablets, the lowest strength, as usual."" I followed this advice and, a year later, feel GREAT!";negative
2591;Patient suffered acne for over 15 years and had been treated with various oral and topical medications. Oral medications included most typical antibiotics and Accutane. Results were less than ideal. D;positive
1249;I wanted to stop hot flashes without going on HRT medication. My doctor recommended trying Clonidine;negative
2994;HAD SURGERY TO REMOVE ABCESS AND PART OF COLON AND NOW TAKE TABLETS DAILY AND AM REVIEWED ANNUALLY BY COLONOSCOPY;positive
1431;My blood pressre dopped. I lost 103 lbs to date. I had increesed energy and had a better since of who I was and who I wanted to be.;positive
2396;Treatment consists simply of taking a 100 mcg Synthroid pill each morning. This should be taken on an empty stomach and no food should be taken for one full hour. It is also important not to take any calcium supplement for four hours after taking Synthroid. Calcium interferes with the body's ability to effectively utilize the Synthroid.;positive
954;Sprayed rash with HC Derma-Pax and applied Hydrocortisone Cream afterward. Continued med and random daily BP reading to advise cardiologist if BP altered by increased dosage. If hives recur, will call Dr. and request lower dosage.;negative
3962;My dog died and I had chest pains and other Gerd-esque symptoms. I went to doc, they gave me a sample of Prilosec. I began on it and developed the problems. I stopped taking it for about two days, I started feeling bleh and the symptoms Prilosec caused started to go away. To make sure it was the Prilosec, I took it again. The side affects returned within a hour. I am now struggling to get rid of the symptoms and the withdrawal. I would not recommend Prilosec to anyone.;negative
4031;this topical compound was used to reduce hyperpigmentation of skin. the medication was suggested for nightly use but the adverse effects were too intense, and the drug could not be tolerated but few times per week for the duration of 8 weeks.;positive
332;I SUFFERED A THORACIC HERNIATION WITH SPINAL CORD COMPRESSION AND UNDERWENT A DISCECTOMY BUT UNFORTUNALY 3 MONTHS LATER SCAR TISSUE GRABBED A NERVE AND I UNDERWENT A RHIZOTOMY TO SEVER THE NERVE. I WAS LEFT WITH SEVERE DEEP NERVE ROOT NEUROPATHY OF THE SPINAL CORD. THE TREAMENT WAS NARCOTICS AND AN ANTI-SEIZURE. THE NEUROTIN WAS BEGAN IMMEDIATELY BUT AS DESCRIBED ABOVE WAS NOT EFFECTIVE AT ALL FOR PAIN RELIEF. IN FACT, IT EXACERBATED MY PAIN. I AM NOT BEING EVALUATED FOR A SPINE STIMULATOR.;negative
933;Complained of sinus drainage, productive cough, rust stained sputum for two weeks. Chest xray negative to significant findings. Prescribed Levaquin 750mg, 1 by mouth per day, for 10 days. Also taking OTC Mucus Relief Sinus with guaifenesin 400mg and phenylephrine HCL 10mg as need for nasal decongestant and expectorant.;positive
816;i went to my doctor because i was getting only 4 hours of sleep a night for the past 6 days, so he gives me one pill, yes that's right just one 10mg pill. anyways i took it at 10pm and its now 4:30 in the morning and i still cant sleep which is why im here to review this. and i have to been into work by 6am aaaaarrrgh!;negative
1573;Xanax was prescribed for me because I was a plaintiff in litigation and my accurate testimony was imperative, especially memory recall of specific dates 5 years prior to my testimony. The defense attorney was a rude and nasty old man and was deliberately trying to confuse me to the point of tears. My attorney had warned me beforehand about the defense attorney's tactics so I asked my doctor for a short term tranquilizer. During recesses in my testimony (2 days) I would take a Xanax to keep me focused. It worked like a charm and I won the case. It just seemed to keep me sharp, rather than sedated.;positive
1425;Well their wasn't much treatment details. You take the pill first thing in the morning and drink a glass of water with it. It is an appetite suppressant. It also gave me more energy as well, giving me more incentive to exercise, work around my house, etc....;positive
1830;Was put on low doasage, doctor advised to prescribe additional hormones to balance out levels. I opted out of taking it anymore.;negative
1701;After washing my face in the evening before bed time, I would apply a thin layer.;negative
1027;Had to go to a psychiatrist to get it prescribed. Check ups every 3 months to determine effectiveness. So far everything is a go! I cannot express how this has changed my life!;positive
1093;family doctor initially prescribed wellbutin but a psychologist at the hospital suggested effexor. the dose would be increased as i would adjust and experience setbacks. the gabapentin was added when i had sleep troubles and to augment. many things were also added and subtracted to no avail. a psychiatrist felt the dose could be increased to 375 mg. so it was but i was not under any supervised care other than my family physician. all the above side effects caused me to be sent from specialist to specialist who all had tentative diagnoses ranging from borderline personality, narcolepsy (the modifinil), sleep apnea and restless leg, and finally bi polar. finally a different psychiatrist said it was the drugs!;negative
2108;I took the medication for 3 months and my cystic acne disappeared. I had my liver function monitored during the treatment. All went smoothly.;positive
1246;"I have to confess that I'm confused by this section. There were no real ""details"" associated with my treatment aside from what I've alreay described.";positive
1782;"I believe that this, and the hydroxozine are a miracle drug combo. I have suffered from anxiety since around age 7 and I finally have a ""normal"" life.";positive
4131;I built up the dosage like I was supposed to and took the twice daily dose for two days. I spent both of those days unable to move because of the nausea, so my doctor recommended I drop down to .5 mg a day. On that small dosage I became very depressed and began having suicidal thoughts as well as very vivid dreams. I went off the drug and then tried it again a few months later only to have the same depression issues. I'd rather keep smoking and try to find a new way to quit than to lose my life on this drug.;negative
913;Took him to doctor a few times for deppression. Doctor wrote a perscription. He was just a M.D., did not get a syc eval.;negative
1361;Received one shot during each visit once a month. Then after the third shot started having severe memory loss. Could not remember where I was driving to while in my car, could not remember where I lived etc.;negative
3090;I took this medication as prescribed by a dermatologist for 1 week at the 100 mg dose before severe side effects started. Side effects disappeared by 3 days after discontinuation.;negative
601;The treatment plan was realy bad. Although i had gone from crazy back to normal again over an 8 day period i was then made to take the drug for another 9 and a half months there after. This drug should be used as needed e.g taken to stop being crazy, and then stopped once patient has returned to normal state NOT any longer! I was basicly druged up to the eye balls an lost almost a year of my life.;negative
2459;1 to 2 sprays per nostril per day. I tried to limit to 1 spray per side per day & found is just as effective. This is on a regular, permanent basis to control allergies.;positive
727;I was giving 4% dose using once a day along with sunscreen used daily. Help with my acne scar but produce dry sensitive skin. I am no longer use it after reading reports of its harmful long turn side affect;positive
3670;I was started at 37.5mg for a week. Moved up to 75mg the next week. After a week at 75mg was then moved up to 150mg. I was then moved up a week later to 250mg. I took 250mg for about 2yrs. I had to cut back on the dose because I lost my job with insurance and could no longer afford 250mg prescriptions. I tried to (without my doctors advice or knowledge) get off the medicine cold turkey when I lost my insurance. Doing that made me extremely emotional. I would start crying for no reason at all and felt crazy! I went back to the doctor and talked about my situation. She set up a program to slowly take me off the medicine. I stepped down my dose by 75mg every 2 weeks till I got to 75mg. Then I went to taking 37.5 for 2 weeks. Then went to 37.5 every other day for a week. Then 37.5 every third day and so on till I finally got down to none. I went 6 months off the medication before going back to the doctor to be put back on it. I have now been back on it for about a year now. I have no plans to ever stop taking it again.;positive
3721;I started treatment when I was in what seemed like a mixed state--barely able to leave my bed at times, having to go into the bathroom at work to cry nearly every day, having strong urges to self-mutilate, and having a lot of suicidal ideation. I was also very agitated and angry, lashing out at loved ones for seemingly no reason. Lamotrigine started lifting the depression almost immediately, and once I hit the theraputic dose of 200 mg, it was like a cloud lifted overnight. I still have some ups and downs, but nothing major, and even when destructive thoughts cross my mind, I'm able to push them away more easily. I have recently had a rather intense relapse into bulimia, but I doubt that's related to the lamotrigine either way.;positive
1612;The first few weeks were horrible with bad break outs, dryness, burning, redness, Peeling, It was a nightmare. Almost gave up on it but my dr would not let me. I then started using a moisteriser right after washing my face and then waited 1/2 hour to 1 hour before the Taz. Symptoms eased up and now my skin is beautiful. This stuff Rocks. Don't give up and keep it off of your lips!;positive
3845;I self diagnosed and took what seemed to be the approriate minimum dose, aware that it wouldn't be good to take long term.;positive
1709;I use the retin a every night as needed if there is a breakout for about 4 weeks.;positive
4062;I was told to take amoxicillin 3x day /claritin/ motrin and did all those things and seemed to work fine.;positive
2713;take prometrium at bedtime every day to help also with sleeplessness along with menopausal symptoms. and also with the testosterone gel and estridol to help balance out my hormone levels as part of my bio-identical hormone therapy;positive
1157;She was given an oral suspension (8 mg/mL trimethoprim and 40 mg/mL sulfamethoxazole) of which she needed to take 7 mLs 2 times a day for 10 days. She took it once in the morning after breakfast, and once before bed.;positive
2462;Used morning and night after cleansing - acne healed quite quickly- even the the cysts under the skin surface-with no adverse reactions to drug- not drying at all even to my very sensitive skin.;positive
461;I had numerous surgeries with the insertion of c-tongs to drain abcess, they just kept bagging the flagyl into me not telling me that I could get peripheral neuropathy. Today 8 years later I take neurontin a very low dose, can't handle higher than 200mg per day for the peripheral neuropathy, My Neurologist has tried everything under the sun, but I guess only God can repair or give you new nerves damaged forever by the medicine. I also take percocet 5/325 4 times a day because it takes the edge off of the burning and feeling like I have a motor sitting on top off both feet. I also walk w/ a cain my left leg sometimes does not come forward and I have fallen breaking wrists, ribs and such.;negative
4000;Surgery and rod implanted in my right leg, thigh to knee. It is also a long recovery and rehabilitation from walker to crutches and cane. I am taking calcium (Jarrow's Bone-up) twice daily, 50,000 units Vit D weekly, and will have a variety of tests regarding Niacin in about 2 weeks as a follow-up with my primary physician.;negative
2380;Taken first thing with glass of water and no food for 30 minutes. Doctor did not see the connection between cough and Synthroid,(chest Xray came back fine) however as it did bother my stomach briefly at time of dosing, I decided it might be affecting the stomach lining. Recently towards late afternoon or before retiring will take Tagamet or some generic stomach med. I DO NOT experience heartburn, however, this routine seems to reduce the embarrassing cough significantly. This was my own resolution after trying many allergy medicines once or twice which did not stop the cough at all. Was also given sample of Advair which I did not use due to negative side effects I read about on internet before using. I am seeking a more natural and effective solution to replace the Synthroid with something that will treat source of low thyroid as well as the symptoms.;positive
3936;Had helicobactor pylori with terrible acid reflux was treated with antibiotics and prilosec but still had terrible heartburn had a scope done and I had errosive esophagas started taking the nexium and has worked every since. If I miss a pill however my heartburn comes right back so I will have to stay on forever or eventually have surgery called a nissen fulondopation? wrap. I had all the testing for that surgery and was told I was a candidate fot it, so either I have to take the pill nexium forever or have surgery;positive
336;I was put on this by Rheumatology, 12 years ago. Dose was 800 mg/d until spring of 2007, I asked for it to be increased. After the near heat stroke from riding the riding lawn mower less than an hour, I decreased the dose back to 800 mg/d until cooler weather, then went back to the 1200/d.;positive
1307;Perscribed to help with the following symptoms: drippy nose, sinus congestion, post nasal drip, coughing, and sneezing. Medicine was taken as directed with no real help. The only side effect was being a little dry.;negative
2598;I was being treated for nausea cause by trapped gas in the stomach and intestines.;positive
3530;Was given a thirty day supply. Only took one night. The rest will be thrown out, I will never take this again. That bad.;negative
1960;Patient was being weened off of 3600mg/day of Neurontin on to Lyrica. As the dosage taken of Neurontin lessened and that of Lyrica increased so did the side effects. Patient was taken totally off of Lyrica and, successfully, placed back on Neurontin.;negative
3619;I was to apply the Retin-A cream twice a day but the side effects outweighed any effects of treatment.;negative
730;My dermatologist prescribed hydroquinone 4% cream to helped me with a light hyperpigmentation problem. However, hydroquinone did not work at all. I had the opposite effect. My hyperpigmentation became darker.;negative
3683;Prescribed this drug for treatment of a physiological/neurological condition causing a decrease in various neurochemicals, which resulted in chronic dysthymia (low grade depressive disorder). Treatment was not accompanied by any level of counseling or behavioral modification, and was highly successful.;positive
3004;The treatment included the tablet twice daily as well as plenty of fluids. Use of the drug was supplemented by cranberry juice intake -- about 2 glasses per day.;positive
3606;The cream was supposed to minimize my acne, but I think it did the opposite. Just putting the cream on was very painful & stung up front. At times, my face would peel for entire days (again primarily on the chin - or entire jawline area). As I saw it, the Retin A reacted negatively with whatever hormonal issue was causing the acne. I was forced to use injestable treatments, because Retin A did not work (antibiotics and birth control).;negative
1925;I take a 2 month course of Zithromax, half a tablet daily, about twice a year to alleviate exacerbations of chronic Pseudomonas Auriginosa chest infection associated with Cystic Fibrosis. It works excellently in conjunction with a 2 week course of nebulised tobramycin (Tobi) to reduce symptoms and decrease sputum production. I believe one of its main actions is its anti inflammatory effect. Also I believe that it inhibits the ability of Pseudomonas to stick to the lungs. This is a great weapon in the arsenal against CF. I hope this helps your research and look forward to receiving my Skin Care DIY pack. Thank you.;positive
614;I was experiencing hot flashes, mood swings and headaches before taking estradiol. Since taking it, the flashes and mood swings disappeared. I have been on hormaone therapy for about 20 years and have no intention of going off. I feel good and look good for my age and I attribute some of that to the hormonal therapy.;positive
1055;"1 pill every morning at least one hour before eating. Topical medications were a hassle to use consistently, were seldom ""cosmetically elegant"", and did very little to keep symptoms from escalating. Dermatologist prescribed Oracea when it became obvious the the topicals were never going to control the pustules. Oracea cleared it up in a couple of weeks and gave consistent results throughout treatment - Rosacea was practically forgotten about - with no side effects. Several months after discontinuing use, pustles have returned but are nothing like before treatment and are manageable with OTC topicals. Expensive but Oracea does offer discounts worth looking into.";positive
879;I was monitored on a quarterly basis by a psychiatrist who prescribed Paxil and Trazadone.;negative
3727;titrated up from 25 to 100. was given the generic after the titration to 100. the generic was not good. felt way more manic. got back on the brand name and doc suggested bumping up to 150. Haven't felt this good in a long time!;positive
2986;I am nervous about taking a stimulant, but this Strattera doesn't seem to be doing the trick for my ADD. I also have no use for a med that makes me feel sleepy during the day...that is worse than the original ADD!! Also, I have not noticed any appetite reduction, but it has raised my blood pressure. I hear stimulants do that too, so I'm growing tired of messing with Strattera when I am getting stimulant side-effects with none of the stimulant benefits.;negative
2985;With or without this medication I am a philosopher. So I will be explain how the drug works on me from a philosophical assessment. Background: I had taken Strattera for three years (2005-2007) where it helped control ADD where I had difficulty doing so. It helped me focus, stay organized, manage relations, and most or all of the benefits I listed prior. I dropped the drug for 3 years so that I may learn how to control my ADD without the help of medication. During those three years I gained remarkable self control in overcoming ADD. However, I got to the point where I couldn't win over ADD, which was losing focus randomly. During college lectures that I found very intriguing I would often zone out/space out when I could not have been more interested in what was being professed. The frustration of this led me to conclude that medical assistance was the best choice. On the drug: I read and understand that the (generally) biggest con--side effect--to this drug is that there is some sort of depressive or suicidal figure involved. From an evaluative standpoint of myself, I've concluded that my desire for happiness is lowered from where it was prior to the drug. In other words, if I felt a need for a happiness at a 9th strength before, I now had the need for happiness at a 5th strength. Since happiness, to me and most I'd say, is the driving force for existence in life, a lessened desire for it would lead to two results. Lessened feeling for the needing to exist/live and feeling less depressed (because I now do not need to be happy as much as before). Understand that this drug does not control me, I control this drug. I suggest that while you take the medication you assert a greater self-awareness. As you examine how it affects you, you can understand when you are thinking naturally or by the drug.;positive
1312;Enablex was the 4th in a series of bladder control medications that I was given over a 2 month period. It had no effect whatsoever on my condition.;negative
1131;dental specialist went under gums to deep clean and I had to have special care. also, some teeth moved inward. This changed my teeth's ositions and now don't look as nice.;negative
848;My diagnostic of ADD was not really accurate. A did just some practical test but no brain exam. The doctor prescribe ritalin as a test, but because of the side effects I had to stop. I did psychotherapy during the treatment. The ritalin helped me but,of course, didn't stop my problems. I feel really better now, but i didn't find yet a drug to help instead of ritalin.;positive
447;Dissolve one tablet under the tongue at bedtime as needed to a maximum of 3 tablets per week.;negative
2541;I took one pill a day, at night for 90 days with a big glass of water and never skipped a dose. I had a few nights where I had some wine and champagne but never overdid it and tried to steer clear of alcohol as much as possible.;positive
3855;I noticed reduction in frequency and severity of acne lesions during the first week of use. Application was done on clean dry skin and a non-oily moisturizer was applied after the product had absorbed. Sunscreen was applied for daytime use.;positive
3010;I subsequently discovered that I was prescribed this drug for a condition that any number of other drugs would have cleared up just as as easily and was given way too much of it as well. The whole experience has been a nightmare. Nearly a year later, still suffering after-effects. Do not take this drug without checking it out. Cipro was black-boxed by the FDA less than a week after I finished my prescription, and MDs still hand it out like candy.;negative
1809;take 60 mg oxycontine every 8 hrs and one Traumeel at same time taking oxycontin. Traumeel tablets are to be taken sublingually, under the tongue to slowly dissolve. After a one week period of taking the Traumeel with the pain killer, i noticed substantial results.;positive
2521;I take 2x200mg tablets or capsules at a time, normally that is enough, if not i take a further 2x200mg dose after 4 hours.;positive
123;Same as the treatment benefits. Preventative, if I could catch the coldsore before it broke thru, as well as successful in reducing the length of time and size of the coldsore itself.;positive
2186;i am being treated for several disorders and will most likely remain on meds for life as i have recurrent depression and chronic insomnia. The phobia seems to dissapate but it can also return again as i have developed it twice, or i could develop another phobia. In essence i have relapsed seen a psychiatrist, a counsellor, and my doctor along with the medications as part of my treatment program over the last 1.5 years;positive
917;I take 20 mg once a day first thing in the morning, and it no longer keeps me awake late into the night. I overall would recommend this drug to others. I take the generic.;positive
2375;Fifteen years of dermatologists, peels, topicals, Accutane, and nothing had cleared my cystic acne and constant breakouts, though a few treatments lessened the severity. Flutamide 125mg b.i.d. took one month to take effect, and within 6 weeks completely cleared ongoing resistant acne that had lasted more than 20 years and was worsening in my late 30s. AFter one year, we tried weaning off the drug. The results lasted for about 5 months, before the acne gradually returned. Went back on flutamide, and a month later the acne had left. We are now trying to see if a lesser maintenance dose is possible.;positive
2928;This drug was prescribed for pain caused by therapy for frozen shoulder. The pain was making it impossible to sleep at night, so the doctor prescribed tramadol. While the drug did moderate the pain, it also caused agitation, anxiety, insomnia. I stopped taking it after a few days. I also stopped the therapy. The pain went away and my shoulder improved on its own.;negative
1240;Doctor prescribed 2 weeks of antibiotic to clear off my break out with some antibiotic cream and of course sun block, followed by roaccutane 20 mg for the first two months 1 capsule a day and after seeing a good result he advised me to maintain a low dose of one every other day for another eight months. That was the maximum dose I can take after which calculated against my weight.;positive
2390;"I had long complained of fatigue, listlessness, disinterest. I exhibited classic symptoms of hypo-thyroid, but did not check out as such in the standard blood test. A new doctor understands that not every person will fall within ""standard"" test results. God bless her. The results were rapid and positive with an increase in energy, loss of about 10 pounds of excess weight.";positive
232;In conjunction with taking Lexapro for anxiety, Wellbutrin XL was taken (150 mg/day) to reduce depression and balance the side effects of Lexapro, including lethargy, weight gain and sexual dysfunction. Lexapro was taken in evening, Wellbutrin XL in the morning.;positive
636;I stopped taking the pills today. I hope this will stop all the symptoms. I will probably never take any birth control for the rest of my life. I was on Depo for about 2 years, which was fine--no major side effects except for the decreased sex drive. I was on Ortho Tri Cyclen for about a year before Depo, but I stopped because I definitely got lighter periods but the periods were longer (5 days) than when I was not on any BC (3 days). I shouldn't have been on any BC to begin with. Afterall, I shouldn't complain--my periods are always on time like clock work. No cramps, only the occasional bloating. I started to be on BC to prevent pregnancy, but I'll just be more careful by using a condom instead.;negative
3675;You must take a SSRI daily. If you skip a few days you start to feel like you are getting a really bad cold, and disoriented. They are hard to wean off of. Do not stop taking! Talk to your doctor if you feel you want to reduce your dosage.;positive
1693;Decided to stop treatment after three months. I was using it to get rid of small pimples on my forehead. After using the product, I noticed I was getting bigger, and bigger pimples. So I stopped.;negative
1473;I have a history of a brachial plexus injury 8 years ago that has led to progressive increase in nerve pain to my right arm to the point I could no longer lift my camera and was in constant pain throughout the day. It was interfering with work and sleep. In the past, I was treated with short term steroids that masked pain and allowed me to participate in physical therapy. Results were always minimal, but better than nothing. After trying one medication for fibromyalgia unsuccessfully, my doctor agreed to try me on Cymbalta. It took about a month, but the results have been terrific.;positive
3701;"The benefits of Effexor XR were terrific. The side effects while taking it were just fine with me, though my psychiatrist seemed alarmed about my heart rate and blood pressure. That said, the withdrawal was so atrociously horrible it simply wasn't worth taking. I would have rather taken a drug that was half as effective without this uniquely gross withdrawal. Let me put this into perspective: I've gone through nicotine, alcohol, and speed withdrawal (the last a long time ago) and the Effexor was the worst (and I required hospitalization for the alcohol). It took me between three and four months to taper off the drug. I tried to stop --unsuccessfully--at 75% the regular dose, then 50%, and then 25% before deciding to just taper it down to a dose so small I had a hard time believing it had any psychoactive effects at all. Even finally quitting taking the drug at all when I'd tapered down to 1/15th the initial dose, I experienced mild versions of the same awful withdrawal issues that had popped up before: intermittent (intense!) nausea (previously full blown vomiting on previous quitting attempts), night sweats, what I've read in Effexor forums described-inadequately-as ""brain shivers,"" though-- amusingly enough-- very little of the depression or anxiety rebound past the first few days of 0 mg. If I were at suicidal or bed-ridden level of depression this drug would be completely worth it, even with the withdrawal. Otherwise, I'm staying away from SSNRI's for a long time.";negative
3575;Treatment includes adding only about 1/3 pea sized amount to my chin area and the same amount to my forehead after cleansing at night. This I do daily. I combined this with a regular alpha-hydroxy exfoliation night creme (applied after the Differin dries) in order to catalyze (by my own approximation) the skin rejuvenation/renewal.;positive
1085;having suffered with severe anxiety problems for several years and having tried several other anti depressents my gp prescribed effexor at a 75mg dose, this was then incresed to 150mg and finally 225mg which is ongoing, my anxiety is now much better and i am able to live normally;positive
2179;"Patient had severe insomnia. 45 years old, 5'7"", 90 lbs. Was given 5 mg Halcion nightly to sleep and it had little effect. Patient was able to sleep 1-2 hours. She doubled dose and it still did not able her to sleep any longer.";negative
131;You need to take the valtrex immediately after feeling the start of a sore for maximum effectiveness. If you wait until you have a red lump or blister, the valtrex will speed the healing, but will not eliminate the sore, which may last 7-10 days.;positive
2397;Patient has Hashimotos disease. Prescribed synthroid. Patient also working to follow a low carb diet, regular exercise, and normal sleep. Over time, synthroid dosage has increased, to 112 mcg per day from the original dose of 50. This is some cause of concern re: progression of the disease, but so far, no alternative approach/therapy seems to counteract this progression. Blood work required every 6 months in order to help ensure proper dosage.;positive
665;The dermatologist would see me every other week for and check my cystic acne. The medical tech. person would first check me and ask questions regarding any changes in what I was doing and how the medication was working and if there were any side effects. The dermatologist would then come into the room and check my cystic acne. The dermatologist would then ask if I was doing anything different and then would ask if I was taking my medication and ask if I was on any other medications. He wouild ask if there were any bad side effects to the medication and then would give me another prescription for another round of medication treatment. This would go on for about one year of visits and prescriptions. There was not any change in the cystic acne of any great degree.;negative
178;I took this medication to reduce pain I was experiencing with my prostate. It took about two to three weeks after which the pain was significantly reduced. I was also experiencing a sense of tightness in this area that it eliminated.;positive
3190;I am supposed to take 50 mg a day. I was told to take 1/2 in morning and 1/2 at bedtime or 50 mg at bedtime or 50 mg in the morning. Whatever works. There are so many side effects that the good night sleep will have to be given up. I can't stand a drug taking control of my body. I hope there is a better treatment. I have a call into my doctor.;negative
790;Take one tablet nightly before bed as needed and when you are sure that you will be getting at least 8hrs. sleep. Do not drive or operate machinery while taking this medication. Use care until you are familiar with effects.;positive
2816;Started out on one extended release tablet at 150 mg once per day. After 4 weeks bumped up to 300 mg dose.;positive
4021;I took a Vermox tablet orally for three weeks and another dose for three days a month later. I began taking a dosage of Celexa of 40mg which was eventually reduced to 20mg per day after about 1 years. I continued a dosage of 20mg for another 1 years, but switched to the generic form, Citalopram.;positive
3136;When I discontinued use (while still in a Malaria risk area) I relied soley on preventative measures. I was in a night biting mosquito area (Thailand, Laos and Cambodia) so slept under a mosquito net. Used mosquito spray in the room and used a special spray for one set of clothing for higher risk environments (ie jungle). Also spoke with an Asian doctor at length about the Western philosphy vs Eastern for treatment. His take was that Eastern doctors choose to treat malaria when it is contracted but Western take higher and higher levels of drugs to prevent contraction. This may lead to drug resistant strains...;negative
3308;Well I went to see a doctor and talked about my situation, and for the first three visit, she just talked to me, then after the 3rd visit, she decided it would be a good idea to put me on Zoloft. I was hesitant at first, but after two more visits, I decided to give it a shot, and wow it did the trick for me, my depression immediately left, and I am able to function a lot better then I was prior to the meds. so I have really know complaints about zoloft.;positive
260;I took 1 to 2 tablets three times a day prior to surgery. After surgery I took and continue to take 1 to 2 pills a day as needed.;positive
110;An Mri. A shot of cordazone into my Bursa sack in my hip. Physical therapy, 10 visits of PT. and then Celebrex 2x a day.;negative
2664;Daily dosage of Lisinpril with HCTZ (water pill) 20mg. Reduce / limit intake of all forms of dietary sodium to 1000 - 1500mg. per day to reduce pitting edema. Brisk walking exercise 3-5 times a week for 45 minutes per session. Baby asprin daily and Vytorin to effect cholesterol levels.;positive
3195;He was supposed to take it for 10 days, but the behavior was out of control, so the pediatrition told me to stop it for 24 hours and see if the behavior changed. I stopped on day 7 and within 18 hours, he started to improve- within 24 hours he was almost back to normal. The pediatrition and pharmacist both say that it doesn't go to the brain, and therefore can't cause behavior changes, but SOMETHING in that drug definitely effected him. I know my child and I watched him very carefully, I KNOW it was the antibiotic. I won't be using it again for either of my children.;negative
936;I went to Dr because it looked like a wound on my leg from a scrap was getting infected. He prescribed Levaquin for 10 days. I only took one tablet and within 2 hours I felt very lightheaded and nauseaus. I actually had to lay down and have someone call the doctor for me. They told me to quit taking it and put me on Cefadroxil (generic for Duricef) instead. I tolerated that fine. Levaquin is a very expensive antibiotic and now I'm stuck with the cost of that. They should just give it out in 1-2 tablet doses first to see if you can tolerate it before you get a full 10 day supply.;negative
52;The medicine is taken once per day at night, about 2 hours before bed. Once the medicine fully kicks in (after about 1 1/2 hours), special stretches are done. Stretching along with the medicine provides about 90% relief from pain and tension, and the relief lasts longer than medicine alone. The medicine is also taken as when pain and tension are worse than average.;positive
2501;Tried various dosages from the lowest, to more frequency. It simply had little affect on inflammation or pain. No other pain medication was added to this treatment and no other medication was given. I had a car accident and suffered whiplash, thoracic muscle strain, herniation of entire lumbar region, etc. Inflammation was rampant from hip level up. Any relief would have been noted and appreciated. Another drug was later prescribed, another anti-inflammatory, which proved just how much the naprosyn did not work. I had immediate pain relief in 30 minutes and notable inflammation reduction very quickly. In fact, after a 3 week loading of this drug, I was able to get out of bed, move around, and be functional! The Doctor insisted on trying this level, Naprosyn, first and then changed after 6 weeks, to supposedly stronger medication in some kind of protocol progression. I now tell my doctors which medication works and refuse anything else. They waste time on ineffective medications allowing suffering. I saw the doctors within the 6 week period declaring and their noting how ineffective this medication was.;negative
112;MRI,physica The doctor gave me a shot of cortazone.that quickly reduced . I was sent for therapy for about ten visits. I was also prescribed celebrex. However the celebrex actually made me feel worse. My heart was racing and it hurt my throat when I swallowed. It felt like I had a marble logged in my throat.my blood pressure was sky rocketing. The pain was gone but I felt terrible. l therapy,cortisone shot,celebrex;negative
961;Started with 20 mg once daily. This worked for several years. When spouse endured 3 years of life-threatening illness, the dosage was increased to 40 mg taken as 2 20mg pills.;positive
2716;"I WAS ADVISED TO DISCONTINUE USE AFTER CONSULTATION WITH MY INTERNIST BY PHONE. I TOLD HER THAT I WAS EXPERIENCING A SIDE EFFECT OF THE ELAVIL THAT SHE PRESCRIBED FOR A MORE RESTFUL SLEEP PATTERN TO HELP WITH MY FIBROMYALGIA. I HAD BEEN TAKING 10 MGS. FOR ALMOST 3 WEEKS AND GRADUALLY INCREASED TO 15 MGS. AT THE 15 MG. DOSAGE I BEGAN EXPERIENCING ALL OVER BODY SHAKINESS--TREMORS -EVEN AFFECTING MY SPEECH. SHE ADVISED TO DISCONTINUE IMMEDIATELY WITHOUT ""RAMPING"" DOWN MY DOSAGE.";negative
576;"I have been taking the medication for a year. I had started at 900 mg daily, but found that while I was improved, there was still room for improvement, so the dose was increased to 1200 mg/d. Of all the medications I have taken for bipolar disorder, this has been the most effective; and the cheapest too lol!!";positive
937;I battled a sinus infection with home remedies for two weeks. Finally gave up and went to the doc. He said to try this Levaquin as it may help specifically with the sinus infection. I took the first dosage, felt ill in ten minutes and stayed quite nauseous for two hours. I did eat cottage cheese with it. Next dose I tried eating some biscuit, but that didn't help either. Tried it with protein (meat( third dose, same results. Gave up and went back to doctor, got a zpak.;negative
1546;The methotrexate is administered by subcutaneous injection (self-administered) 25mgs once per week. I have been taking methotexate for approximately 5 years. Foe the first 4 years I took the same dose orally, but it eventually beacme less effective so I switched to subcutaneous injection. It has been extremely effective at controlling the symptoms of rheumatoid arthritis and I feel 95% normal.;positive
3375;I take 10 mg of Lipitor daily and get a liver function test every three months. So far, this has been fine, but I will need to be tested continually as long as I take Lipitor. I don't mind this, as the benefit of having a healthy cholesteral level is more important to me than any hassle of getting tested. If at some point my liver function appears to be unhealthy, I'm guessing my doctor will have to reevaluate my situation, but for now, it's fine.;positive
653;I wouldn't take this pill if you are susecptible to depression or anxiety, or if you are a fitness-minded person and care how you feel in your clothes. Very expensive as well. My health insurance doesn't cover scripts, and even with a $50 coupon from my OB/GYN, I still paid $160!;negative
675;Prescribed 300 mg, once a day at bedtime for severe reflux and gastritis. Took one pill and stared to have trouble breathing. Took Albuterol and in a couple of hours breathing returned to normal. Called doctor next morning and was told to discontinue use. Did not work to control reflux. Started on Pepcid the next day which along with Tums has made reflux managable.;negative
3559;Was to be applied externally to the affected area every night at bedtime afer washing.;negative
2927;Took Tramal for the first two weeks then switched to Tramada since the pharmacy didn't have anymore Tramal available.. Due to the apparition of rash the treatment was stopped on the suggestion of a skin doctor.;negative
2845;to take Montelukast every day. to take clenil (inhaled) 2 puffs 2 times a day to take salbutamol - when needed;negative
3820;After seeing my doctor I was prescribed Penicillin V and took it for ten days twice a day.;positive
1620;"The doctor put me on the maximum dosage because I was ""young"" for menopause. Did not test estrogen levels either before beginning treatment or after starting the HRT. I simply took one Premarin pill per day, every day.";negative
3424;The product was to be used at bedtime. To leave on all night and wash in the morning. The treatment was to continue until acne resolved then use as needed.;positive
3178;I started with 25 mg a night, taken right before I wanted to fall asleep. This worked off and one but not always for my insomnia. I increased the dosage to 50 mg, which was highly effective. I took one 50 mg pill. I felt sluggish in the morning ONLY when I took a pill in the middle of the night, say 3 or 4 in the morning when I couldn't sleep.;positive
3123;I took in the am when nauseated, I would take again if needed but after a while it worked all day for me. I took as little as possible as I am not a big pill taker;positive
389;You take one pill every day for 90 days, wait 7 days, and then begin the cycle again.;positive
843;before ritalin, artificial stimulants were required to be effective, withour stimulants I was unable to motivate myself to do the things that needed to be done & was very ineffective. Cocaine got me through grad school & my thesis, but ritalin allows me to function with out illegal stimulants -- problem is finding a doctor who will write rx for the dosage that is most effective (i.e. 20 mg 5x / day). I am interested in a study that monitors efficacy / tolerance in patients who need / take high dosage on a long term basis.;positive
460;"3 pills a day for two weeks, symptoms came back, took it 4 more days and then, knowing what would be in store for me if I took it; I found that I could not force myself to take even one more pill.";negative
2308;10 mg of Lexapro was prescribed to be taken 1x daily. I was advised that this drug builds up in the system over time and that results generally wouldn't be measurable until taken consistently for a minimum of 4-6 weeks.;positive
1867;Twice a day for 5 days with large glasses of orange juice, which cuts the nausea.;positive
1618;not sure. there were no benefits. This drug had more bad side effects than good ones. I will never try this again. there were no benefits.extreme weight gain and emotional distress.;negative
3793;I was given keflex (3x daily) for an infected root canal that needed to be redone. The swelling, pain and swollen glands subsided substantially while I was waiting 2 weeks for my appt to have the root canal redone. After the root canal, the dentist put me back on the keflex (2x daily) to insure against further infection, also since I have mitral valve prolapse. After 2 doses I developed diarrhea and took .5mg of immodium (I am sensitive to immodium, only need a very small dose). 8 hours later I developed worse diarrhea and then very severe vomiting, stomach pain, severe headache, dizziness, chills. Also my muscles were shaking and cramping as if I was very cold. I had to be taken to the urgent care, received an injection of phenergan which helped, and told never to take keflex again. Flu test was negative, I had not eaten anything during that day which could have caused food poisoning. Dx: gastroenteritis caused by keflex.;negative
2592;even though it was a very strong pain killer there was still considerable pain felt before the next prescribed dose was to be taken. i don't know if the anti nausea ingredient was effective because i felt like vomiting every time i smelled food and did vomit whenever i tried to eat, for about 3 days. however, i didn't feel nauseous when there was no food present. i was too disoriented to perform daily functions without help, or think clearly while using the prescription. after i stopped taking the pills it took a day or two before this effect wore off.;positive
1051;A lower dose Femring was prescribed, 0.05mg/day, which does a good job of returning my horomones levels to close to normal.;negative
2805;I took the drug for many years before it became a problem and I had to stop. I'm not sure what you want me to describe here.;positive
40;I see a psychiatrist monthly. I have tried every drug recommended for Schizophrenia and none of the drugs have worked. I still have psychotic episodes.;negative
322;Treatment to get off Ativan was to take .25 off per week for several weeks.;negative
1569;"The pill did wonders for the pain. When I took them I recieved results within 10-20mins. They also lasted a moderate amount of time to deal with the pain as well. They do become somewhat ""addicting"". So I tried to take 1000 - 1200mg of Ibuprofen to compensate for the Lortab. However, when your in a lot of pain, Ibuprofen just doesnt to seem to deliever the results that Lortab could provide.";positive
1260;Once daily medication to deter excessive daytime sleepiness associated with sleep disorder Narcolepsy. Downside of it is that it is VERY expensive.;positive
1522;Prescribed about a month ago Recently diagnosed with Type 2 diabetes. Tried for the better part of three weeks. The side effects were mild at first, but intensified so much, I ended up in the ER. Stopped taking it two days ago and slowly regaining my strength.;negative
855;I was prescribed paxil for depression, it worked but the side effects became to much after about 2 yrs, but for those 2 yrs . my depression and axiety were under control. The valium does releive my anxiety symtoms . I was taking 20 mg paxil one time a day at waking and 5 mg valium 3 times a day if i was feeling nervous. Have since started taking a vitamin called GH3 and a liquid multi vitamin with cannibis at bed time, have been depression and anxiety free for one year.;positive
1842;I am only at the end of my 3d week but i feel like i have no control over my appetite. I feel so hungry all the time and no matter how much I eat I cant get full. Be aware. Also always being tired doesnt help.;negative
3990;I was sent by my general practitioner for an endoscopy 3 months (Dec '07) after giving up Fosamax, results of which showed irritation of end of esophagus tube where it joins my stomach. I was prescribed Nexium for the condition, and after taking for 3-4 months, the symptoms finally disappeared. I would NEVER take Fosamax or any alendronate based or similar drug again.;negative
404;This medication is very expensive. Without insurance expect to pay between $270 - $300 for a month supply, depending on which pharmacy you use. Even with insurance it costs me $68 a month. If you read the insert that comes with the drops it states that clinical trials show only 15% of patients show improvement. Had I read that BEFORE I wasted the money on 3 montjs worth of this stuff I wouldn't have even bothered. Waste of money!;negative
3430;I was prescribed Tazorac after requesting a Retinol treatment from my doctor. I initially asked for Retin-A, but she suggested Tazorac as it was better suited for my skin type. (Fair, sensitive skin). I initially used the cream every night, but decreased to 3 times a week after experiencing dryness and peeling. I also felt a burning sensation after applying the cream, but this too has subsided.;positive
2971;Niaspan ER 500mg twice a day was changed to Niaspan ER 2,000 mg every night, then changed to Niaspan ER 1500 mg every night.;negative
3246;ALthough it is convenient, it almost defeats the purpose of birth control if you have to worry all the time that the ring is going to come out. also, mood swings and feelings of tiredness were almost unbearable. would not recommend it.;negative
1080;"This drug changed my life. I have taken every antidepressant in the book. I received some benefit from most of them but my depression always returned and many of them had unpleasant side effects, including weight gain and constipation. This drug helped me enjoy life again. I still have occasional bouts of depression due to life cirsumstances but they are much briefer and less severe. I feel much more outgoing and enjoy being around people more. I no longer want to withdraw from the world and now face the world with much more confidence. For people worried that this drug produces an ""artificial"" feeling of happiness--this is not the case. This is the way people are supposed to feel. you will still have a normal range of moods. I only wish this drug had existed sooner--my whole life would have been differnt.";positive
537;The doctor does not believe I had this side effects because I took trazaone 2 weeks before I started the cymbalta. When I took the first trazadone this terrible pain begain. I tested not taking it and the pain almost completely subsided but was scared to completely stop. I did this 2 times. Then he started me on cymbalta. I had been on cymbalta for almost 2 weeks when he finally agreed I could stop the trazadone. By this time the cymbalta was in my system and I continue to have these back pains. Can anyone share with me;negative
70;The doctor had me take flexeril 3 times a day but i started out with 1 at bedtime for 2 1/2 weeks. It took 2 weeks to work but after i started taking it 3 times a day at it worked faster. It helps to stretch also while you take flexeril.;positive
1792;Dr initially told me he thought my insomnia was depression. I was desparate. The sleep deprivation was making it hard to function at work and home. I agreed to take 20 mg of citalopram. My insomnia didn't completely subside, so I still was taking clonazepam .5 mg about every other night. After a month, the dr upped the prescription to 40 mg. I slowly made the transition from 20 to 30 then 40 mg.;positive
3333;I cleanse and apply elocon twice daily to my face and take antibiotics twice a day for 3 months my face cleared but returned after discontinuation of therapy. Now my dermatologist has restarted the antibiotics orally and added retinoid cream twice a day.;positive
1834;Lost interest in sex rapidly, if I was ever aroused (very rare) I couldn't achieve an orgasm, every part of my body seemed to dry out and subsequently age a bit and in the case of my eyes this drying and ageing process was pretty severe. Doctors were baffled as to why I'd ended up with such dry eyes at such a young age, said they weren't sure what caused it but said it normally happens to menopausal or elderly women (I was 20-21 at the time). Now looking back I realise that the dry eyes match with a lot of the other symptoms I was experiencing at the time, many of which are normally symptoms of the menopause/ageing. Considering these symptoms have now either completely disappeared or improved since stopping the use of hormonal birth control methods (I now use the copper IUD), I believe they may well have been linked Yasmin. Yasmin is one scary pill- I came off it worried that I was prematurely going through the menopause and that I would never be able to enjoy painless, bloodless, pleasurable sex again.;negative
1994;"I found that Vicodin was a poor choice for real pain management. I felt spacey and ""out of it"" but at the same time agitated. I didn't feel an actual absence of pain as much as I felt ""oh well, gee gosh, I have pain. Isn't that a bummer."" In other words, the medication seemed to be more about changing my attitude towards the pain rather then actual reduction of pain. I subsequently stopped taking it and turned to tylenol with codeine. This worked much better in my opinion. I subsequently refused any additional prescriptions for vicodin and requested tylenol with codeine instead. I have since switched to a natural pain relief option that is a combination of white willow, feverfew, skullcap, and kelp. It is called ""Relief"". I believe the manufacturer is ""Nature's Way."" Although, I am in daily pain for assorted issues (structural) I avoid medicating myself unless it is particularly dibilitating. If I really need to take something I will take the Relief or plain Aspirin. Dramatically fewer side effects, no hazard of addiction, just as effective. Given the high level of reported addictiveness of this drug, I would never take it again nor recommend anyone else take it.";negative
1453;Cymbalta 20 mg 2x a day for one weeek to get acclimated to it. Cymbalta 60 mg 1x a day.;positive
1035;Compared to other ADD meds I tried, Vyvanse seemed to be the only one that didn't interact with the Prozac. Also, I think finding the right dose had a lot to do with that. Because I could easily split the pills I was able to take a larger dose in the morning and a lesser mid-morning and not have a big drop at the end of the day.;positive
80;"I added supplements after statins were not effective at raising HDL to ""good"" levels. Although excellent at reducing LDL. The most dramatic effect was the addition of Niacin. I've added other anti-oxidants and supplements since, but the measurable results from Nicin therapy were dramatic.";positive
2691;I'm going to see a new doctor and insist I be taken off this medication. My entire quality of life has decreased since starting this drug. It starts very slow but the longer I have been on it the worse the symptoms have become. I think it becomes more toxic with time.;negative
3172;Before I started on the Prednisone I was sick for 2 weeks with a viral infection the chest (chest) my wheezing was really bad and I was prescribed to Symbicort Corticosteroid inhaler twice per day to help with the inflammation and airways. After a few days I was still getting worse and did feel minimal comfort from the puffer, and my overall infection was getting worse. I went back to the doctor and they added in a Ventolin puffer to open the airways 2 puffs 4 times per day in between the symbicort. 5 days later I went back to the doctor wheezing more and with a sort of stuffy nose and serious nasal pain (mostly from coughing so much. He told me I caught a sinus infection since the steroid lowers your emmmune system and makes it easier to catch another infection. He then prescribed me to 50 mg of Prednisone each day for a 3 day term so that it could tackle the inflammation fast so that the cortisone puffer would be able to catch up ( it couldn't work fast enough as it takes a while to start working) and also prescribed me to Amoxicillin for the sinus infection (since it was caused by bacteria) He said he would have prescribed me the antibiotic even if i didn't catch the sinus infection as an immune booster since prednisone lowers your immune system.. I took my first prednisone yesterday for the first time, it made me feel good for 9 hours or so but gave me some joint pain. The next day I felt a little better but still coughing and sick until I took the Prednisone again. (today at 2:00pm) It is now 11:00pm and I am flighing high (thats probably why I am writing in a blog and feel awesome, I feel like I could run a marathon. I also just drank a coffee and I don't think it helped. No coughing. Hopefully I can sleep tonight.. I used to take Ritalin for ADD and this kind of feels like that. I think tomorrow I will feel a little better, great again when I am on the Prednisone, and hopefully after that the puffer will Finnish off fixing the inflammation. Did anyone get hearing loss when taking prednisone? Its like when your on an airplane and your ears need to be popped but you cant pop them. I checked online and all I could find is prednisone fixes hearing loss..haha.. weird anyways.. Overall I think it works great!;positive
974;Supposed to take 1 tablet every 12 hours, if I remember correctly - did not take more than one dose because of horrid side effects.;negative
1641;One 1mg pill once a day for five years following treatment of breast cancer in post menapausal women.;positive
2939;start on 60mg second week 50mg third week 40 forth week 30 and had anough;negative
3126;Since being diagnosed with hypothyroidism, my doctor s would treat with basically the Levothyroxine. The levels would be increased until I was in the range , but I never felt quite right. I was still very tired and my memory, especially short-term, was really bad. I went to a couple endocrinologists, with the first one diagnosing the hypothyroidism as a result of Hashimoto s disease. Even with this diagnosis, the first endocrinologist did not suggest other treatments and I continued to suffer with excessive tiredness and memory problems. I decided to go for a second opinion, and this endocrinologist told me that some individuals react better with a combination treatment of Levothyroxine and Cytomel. This seemed to turn me around. The memory and tiredness have gotten better, still not optimal. It seems as long as one is in the range , doctors are hesitant to push the envelope. I would like to see physicians listen to their patients and adjust the meds until they feel better, not just go by the range .;positive
3040;I took 200 mg at night at first. This was then decreased to 25 mg at night to help me sleep.;negative
846;I started with 2.5 mg 3x a day and gradually increased the dosage, then to 5mg 3 x a day and now I am doing the best at 10 mg. 3 x a day. I will stay here at 30mg. total for the day. They say no more than 60mg. a day but I am happy with 30mg for now.;positive
1955;I was prescribed 75 mf of Lyrica to be taken twice daily for seven days with and increase to 150 twice daily to follow. Due to the side-effects I was experiencing my doctor discontinued this medication on the seventh day of treatment.;negative
1231;Atarax was prescribed for my hives, and the second day, I started having a bad reaction!;negative
3392;I have had two episodes of thrombophlebitis with deep vein thrombosis diagnosed the first time with a veinogram, and the second time with an ultrasound. I was hospitalized 11 days each time and put on heparin through an IV with complete bedrest. When I was released I had follow up medication of coumadin for 6 months with prothrombin time testing every few days to moniter and adjust the dosages. After that I began developing vericose veins that I had treated with sclerotherapy and infrared venous closure procedures of the saphenous vein for venous insufficiency.;positive
746;I would do 2 sprays in each nostril once a day. It would take about 36 hours to start feeling the benefit and about 3 days to get the full benefit.;positive
378;I was put on 12.5mg, then 25mg, and we were going to keep raising the dose slowly to minimize risk.;negative
2146;I took a half of a 10 mg Zyrtec tablet 2X a day for about 2 months. I do not have health insurance and could not get a refill.;positive
1995;I had severe diverticulitis with a kidney infection. I was hospitalized for a week and taking antibiotics and pain medication for two weeks after my release. Of course in the hospital morphine was administered for the pain management, but hydrocodone/acetaminophen was prescribed upon my release. I took the 10/500 which was more cost effective because I was able to break them in half to be less damaging to the kidneys and liver. I have taken other pain medication which gave me hives, made me have nausea or become jittery. I had no side effects from taking this medication or addictive desires to continue it after the infection was cleared up.;positive
312;Took 2 tablets in the morning on an empty stomach, and two tablets at night after a couple hours of dinner. This went on for seven days.;positive
718;Had severe cystic acne. Went to dermatologist and received prescription for Accutane. Took 100 mg (?) once daily. Had check ups once a month and blood drawn once a month to check for any possible adverse effects. Did have raised triglycerides due to treatment. Acne began clearing halfway through treatment. Skin looked wonderful once treatment was completed!;positive
2115;Roaccutane was prescribed for late onset adult acne consisting of large cysts on the chin and jaw. Improvement was observed within 10 days. Liver function was monitored. Complete remission of all symptoms for over 3 years. A highly satisfactory outcome.;positive
2553;rec'd speed but no focus. I took the dexerine in morning and it wears off at night. I lost weight for the first time as the metabolism was great, sadly i gained 15 lbs off the same diet.;negative
3678;I had been on Zoloft for 5 years with no problems. After a while it had been less effective, and my doctor cycled me rapidly through other drugs that did not work well. I had been inpatient for a week because treatment had been going so poorly. So this drug seemed better, compared to that, for a while, but gradually I noticed that I didn't so much feel better as that I just didn't feel anything at all.;negative
3218;I was on copaxone over a year ago and quit because I found the reactions unbearable. My health has declined and I changed doctors and now that I have found the confidence to accept my disease and become more proactive, I have begun applying heat to the site prior to injection. The pain from the shots have practically disappeared. I actually purchased a massager (heart massager from pure romance) that self heats and I don't have to do so much work prior to injection. I still get large red lumps if I don't put ice on it after the injection.;positive
1603;Was started on 2.5 mg daily and was increased slowly. I never finished school, back then we didnt have add/adhd just lazy students. I wanted to finish school for twenty four years and never could.. I recently took my GED and passed. I am now looking into college courses. I do feel I could benefit from a slight increase in my dose or a longer acting does as I lose concentration around early evening (study time);positive
3387;Treatment started in an alcohol rehabilitation clinic january 2010 in the netherlands. Baclofen is generally known as a muscle relaxation medicine often used by people who have epilepsia. Initially 3times daily a total of 60 mg, after 6 months 90 mg per day, to increase effectiveness. Should be used in combination with therapy. Patient was severe alcohol addict for over 20 years, and has not taken any alcohol since 6 months. Patient describes that his alcohol cravings have nearly disappeared.;positive
2839;"Singulair was intended to address my Asthma and constant coughing due to allergic asthma; instead Singulair made my symptoms much worse. Singulair significantly increased shortness of breath and fatigue--even during inactivity. Due to the worsening of symptoms, I only took Singulair for two days. Unfortunately, it took a few months before I was able to get back to my baseline (where I was prior to taking the drug).";negative
3958;This generic version of Prilosec OTC can be taken daily on a long term basis to prevent/control the symptoms of acid reflux. It is very easy to remember to take it, as it is normally taken at the same time every day-- before breakfast.;positive
941;I stopped taking the drug after 4 days. It took me 6-8 weeks to be able to walk normally again. In the 3rd week we had plans to go to a wedding out of the country, and I required wheelchair assistance at the three aiports we went through to get there. I would have missed my flights if I had had to walk.;negative
1884;Doxycycline was administered in the form of a capsule. Taken orally with a full glass of water for each dose of capsule. It was taken once a day.;positive
2795;I was taking the Bupropion as an aide to break my smoking habit. I was also using prescription nicotene patches in decreasing amounts. The treatment WAS effective in TEMPORARILY breaking the smoking habit and possibly could have had longer lasting effects, however, my skin had a reaction to the patches (I started developing large, red, hot circles everywhere they touched my skin) and I found that I could not effectively lead my day-to-day life while under the influence of the Bupropion. Once I stopped using both products, I slowly returned to smoking.;negative
2822;"Take 300 mg wellbutrin xr daily in morning, eat healthy whole foods, exercise-outdoors as much as possible, prayer; meditation, yoga, get rest, restructure negative beliefs into positive beliefs-cognitive & spiritual approaches";positive
1433;I suggest to anyone who doesn't think that these synthetic drugs are really curing their sympoms, go online and research dessiccated thyroid, like Armour. stopthethyroidmadness.com;negative
1543;I was diagnosed with rheumatoid arthritis about two years ago and began treatment with a combination of Remicade (infused once every eight weeks over a period of about 2 hours in my doctor's office) and Methotrexate 20 mg. once a week. I take 8 tablets every Friday, 2.r mg. each. I have had no negative side effects from either medication.;positive
2222;I was to take it twice a day, which I did. It was suppose to work for hayfever, watery eyes. With a severe hayfever attack the pills were of no value or effect. The pills don't stop the eyes from watering.;negative
3247;Put it in on sunday, three sundays from then you take it out. You'll start your period on wednesday, then put a new one in that following sunday. TOO EASY!;positive
1617;I was starting menopause and was having hot flashes and disturbed sleep, and migrane headaches. the doctor prescribed premerin and I only took it for 2 months. I saw a natural medicine doctor and started on a natural hormone therapy that worked very well. My headaches stopped and My sleep pattern returned to normal and I lost the weight I gained while on the premerin.;negative
728;I was seen by my doctor and he thought the medication would be the best route to take for my condition. I was told to put it on my face three time a week at night. However- I used it every night;positive
2142;"I think that you can use a drug like this as an adult and greatly benefit IF you retrain yourself behaviorally at the same time. The drug does not hold the key to your success, you do. It helps you if you work ""with it"" and relearn patterns and behaviors. examples are: time management and actually becoming AWARE of time for the first time in my life. I always wear a watch now and use alarms.I make lists,I plan short term and long term . It allowed me to develop some control over myself and my life; life no longer just ""happens"" to me. I am present.";positive
444;My doctor prescribed ten 1 mg tablets to take on an as needed basis. The prescription was given to me in February 2008 and I still have 1 left and it's August 2008. So roughly, nine tablets in twenty weeks.;positive
109;See above. I am concerned thaqt the dosage might have to be upped after a few more years.;positive
1482;Prescribed to act synergistically with stimulants prescribed for ADHD: the stimulants tend to increase anxiety, which also increases the necessary therapeutic dose for the stimulants, so this very low dose of the multiple reuptake inhibitor effectively reduces the dosage needed of the stimulant for therapeutic effect. This combination enabled me to reduce my stimulant dosage by 50% and also decreased my anxiety very substantially--the effect was almost immediately remarked on by my partner as well as in my own subjective opinion.;positive
3217;Each single use blister pack of Copaxone contains one prefilled syringe containing 20 mg of Copaxone (glatiramer acetate) which the patient self administers subcutaneously, in the fatty layer of skin, once a day. It is important to rotate injection sites daily.;positive
387;Pill once a day at the same time every day avoiding grapefruit juice for at least 4 hours before and after dosing.;positive
2341;Given 1mg Propecia for ~one week in 10/05, noticed instant compromise of sexual capacity and an increase in anxiety & confusion. Stopped because of this experience, however did not completely regain libido, sexual function or mental sharpness as promised. Tried treatment again two years later thinking my experience was normal and would subside with continued use (as indicated in drug info), until the same exact thing happened. I researched the symptoms and learned I was not alone thanks to propeciahelp.com, I stopped once again and have strived to reverse the damages since to no avail.;negative
1910;I don't remember everything for I had passed out. Needed oxygen, had epipen, benedryl and prednisonle(sp) through several IV'S.;negative
634;I decided to switch birth control after being on another brand, Yasmin, for several years. After just 2 and half months, the side effects were so severe I had to stop the medication.;negative
2169;Tried a variety of other medications without success. I am still on Zyrtec, even though I pay a lot more for it. I also use Nasonex, which helps, but not to the same scale as Zyrtec.;positive
2619;"I take Miralax in the evening, mixing it with a cup of warm water. After about three days, it starts to work. It does not ""clean out"" my stomach -- just helps me to have easy and regular bowel movements. I have to repeat the three-day program every three weeks or so. When I notice I have not had a bowel movement for a few days, then I take it again. For me, this is a great help.";positive
2486;Was prescribed as an alternative to Citalopram. Had virtually no effect on my depression whatsoever. In the period of winding down the Citalopram dose then the 7 weeks on Mirtazapine I went from mildly depressed / just about coping to suicidal, unable to cope and deeply depressed most of the time. Would advise anyone who gets rapidly worsening depression after a med change to see the doctor again far sooner than I did.;negative
3416;Will not take pill again. The side effects of loosing a nights sleep, having severe head pain, and feeling like throwing up will result in not taking another pill as this drug does not agree with patient.;negative
234;"I don't have any details. Have thought about asking my doctor to up the dosage when I was having a bout of feeling ""down"" but it passed and I didn't.";positive
2543;I had elevated occular pressure that needed to be reduced and my doctor put me on xalatan which caused my eyelashes to begin to thicken and become dark in a couple of months so I had him put me on something else so we went to cosopt. After a time I felt like this was causing increased hair loss so I looked up drug side effects and cosopt was listed as causing hair loss so I had him change it again then I started alphagan p and azopt. My eyes after nearly two months time turned red and never cleared up so the doctor dropped the alphagan p and replaced it with timilol 0.25 percent. The redness quickly went away. Now with azopt in each eye once in the morning and once at bedtime and timilol 0.25 in both in the mornings only my occular pressures have been reduced one to two points lower in each eye than what the cosopt did when taken in the morning and at bedtime. These changes have not stopped the hair loss from occuring even though timilol 0.25 percent has half the timilol in it as the cosopt and is used only once a day in each eye vs cosopts twice a day in each eye. Azopt is reported to cause hair loss and is very similar to the second ingredient in cosopt.;positive
4157;"well ive been takin it everyday for 5 months and if one more doctor tells me ""its gonna take some time"" im going to break something. i start college soon (again, had to drop out due to my painful constant periods) so im getting real tired of feeling like dirt all of the time. its supposed to make everything better and it hasnt done jack crap. i also have to take opana for the pain (morphine pills) and im going into medical school and they dont like drugs in youre system";negative
1084;started on a low dose (25mg) and built up to 150mg over 3 months which was reduced to 75mg per day after six months. This dose continues today. A six month treatment break resulted in a return of the symptoms so treatment was resumed at 25mg up to 75mg after one month.;positive
2442;Only been on Wellbutrin for three weeks and already feel a difference in my ADHD symptoms. Been on Concerta for years, but needed a drug working round the clock.;positive
2184;Take 1 MG tab at night before bed. As mentioned above, also got Botox injections to reduce eyelid spasmx.;negative
1357;I started on 10 milligrams and after three weeks my total cholesterol went from 11.5 [449] to 7.5 [293] [so i increased the dose to 20 mgm. After three more weeks my total cholesterol dropped to 5.2 and my LDL was 3.7 [NB multiply by 39 to convert to US measures] - this was still too high - the next level in Crestor is 40 mgm - i am now taking no blood pressure medication and no Crestor my regime is lots of exercise, a good diet , no refined sugar or trans fats, olive and macadamia oils, a glass of red wine and Vit E 440iu [instead of aspirin] Vit C 3 grams per day and lysine and proline 3 gms each per day [a la linuspauling.com] - after six months i get no side effects - and no symptoms!;negative
462;500ml 2x daily 7 days Had to take for a Bacterial Vaginosis. I have learned that they have a vaginal gel that works just as well. If I ever get diagnosed with this again, I will definately request the gel.;negative
1909;I took 1 400 MG pill per day for 5 days and got plenty of rest and drank plenty of fluids. (My lymph nodes and thyroid glands were swollen and I generally felt ill.);positive
4140;The pill was prescribed to me for recovering from pain after my wisdom teeth were extracted. It was a very effective pain killer. All of my wisdom teeth were extracted the same day and I was in excruciating pain once the anesthetic wore off. As soon as I took thi smedication, I felt great relief. I was prescribed only 5 pills but I felt much better after taking only 3, 1 every 4 hours.;positive
1530;I take this drug only as needed, when my back or neck feels tight or in spasam. It is perfect for the weekend warrior, or someone who has occassional muscle soreness and tightness.;positive
1722;I initially began using Retin A Micro all over my face and neck (avoiding eye area) every other night. My skin is fair and a little sensitive and it has tolerated it very well. Every other day I do get a slight peeling of my skin around my mouth, my chin and my nose. This peeling can easily be removed by sloughing off the peeling skin. The benefits of Retin A Micro are unlike any skin product you could buy over the counter, used in conjunction with an effective sunscreen.;positive
3526;I'm still taking Lunesta but that's only because I am supposed to see my doctor this week to discuss modifications and adjustments.;negative
3106;"One active tablet administered daily from the 1st day through the 21st day of the menstrual cycle, counting the first day of menstrual flow as ""Day 1"" followed by one green inactive tablet daily for 7 days. Tablets are taken without interruption for 28 days. After 28 tablets have been taken, a new course is started the next day. NOTE: in addition to 0.180 mg - 0.250 mg norgestimate each pill also contains 0.035 mg ethinyl estradiol";negative
368;To blanace my bi-polar, level 5 and help me to sleep. Helped to come off other drugs too.;negative
3643;I applied a pea size every day. You really do have to wait 20 minutes after washing your face before applying, because otherwise you will really have an increase of the side effects. Then wait a bit longer to let it absorb and use a moisturizer which is non comedogenic, like jojoba oil. Worked fine for me! And I have very sensitve skin.;positive
4094;Treatment was immediately stopped after suicidal episode and this effect was reported to the drug administration by the pharamcist. I gave up smoking without the product.;negative
3338;The side effects were so terrible, never felt so badly in my entire life. WOuldnt recommend for anyone unless they have a strong stomach;negative
226;Wellbutrin XL was used in conjunction with talk therapy to great effect. Dosage has been maintained over the years with frequency of talk therapy decreasing and alleviation of depression has been maintained.;positive
3669;had to stop the mediccine and go back to taking wellbutrin 300mg xl. the side effect of going off of the effexor included a lot of dizziness;negative
3730;Started taking 75mg twice a day, never got another grand mal seizure but still got auras about 3-4 a month. Experienced anxiety attacks in the first 2 weeks but then they went away. Increased dose to 100mg twice a day, auras decreased to 1-2 per month all was well for about 6 years. Began to notice dizziness while walking or looking down, but nothing debilitating. After 6 years, anxiety attacks sharply increased along with dizziness. Started taking Xanax XR to control anxiety attacks and dizziness. Auras decreased to 1 every 3 months. However, dizziness, slight disorientation and anxiety when Xanax starts to wear off. Xanax has helped maintain consistent sleep pattern.;positive
3417;I can recommend a reputable pharmacy (Aricept) - pill24.org I received the order and it was on time and the pills work great. P.S. 5% discount coupon code: 9sh73h;positive
4013;I was on 20mg celexa for about 6 months, Ive suffered with depression and anxiety for some time now. I was on wellbutrin for 2 years and loved it, but doesnt help much with anxiety, just more of depression. So i tried celexa and loved it initially, but i guess you can say that i dint like it because it worked too well! I completely changed. I didnt care much about going out or what people and friends thought about me. Im a contractor and started to get a feeling of not wanting to go on lots of bids or work long hours like i use to want to...which caused a big drop in income. Paying bills at the last secound, started smoking again etc. I just had that 'i dont give a shyt about anything' attitude. For me this drug completely changed me for the worst. Back on welbutrin again and feels great!;negative
903;I took Paxil for 2 weeks and after experiencing the horrible side effects I decided to tell my doctor that I wanted to stop taking it. My first 2 - 3 days were fine, until the dose was increased. Overall, this drug had to many negative side effects to be effective.;negative
3409;The patient was given a daily dose. After transfer to a care facility, the regimentation in taking the dose was firmly set in place. Staff medical personnel on site did not observe any benefits, and as a result, after about 6 months the prescription was terminated. During the time the drug was used, there was a patient review every other week to ascertain whether there seemed to be any improvement in the patient. Memory tests were administered and one-on-one interviews were executed by medical personnel. The results of the memory testing showed no net improvement nor was there any identifiable changes that might be considered positive. Ultimately her psychiatrist in consultation with the family decided that the drug did not seem to provide any net gain.;negative
600;An old and STUPID psychiatrist in Asha Hospital, Hyderabad had put me on Risperidone 2 mg, Pacitane 2 mg from past 2 years as I was suffering with anxiety and social phobia. I do not have any symptoms of Schizophrenia nor Bopolar disorder and I stopped taking the med since 4 months worrying about the serious side effects..The result is..it just RUINED my life in every aspect. I can't feel ANYTHING. I feel nothing in my brain..unable to sense pleasure..lost my unique nature..lost my personality and identity..not getting any thoughts..consciousness is reduced..not able to concentrate on any particular thing..unable to form clear ideas..difficulty understand simple things..chronic sleeplessness..stiff muscles..numbness on the hands..weight gain..sensory loss..memory shot..hearing is badly damaged..dim and blurred vision...no sexual desire at all and lot more..My FUCKING psychiatrist doesn't even let me know of these siide effects and just told me to continue the medication for two years and no need to consult him..I never know why he had put me on Risperidone.This med is really FUCKING..I never suggest this med to anyone at all and I want to file the lawsuit against the company who manufactured this ROGUE drug with these many dangerous and life threattening side effects.I will report to FDA, United States to put it in block list and RUIN their business completely.They are playing with the valuable lives of the patients with their stupid formulas and creating the FUCKING drugs..Do they bring back the life to normal once the brain got permanently damaged????;negative
4128;I took the drug as prescribed but as noted above was not successful at quitting smoking.;negative
1882;I was to take 2 tablets the first day and then one a day for 6 days. after the fifth day my congestion/phlegm was clear so i stopped the medication. i continued to have the irritating bronchitis wheezey cough. so now i'm not sure the antibiotic really helped.;negative
1656;My starting Clomid dose was 50 mg once daily for five days. The Clomid dosage was increased to 100 mg and ovulation occured. My doctor will helped me to determine that ovulation has occurred using an ultrasound.;positive
1074;It is, to my understanding, the smallest dosage available at 50/250 and my doctor suggested I even try applying once, rather than twice per week to see if that was enough to handle my symptoms. It was. The patch is so easy. I only have to remember once per week to change it. And on the rare occasion I forget, the patch loses some of its stickiness and reminds me! Honestly, for any woman truly suffering from constant problems like mine and don't fall into a high risk category, I would wholeheartedly recommend the patch.;positive
945;Injections were adminsitered by a board certified opthamologist and plastic surgeon who has specal training with this product and instructs other physiians in its use. She couldnot explain my poor outcome other than to say I had very reisistant muscles and the furrowing was very deep.;negative
3301;Began with 25mg for 2 weeks and increased to 50mg maintenance that I am currently taking.;positive
369;Gabapentin 600 mg at bedtime. Hydrocodone 7.5 mg every 4 hours or as needed.Valium as needed for sleep.;positive
3875;I took mcg. of Levoxyl for 6 years after being on Armour Thyroid for 17 years. Nodules grew back and did not feel like my self. Back on Armour for just 5 days and feel so much better. INSIST ON GETTING ARMOUR. FORGET LEVOXYL AND SYTHROID. THOSE DRUGS DID NOT WORK FOR ME.;negative
1969;am not sure the benefits are worth the side effeects. has caused a terrible change in my life style. the relief from the pain is good enjoying but the side effects keep me from enjoying the things i love, i just want to lie on the couch and sleeping all the time and the depression is terrible even though i take an antideppressant;positive
2514;Three two-hundred milligram tablets of Ibuprofen were taken for two weeks daily. The sprained-ankle caused substantial pain, discomfort and swelling. In order to begin the healing process and rehabilitation of the ankle's flexibility, Ibuprofen was taken. Ibuprofen allowed the lessening of swelling and also resulted in a subsiding of pain and thus a faster healing process. Side-effects were low and insignificant though there might be effects if taken in the long term.;positive
425;I have had migraines since I was 9 years old. Through JR high I would finish a bottle of aspirin in a week and a half. About every 3 or 4 days they were horrible with nausea , cold pack on my head, stay out of the light. About 9 years ago I developed cluster migraines. They last all day, nite for 4-5 months. I was introduced to imitex in 2005. THANK GOD!!! They have been increasing in cost terribly. I went through sinus aerials, allergy tests, bio feed back. etc. Nothing helped. I thought I would take my life when these clusters started. Not only could I not function but I had to sleep sitting up. Lying dowm made them worse. I have no side effects. But the imitrex is not working as well and I take aleve with it. Treximet is not strong enough.;positive
4098;Choose a future date to quit smoking. (I picked a date 3 months in advance)Start taking the pills a couple weeks before the quit date. I actually started smoking less without trying. Chantix interfers with the pleasure receptors in your brain, so smoking is not very satisfying. I have now been smoke free for 1 month.;positive
3803;As important as the physical action of the drug is, the psychological effect of being able to function sexually is the greater benefit. The increase in self esteem without the use of anti-depressants is amazing.;positive
811;Take one daily at bedtime for rest due to anxiety. This prescription was issued for six months and I am currently still taking it. It does not appear to be addictive as there are nights when I can sleep without it and do not crave it.;positive
512;Drug was prescribed 100 mg in the morning for high blood pressure due to chronic kidney failure. Combined with an evening dose 0f 5 mg of enalapril my blood pressure has been lowered to a normal pressure of approximately 115/80.;positive
1684;discontinued use and within 24 hours thew side effects were subsiding, and completely resolved within 3 days.;negative
2218;I had never been diagnosed with high blood pressure, but had recently gained several pounds because of the double round of steroids I was put on because of a severe skin rash (seasonal allergic reaction). Since we had recently moved I didn't have a PCP yet and the rash on my arms looked like it may have been getting infected, I went to a local emergent care center and saw a doctor there. They took my blood pressure and immediately put me on Benicar HCT, 20 mg, once a day. I took the medication as prescribed until the anal pain got to be too bad. Since going off the medication my BP is a little elevated but I'm reluctant to go back on any meds, especially no one seems to be willing to admit the Benicar caused this problem or is offering any solutions to help it get better.;negative
2018;I take 2.5mg of Bystolic one time per day to control palpitations. This drug is commonly prescribed for hypertension but I do not take it for that. At this dose it does not lower my already low blood pressure very much but it is effective against the palpitations.;positive
674;I have been taking cimetidine and medecines of the same family with no much improvement of my acid reflux and with a lot of side effects for about 2y then I tried Zantac and It feel like a miracle drug my acid reflux was under control and the side effects of cimetidine disappeared totally in about 3 months.no side effect with Zantac. Zantac the brand medecine is for me more efficace then the generic ranitidine but I am not sure of the reason;positive
2104;I followed the directions which were to increase it gradually. Another drug that I have had success with is hydroquinone. It does bleach out my melasma very well but it takes perservance and regularity in its application.;negative
443;I WAS TO TAKE THIS MEDICATION ONCE A DAY IN THE MORNING. WHEN I FELT NO BENEFIT I DISCUSSED IT WITH THE DOCTOR WHO SUGGESTED AN INCREASE OF THE DOSAGE. I DECLINED. THE TREATMENT THEORY WAS THAT THE LORAZEPAM WOULD HELP ME WITH ANXIETY AND STRESS WHICH IN TURN WOULD BE AN AID IN ADDITION WITH THE BLOOD PRESSURE MEDICATION TO LOWER MY BLOOD PRESSURE.;positive
1878;take 100 mg tab bid after eating and at least 30 minutes before going to bed in pm;positive
556;Please dont take this medicine it made my acne horrible! I only had mild acne in my chin area. After taking this medicine it made my acne worst like never before in my life. I started getting severe acne all over my face!Now I have ugly acne and scaring and before this horrible medicine I only had ugly chin acne!I feel so depressed! I dont want to live any more!;negative
632;Pill form, 2 a day. It was pretty simple. I had been receiving it in the hospital as a drip (liquid).;positive
3125;Had abdominal surgery for diverticulitis, during procedure a hole was riped in the bowel. I was placed on a number of IV antibiotics, I was nausea the full 10 days in the hospital so 2 days before discharge they pt me on Reglan.;negative
2269;in combination with talk therapy, i took 40 mg of Lexapro in the morning because when I took it in the evening, it caused some restlessness. Before Lexapro I took Prozac for a year and found that it caused me to have interrupted sleep cycles so that is why I changed to Lexapro;positive
307;Small amount of the ointment was applied twice per day for three weeks and the spots gradually reduced in size and dissapeared. Because this is a very strong medication it was applied somewhat sparingly to be conservative and it still worked.;positive
4054;i was required to take drug for seven days. i only took it for 5 days and it still worked;positive
787;take one as needed for insomnia. I took it every night. When it was gone, I discontinued use, as I felt that I was becoming dependent on this product.;positive
4109;Chantix somehow seems to suppress the pleasure part of the brain. Before you realize it... you will have gone a whole day or maybe days/weeks without even thinking about a cigarette subconcsiously and when you do smoke a cigarette there is little to no euphoria or any other sensation for that matter, its just the taste of smoke and nicotine. I also found it suppressed my appetite and my desire to drink, as well.;positive
1072;Not sure of any details, since it was during surgery and I was not awake.;negative
434;One pill is taken at the onset of the migraine. I have only needed an additional pill (taken 4-5 hours after in initial pill) once or twice in the fifteen years I have been taking the drug.;positive
1358;used tablets for 2 1/2 years, did not realise that the cramps after 1 year could be a side effect so i kept on taking the tablets, still didn't realize it when i got these enormous swollen legs. By the way Ezetrol gives me dizzyness (vertigo) so I chucked him away too.;negative
3884;Not much to tell. I was just starting treatment with Klonopin and Abilify with the goal of stopping Klonopin in 30 days and then seeing how Abilify was working.;negative
3116;28 day pack, 1 pill a day for prevention of pregnancy. Prescribed 28 pills to take once a day for a year supply through my doctor till the next annual exam.;positive
2987;I'm not sure what this means other than I was started on 40mg once per day and then increased to 80mg where I have remained for 5 years.;positive
3509;1mL Minoxidil was applied twice daily to the scalp until the entire dose and been absorbed. treatment was coupled with Low Light Laser Therapy - 650nm 5W lasers that served to biostimulate the scalp and help in the halting of the effects of DHT.;positive
2150;I have taken this medicine once daily, in the morning for at least 5 years. It has been very helpful and does not make me sleepy. It does not, however, last the 24 hours claimed, which is why I also take benadryl at night to manage allergy symptoms at night.;positive
3356;As previously stated, because my cholesterol levels were high, the doctor said I should take Lipitor for one month and then we would retest the cholesterol levels to see if the medicine was effective in lowering the levels. But, because I was unable to take the Lipitor for the entire month, the second cholesterol test was never taken. After taking the Lipitor for about 10 days, I stopped taking it. A few days later, I did try to take just half a pill. But within days, the side effects started to return.;negative
1086;effexor was for the depressioin part of a treatment plan to maintain stability in bipolar;negative
1531;I saw the primary care physician for neck and hip pain, she prescribed skelaxin and physical therapy. The physical therapy was the treament that worked, along with simple ibuprofen. Skelaxin did not help with muscle relaxation, and I did not refill the prescription--at over $100 for a 30 day supply!;negative
672;Part of my treatment plan was to undergo an endoscopy to find out what the problem was initially. The doctor who performed the endoscopy prescribed the Zantac. In the first 24 hour period I felt no differently, but the second day I started to feel alot better. At the end of the two weeks period of taking 2x tabs per day I felt completely back to normal. I ceased taking the Zantac after my follow up visit with the doctor but was advised to keep some handy for future use.;positive
2765;The use of parlodel to regulate ovulation and prolactin levels for about two years with regular blood tests to check levels of prolactin. After 2 years and a stable level of prolactin, the medicine dose was reduced to half and then completely stopped without increasing the levels of prolactin.;positive
861;It's long lasting nature often means that if I am experiencing anxiety only one dose is enough to last through the night into the next day... and often it seems as though the body remembers and stores this relaxation so another dose is not necessary. I only take when needed which can mean I go months without a dose... this is important as for me personally if I see valium and other benzodiazepine drugs as a long term / life treatment its vital not to become addicted and dependant as this not only means needing a drug to function (shackled by a drug rather than using its benefits when really needed.) But if your body has constant daily dosing for months or years your brain stopped producing natural relaxation chemicals meaning that you need more and more of the drug to get the same benefit and also because of this after years of high dosage extreme withdrawal symptoms can occur while the brain starts to produce these chemicals again.;positive
4149;It seems every time I am treated for pain in the hospital they want to give me percocet. The reaction is very quick and seems to affect my arms the most.;negative
3127;"I took 100 mg Levoxyl, which provides a thyroid hormone called T4. It's success depends on the body's ability to convert T4 to T3; adding Cytomel proves T3 (the active hormone) directly. I now take 10 mcg Cytomel along with 100 mg Levoxyl and symptoms of low thyroid have resolved.";positive
204;Once I applied it for my dermatitis (the doc. prescribed it to me because she said it was non-steroidal), there was redness and tinging on the side of the application, which I thought was a normal side affect that should go away on its own. I kept applying it diligently as prescribed. In c couple of days there was a rash on the area ( I called the doctor about it and she said to stop using it for a couple of days and then apply it , since that might have a been a normal side effect). I did what she told me to, so I reapplied the drug again in a couple of days, there was redness and irritation and then later on the following day I had a cold sore developing on the spot (the affected area where I was applying the cream was the upper lip and the noso-labial folds). Plus to everything else I had a bad a headache, which as I found later could have been the side effect of that medication. I went to another dermatologist and she said that she would have never prescribed that medication for the face especially if I have a tendency to develop cold sores because that medication serves as a immunosuppressant.;negative
2842;After many tests and a variety of test treatments my dermatologist determined a course of Singular would be the best course of treatment for the chrnic hives I was suffering from. I began taking it as per his instructions (one tablet nightly before bed). Within a matter of 2 days I began to feel incredibly tired. By day 5 I found I was falling asleep at odd times throughout the day. I called the dermatologists office and was told to expect some tiredness and to continue with the treatment. At the end of one month the tiredness still hadn't subsided. I returned to the dermatologists office and informed him I could no longer tolerate the side effects. He stopped the treatment of Singular.;negative
4080;noneafter leg brace removed, i simply needed to walk. leg muscles neded to be forced to bend-at the same time the knee was cut to the bone in fall and i couldn't bend. the first 2 weeks i could not walk without crutch and put strain on my other leg & hip causing more pain. my skin seemed to be stuck to the bone and had to be manipulated by hand to break loose-this took several weeks w/ physical therapist and myself doing this.;positive
3018;"I went to urgent care because i was having severe kidney pain and i found blood in my urine. The dr. too found blood and protien and suggested this drug. I mentioned that i rarely take even and aspirin and am prone to side effects. I also mentioned that a week earlier i had bloodwork done and it showed an inflamed liver. I waited for the office to call me with the results which they never did. Finally i called and they said they had lost my number, but yes indeed i did have a UTI. (8 days later). I mentioned that i was having severe side effects and before i said what they were, they said, ""It doesn't sound related to the drug"". It was an apprubt brush off. Will these sypmtoms ever go away? What is the time frame?";negative
3859;The only difficulty taking this is that one has to wait thirty minutes before eating or drinking in the morning. Therefore I take it upon first waking up - immediately. Or sometimes I take it and go back to bed if I am awake early.;positive
3085;I had severe acne on the chest and back. The drug got rid of the problem very quickly (within a month) but it came back worse a year later. It was highly effective. I should have treated my condition earlier as all of my chest and half of my back was covered with painful acne.;positive
854;After being diagnosed with temporary vertigo, I was given prescriptions for this plus Meclizine for dizziness. The two combined brought the vertigo completely under control. There were no side effects. I took the medication as originally prescribed for two days and then, at my doctor's suggestion, reduced the amount to as-needed. The trimethobenzamide made it possible to eat normally, with no uncomfortable feelings of nausea.;positive
1457;I have recurrent major depression. This medication was prescribed to deal with a severe episode. When I stopped taking the medication after at least a year, my memory rapidly improved and I felt more alive. I had a very bad experience with this drug.;negative
1116;effexor xr 75 mg. 3 times per day, at present. hoping i will find something to help. i don't even know what drug to suggest. i've been on prozac, and zoloft. the zoloft worked for 5 years, and it just stopped working also. tried paxil for short term. it made the anxiety worse for me.;negative
1364;Doctor diagnosed me with Viral Bronchitis after and xray. He then prescribed Penicillin to treat it. Worthless treatment, since Penicillin is totally ineffective to fight a virus.;negative
3058;Took this drug as needed and the results are very good for reliveing severe pain.;positive
61;I was to take 10mg three times a day for headaches as needed. My doctor said if it works, I can stay on it. I recently decided to get off narcotics and this is a good medicine to take.;positive
63;I was prescribed Flexeril (10mg) for a muscle spasm in my neck that was pinching a nerve to my right arm. I took the ten miligrams of Flexeril three times a day for about a month as needed as it was prescribed. Then, as the symptoms lessened to the point where they only bothered me on and off, I took the ten miligrams only once or twice a day depending on how my neck felt for about another month, and finally, during the next month, I only took it when I started to feel like the symptoms might be coming back, which was maybe once or twice a week. Since then, I have not experienced any symptoms, and it has been over a year.;positive
1652;medication is taken once daily for blood pressure control. blood pressure is very well controlled. no side effects.;positive
2604;I've been taking Ortho Tri-Cyclen Lo for about 8 years now. I'm (21) I began taking BC when I was 14 because I was having irregular periods and was diagnosed with possible PCOS ( Poly Cystic Ovarian Syndrome) Pros:The BC hasn't altered my appetite or weight...I have never suffered from severe acne but noticed that my skin appeared clearer while taking the pills... predictable periods...no cramps or bloating...Cons: the only negative side effect I noticed was that I was moodier then usual. Ortho Tri-Cyceln Lo has worked well for me...everyone is different so I can't say how it will work for everyone else. I hope this was helpful. My doctor recommended Yasmin but I'm scared to try it because of all of the negative reviews it has received!;positive
978;only took it 5 days and felt so much better when off this stuff even though i still have a uti;negative
2735;I started with 10mg. I noticed a difference after just one week. It worked really GREAT. I was able to sleep with no problems at all. If I woke up for any reason, I'd just fall back to sleep right away. It was a lifesaver to me. I wish I could still take it.;positive
3449;treatment commenced when the patient was only just 40,at which time the symptoms vere already beginning to be very severe.The daily doses were started at that time,for a while premarin only,and after about a year provera was added,at the patient's requests,based on results of personal research which recommended a combination of the two.After using the drugs for nearly 20 years they were discontinued,the patient feeling they had been of great benefit.;positive
2098;I wash my face with a sulfate free cleanser and rinse. Wait 20 minutes and then apply the Renova cream to my face and around my eyes and mouth. Also slightly under my chin. I've found Renova irritates my neck skin making is red and itching.;negative
1147;This is the most remarkable drug available! Insurance companies REALLY NEED to cover this again!!!;positive
2272;I stopped taking the Lexapro and have been trying to manage my depression on my own with yoga, light therapy, supplements which has only been mildly effective.;negative
2428;I was able to find an osteopathic doctor who put me on a natural thyroid, not a synthetic, he calld it a dessicated thyroid which came from an animal source, so I was able to get off the synthetic. Then after being on that for a while, he was able to get me off of that and I took a natural supplement, L- tyrosine It was wonderful to get off of a prescription medication. I hope this information may be helpful to someone out there.;negative
3016;So I think I have described the details as I can or needed in the descriptions listed above. complely;negative
752;I have recently started using a Netti-Pot in hopes of being able to stop using Flonase daily. I have not yet weened myself from Flonase.;positive
3003;"i was treated for a UTI with ciprofloxacin first; i took the medicine as prescribed exactly. within two days i started having symptoms described above. the doctor told me to switch to tequin, an analogue. the same effects occurred, only more severely this time. i had to stop the medication after a few days, or it felt like i would have to go to the emergency room. i felt like i was dying. the week that i was on these drugs was enough to cure the UTI however. i recovered from the symptoms after about 5 days after stopping the meds.";negative
277;Lack of sleep severely impacts my mood and none of the other sedative medications that I had tried worked, so I tried xyrem with beneficial effects.;positive
2601;My sister is also on this pill (for birth control) and she has experienced many side affects from it, too.;negative
3182;I take 1/3 to 1/2 of a tablet each night about 20 to 30 minutes before going to bed.;positive
480;they didn't work even after dossage was increased, Monitored at home and in doctor's office, results were the same.;negative
3022;I was approximately 44 years old. When fertilizing my garden, the wind kicked up and blew the fertilizer all over me. After washing it off, the skin on my midsection (around the stomach area) began to itch and turn red. Shortly afterwards, blisters appeared and the skin began to be infected. My doctor prescribed Cipro, which not only did not work but caused my lips to be extremely swollen, so swollen that the skin on my lips split in a few places and bled. I could actually easily see my swollen lips by simply casting my eyes downward. I stopped taking the Cipro and reported the condition to my doctor, who was at a loss to explain why the Cipro did not help my skin infection.;negative
4061;I gave my son a teaspoon of amoxicillin after each of three meals per day for ten days in total.;positive
498;one pill everynight at 9pm for as long as the treatment works, can be very long term.;positive
2339;Taken on a daily basis at the same time everyday. Taking it everyday at the same time increases the potential for the medication to work so that the body gets a consistent dose to work with. Otherwise the body gets confused.;positive
2362;Mostly generic Proscar - 5mg tablets cut into six equal pieces - 4 days on and one day off in a continuing cycle.;positive
3600;I was to take 400 mg daily, but could not handle that. After letting the drug dissipate out of my system, I resumed it at very low doses (25-125 mg daily) plus herbal and homeopathic remedies. This finally, after several months, got rid of the fungus.;negative
878;I was being treated for adult rheumatic fever with antibiotics and steroids and paxil. I had a very hard time coming off of the paxil and I was very uncomfortable on it. The mental benefit was not worth the physical detriment.;negative
526;I took one milligram at night to treat the symtoms of restless leg syndrome. I had a sleep study which showed that my legs about every two minutes while I was sleeping and that brought me out of a deep sleep. My doctor put me on requip to keep my legs still so I could fall asleep and get better rest. It worked well. I had tried all sort of behavioral remedies to help with my legs and nothing had helped until this medication. I slept better than I ever had since I could really relax instead of waiting for the nightly discomfort in my legs.;positive
3626;Initially, I applied the cream every night. Then after my acne went away, my dermatologist told me to continue using it if I wanted to for anti-aging benefits.;positive
1494;I have rosacea on one side of my face and my physician prescribed Metrogel in 0.75%. I rubbed the cream on the rosacea twice a day after washing my face. After six months I saw neither improvement nor complications/side effects.;negative
593;Twice daily, and then stepped down to once daily after a new doctor recommended that the patient only use one per day for prevention, due to slim size (110 pounds).;positive
2433;Started taking the drug in May, recently stopped due to the connection between all my heart problems that started when I started the drug. Now am having to see a cardiologist to make sure there is no long term damage to my heart.;negative
1349;Began dose at 20 mg/day and have remained at that dose for 3.5 years. During that first year I also made some nutritional modifications. I recognize now that it was a half-hearted effort, but the combination still provided very good results.As of today, my cholesterol numbers have gotten even better. total CHOL.=102 TRI=49 LDL=55 and HDL=37(started @38).I had lapband surgery 3 months ago and have made dramatic changes in nutrition in addition to the medication.;positive
1548;Once weekly injections with methotrexate. Also took prescription-strength folic acid to minimize any side effects.;positive
1798;Have now been taking off the drug as my GP thinks I have an intolerence of the drug of which I told them off in the first instance. Feel worse now than I did initially as now so tired and unable to hold down my job, or in fact function in any positive way at all right now. Further advised that if I still feel depressed in a couple of weeks they will try prozac!;negative
4001;weekly by pill no food for at least 30 minutes said to remain resident in the body up to 10 years initiated weekly exercise - weight bearing to improve the potential for success;positive
2479;I inject myself twice a week in the stomach area, which is a feat because until this happened, I was scared to death of getting injections.;positive
3198;after noticing eyes twitching went back to peditrican said it was something else called pandas associated with strep throat but sympthoms got worse going to hospital because of having seizure like episodes took off medicine we nt away for 2 years but are still suffering from effects of seizure like episodes but neurologist exams say not seizures but dont know what they are i still believe it was the drug all started with the overdose brenda n son;negative
2649;I had to take this drug for 5 days and then come off of it for 2 days;negative
707;I began the medication at a dose of 30 mg once daily and it was increased to 60 mg... which became the maximum i could handle without significant discomfort.;positive
2777;Medication prescribed after root canal dental work to treat initial symptoms of infection. While infection did not occur, diarrhea was so persistent that I had to seek medical treatment. Will not take this again.;negative
2950;I took the Zyban for three weeks and it helped me to quit smoking, but the side effects/allergic reaction was to severe to continue.;negative
3586;Applied Differin to skin in the evening, most evenings for several years. Acne was improved after a period of 3-4 months. Treatment contiued for a period of several years.;positive
3137;The pills were taken three days before the flight to South Africa, specifically one pill a day for ten days or duration of trip. Upon arrival home to the United States the pills were taken for a few more days.;positive
2600;Upon having irregular periods, my doctor prescribed the pill to regulate them. Upon taking the pill for a month, I found that my periods did become regular. In addition, the pill has so far prevented unwanted pregnancy. The only side affects I found were slight weight gain. However, this is easy to overcome with excercize. Therefore, I feel the benefits outweigh the side-effects of taking this medication.;positive
3981;I am taking this medication after being diagnosed with Irritable Bowel Syndrome. I was on Zelnorm for this and it was like a miracle drug!! It fixed all my problems for months, then it went off the market. The doctor then told me to try this as an option. It definately helps more than not taking anything at all and I can tell when I get these stomach pains that I forgot to take the drug.;positive
3532;Was told I fall into the low percentage of people who have these same side-effects. Taken off Lunesta and cannot take Ambian for the same reasons. Tried Melatonin, 5mg a night...works like a charm and I haven't been in the kitchen baking!;negative
4073;During the second week, I noticed I felt bad and drained. By the beginning of the third week, I had a positive test for a urinary track infection. I was given Cipro. Three days into the Cipro, there was no change. I also was waking up at odd times of the night, which is odd because the Lyrica puts me into a deep sleep. I knew then that I was having side effects. I looked on this site and read the clinical studies that listed all my issues.;positive
759;Got the nasal spray for running nose, probably due to allergy or cold weather. It has worked pretty well. Much better than OTC nasal apray.;positive
2636;I was given the drug intravenously while in the hospital and a perscription when I went home. I was swollen from my breasts to my toes and attributed this to the surgery.I had told my doctor that I couldn't tolerate a high does of ibuprofen so she prescribed the generic toradol as pain relief. When the swelling showed no signs of abating, I looked up the drug's side effects and saw that swelling of the torso, thighs and legs was listed. I was trying to reduce the swelling so I stopped taking it and switched to 1 ibuprofen 4 times a day. That relieved the pain and the swelling immediately started to go down. When I told my doctor she said swelling of the torso was not a normal effect of the surgery. I conclude that the drug was at fault.;negative
231;take one tablet once a day every day for the rest of my life. take one tablet once a day for the rest of my life. take one tablet a day before breakfast wait 30 minutes before eating. take with one glass of water seems to work beter if I take it in the morning before I have anything to eat and wait 30 minutes before having breakfast.;positive
2629;one injection and my life turned to hell as started to bloat like a milking cow,lost self esteem and fiance,lost friends,lost will to live,no sex drive,no self love;negative
2491;After trying many anti-depressants, anti-anxiety and panic drugs - sometimes alone, sometimes in combination, nothing really worked for years until i tried (and continue to use) Remeron. It has made a *world* of difference to me and my quality of life. Started out on 7.5 mg one per day - gradually increased it. Too much made me sleepy, but found a right balance. Wish i knew about the drug many many years ago.;positive
2952;I began taking 150mg/d two weeks/ 14 days before my actual quit date. On the quit date, I also started a series of yoga classes and regular physical activity through the first few months of smoking cessation. I decided to continue taking Zyban beyond the recommended period to a full 3 months at 1 dose daily. In my experience, I would recommend a lower daily dosage of 150mg/d for a longer extended period of time given my success in using Zyban in this manner.;positive
2200;In order to counteract the side effects I took Benadryl for a possible allergic reaction and Prednisone to reduce inflammation. Had to take 2 Tylenol every 6 hours for pain. This drug has not had anywhere near enough testing. In the aftermath of my experience I have now heard for 4 seperate people that they know or heard of someone with a bad Boniva experience. This drug was once a solvent / cleaning product in industry. How on earth did it ever get fed to mammals to see the effect on bone loss / bone growth? I will never take it again, even if I wind up only 4 feet tall. It is a horrible drug.;negative
105;Started taking right after surgery. I had to subsequent surgeries during the following 5 months. Was taking in conjunction with narcotics right after surgery and for a week or so, then only the Celebrex. After about one year, it was reduced down to once a day. I noticed if I didn't take the medication my shoulder would consistantly ache at about a 3-4 out of 10 pain scale. With the medication, I would rate the pain as 0-1, not really noticeable, but still there.;positive
2638;Three dental implants were being implanted into the front, lower jawbone to anchor a bridge replacing 4 lower incisors and 2 lower canine teeth.;positive
1266;"My ER doctor immediately paged the cardiologist on call. Arriving quickly, he assessed my condition and determined that my only chance of survival was a transport to a regional heart center 35 miles away. As he awaited the ambulance, he took me to my local hospital's heart catheterization lab, not to put a stent in, but to push a tiny balloon through my femoral artery to a destination next to my aorta, after which a tiny battery powered air pump was used to inflate the balloon and keep it inflated. The balloon (called an intra-aortic balloon pump) works by temporarily filling the empty space around the heart, then applying continuous gentle pressure to my aorta in an effort to keep my blood pressure from additional falling past the small amount that would otherwise kill me. Arriving at the heart center I was unconscious and would lapse into a coma for 9 days, kept alive by mechanical ventilation through a tube inserted through my throat to my lungs (""I'm in"", the TV doctors always say when the get the insertion right).";negative
2899;after the shunt replacement, the patient was fine. the operation for the replacement took place at noon, and at about five o,clock in the morning the next day, he died. his skin was mottled, and he had an emesis in his mouth. about half an hour before, the nurse caring for him reported he was fine and sleeping. about four hours after the operation he was fine, watching television and joking with visitors which included his father. a code for resusitation was called, and after about 30 minutes the code team ceased operations.;negative
3741;I am, under the direction of my doctor, reducing dosage in 25 mg increments and taking several vitamin/mineral combinations, including copper, zinc, biotin, and selenium. But there is no assurance that my hair loss will ever reverse itself -- in fact, it may continue.;negative
1322;I began experiencing serious stomach pains and persistant diarrhea. Friends and family suggested that I had irritable bowel syndrome and I thought I would just have to deal with it. My symptoms progressed to the point that I was barely eating and had lost a significant amount of weight. I consulted with a gastroenterologist who performed an endoscopy. I was diagnosed with multiple stomach ulcers and was prescribed Prevacid 15 mg capsules to take once daily. Within 2 weeks of taking the medication, I started to notice improvement in my ability to eat certain foods. Within one month, I could eat practically anything with only an occasional onset of symptoms. After 2 months, I was no longer having any problems. My doctor recommended that I continue taking the medication and I did so for approximately one year. I have had no problems since discontinuing the medication so it definitely resolved the problem.;positive
931;"I began having very irregular heart rhythm within about 2 1/2 weeks of taking this medicine. I began feeling like I was going to pass out or maybe my heart would stop beating & I would just keel over & die if I didn't immediately start moving around. I could be sitting or laying down in bed & these ""spells"" would come on out of the blue & very regularly. I spent one night up all night laying on the couch because it was so bad that I was afraid that if I fell asleep I might not wake up. I tried to pretend it would go way at first but then made an appointment with my Dr. first & then a cardiologist, it was just too scary. My Dr. didn't believe that it was the medicine. By the time I could get in to see the cardiologist & have the heart monitor holster, echocardiogram etc. done I had been off the medicine for 2 weeks & the symptoms had lessened & of course did not appear while I was being tested. The Dr. thought I was crazy & that there was no way it was the medicine & that maybe I was having panic attacks. I have never had a panic attack in my life & I have had similar heart rhythm symptoms with other meds that quit when I stopped taking them & I know my own body. It WAS the lovastatin. It took a year & a half before I started feeling normal again & didn't have these attacks come on sometimes. I truly believe the lovastatin had an affect on my heart that took that long to get better. I will NEVER take another cholesterol med again that has the possible side affects of affecting muscles. The heart is a muscle. I also found that other people have had this same experience while taking statins while I was researching this on the internet. Neither Dr. would even look at the article I printed out about it & it was even written by another Dr. who was researching statin side affects.";negative
4154;This lotion was applied to cleansed skin topically twice a day for a period of one year. The result was the drying of and reduction of very bad acne and skin boil breakouts with the side effect of red, dried and slightly sensitive skin. This was reduced by using a non allergenic topical skin moisturizer which alleviated the side effects;positive
1957;I was supposed to take it for 7 days once a night, then two pills for the next 7 nights but I never got that far.;negative
252;50 MG Tramadol 2 times a day.Tylenol 500 MG 3 times a day for the Arthritis pain. Neither really help much to get rid of the pain. 500 MG Metformin 3 times a day.Glyberide 1.25 MG 1 time a day for the Diabetes.I have done well on the Meds as far as keeping Diabetes under control.;negative
2563;Took one 40 mg pill at 8:45 in the morning. By 9:30 am I could not breathe and 911 was called. I lost consciousness before I was placed in the ambulance. I awoke in the ER and was told that I NEVER should have been prescribed this medication.;negative
3394;Well, theres not a whole lot to say about the treatment details. I take one dose per day in the morning. Its a dry disk powder that you inhale. Its very easy, quick, and seems to work very fast.;positive
4072;Take two 7.5 tabs twice a day. Return to DR. in 2 1/2 weeks. If it works good we know if not we'll go from their.;negative
1339;After increasing dosing frequency to twice daily, abdominal cramping and then severe diarrhea, medication had to be stopped.;negative
400;"Treatment consisted of a morning and evening dose of lantus split up as 30 units in the evening and 15 units in the morning. It took approximately two years of playing with the dosage amounts to find this as the ""best fit"" as all dosages either resulted in extremely low evening blood sugars or extremely high morning blood sugars. Also, changes in activity result in severe blood sugar swings as well.";positive
1907;twice a day DOXI 100 mg...plus face creams.. I wash my face carefully everyday, I exercise (jogging) but it is the same and even worse, my face gets red and have several bumps in my whole chics...hate it! :(;negative
1609;2-100mg tablets are taken at bedtime. The dosage is self medicating, which means that if the condition is under control I can lower the doseage to see if the contrlo can be maintained at a lower dose. So far, after one year, I have been unable to do so.;positive
3758;Take 2 pills orally daily and facial and body acne was reduced to very occasional mild acne.;positive
3880;I was prescribed Abilify (15mg/daily) to assist in moderating my mood. In the three months I took it, I did not notice any significant improvement in mood stability, and DID notice majorly debilitating side effects. I finally convinced my doctor to wean me off of it, and I guarantee I will never go back!;negative
2784;I take my asthma medications daily and will continue to do so for the rest of my life. The same is true for my seizure medication.;positive
417;After over the counter medications failed to relieve headache pain I could tell if the headache was triggering a migraine and at that time take the imitrex pill and the migraine would be totally gone within 30 minutes. If the migraine was to strong with nausea symptoms and the pill didn't work, I would then take a imitrex 6mg shot for almost instant relief including nausea. Very rarely will the imitrex not work and then I have to go to emergency room.;positive
2684;Started on Lisinopril(20mg)/HCTV(12.5mg) and after 5 days the leg and back pain, headache, jumpiness were unbearable. Doctor assumed potassium loss due to the dieuretic and took me off the HCTV and went with Lisinopril(20mg) only once per day. The side effects continue well past the time when the HCTV should be out of my system. I am going to the doctor tomorrow and want off this drug completely. Plan to use diet and exercise to lower my BP.;negative
3445;In order to correct Polycystic ovarian syndrom and to get pregnant I was given Progestin and clomid to resume ovulation. I would NEVER* take either of these synthetics again! I was a basketcase with mood swings, crying, depression etc.. and once I discontinued use I was able to return to a normal mental state. I used this for over 3 months while my poor family suffered, never recieving the results I hoped for. I achieved results only when I went natural and used a natural progetserone cream from AIM made with wild yam and instead of horrific side effects I had pleasant ones...my acne cleared, my insomnia got better and my overall mood was improved, 3 months later I was pregnant! I will always try herbal before synthetics from now on.;negative
3673;My Dr gave me a sample pack (containing 7-37.5 mg capsules & 7-75mg capsules) as well as a prescription for 75 mg. I was to take the 37.5 mg capsules then the 75 mg capsules. The dosage has been increased over time to 300mg.;positive
1232;Well, it all started back when I was fishing for jims and johns google which nothing seemed static relativity bound night train into fox holes stuck like glue into a world of hybrid horses, far from the eye can see in marlboro land once before the blue moon on the buildings outer limit limo taxi service system.;negative
3157;Following the steroids, I am going to have endoscopic sinus surgery to treat the blockages in my sinus passages.;positive
4125;Literature says that desire to smoke should cease after 2 weeks. It took about 3 1/2 for me. Chantix effectively helped me quit smoking without horrible withdrawals and side effects. It has been 1 year and 4 months now. I am completely free of cigarettes now. Chantix was the only thing that helped.;positive
902;When I started taking paxil, I was severely depressed. When I woke up in the morning, I would sit on the side of the bed for around 30 minutes before I could finally get up and start getting ready for work and then I would still cry until around 12 noon. After taking paxil for about 3 days, I had a job as a courier and I caught myself singing and dancing to a song on the radio. I couldn't believe it, I had not done that for about 5 months. Also there was the great side effect of appetite loss, especially at first, where I had actually forgotten to eat all day on several occasions. I still take paxil today, and I my emotional state is more balanced. I am also happy with the amlodopine.;positive
2427;I was put on synthroid to cure a slow thyroid. It did not help and I discontinued use. I was changed to Armour Thyroid and have had fabulous results with it. Armour Throid is what was giving to before the drug companies came out with a synthetic version of it.;negative
4107;I tried on numerous occasions to stop smoking but was unable to remain smoke free. I read about Chantix in a magazine and set an appointment with my doctor to see about getting a perscription. I began my therapy, set a quit date for one week later. I followed the instructions and noticed at approximately day three, that my cravings had eased somewhat. In the days that followed, the payoff I usually recieved from the nicotine no longer had the same effect. This was somewhat annoying to me, however I continued with the medication until I finally quit smoking. I have been smoke free for over 6 months off the medication. Chantix is one of the most effective medications I have ever used. It really worked for me.;positive
2518;Overall I'm very satisfied with the medication in it's efficacy and side effects profile. I only experience occasional side effects and in general the medication is very effective in treating and preventing menstrual cramping. However, the medication is best being taken before the cramping has started or immediately when the cramping starts because the longer you wait, the less effective the medication is, regardless the dose of the medication.;positive
523;Gradually increased dosage. After last overnight sleep study doctor increased by dosage to 3 mg. That's when the severe nausea and then followed by vomiting.;negative
2917;After badly twisting my ankle I took the pain killer Tramadol . Although I was advised to take one tablet , three times per day. I did actually only take two tablets during the day. I felt the results were more than enough.They worked well enough and long enough to last me for a longer period of time.;positive
550;apply ointment to areas of skin before bed - use sparingly a small dab rubbed into the scales works wonders;positive
1034;1 pill, 30 mg, Vyvanse, as needed. I never take more than the prescribed amount (not trying to get addicted, here). This treatment is concurrent with my ongoing treatment for chronic depression.;positive
2485;Taking before bed to help depression. Coming off the drug I felt awesome. Within a few days my energy returned as did my interest in my girlfriend. This drug was total crap. I'm now taking temazepam to help with sleeping and that is working pretty good most nights, no side effects.;negative
876;To help me thru the early stages of the grief process in stroke recovery, which I guess it did, my emtotions were volatile at times, very hard time emotionally for a bit. But I hated the numb feeling it gave me and worried me how I would react (if it would be too slow) if my kids had some sort of emergency..they were 5 and 6th grade at the time.;negative
971;Rinsed mouth vigorously with solution, refrained from eating, drinking, brushing, etc for 1/2 hour after use. Used twice per day. After side effects noted, irrigated only some areas of mouth. Discontinued when sores persisted.;negative
3535;This is by far the worst medication I have ever taken. I got no help, in fact the problem got much worse and the side effects were unbearable!;negative
3520;The only problem I have with the medication is that it is expensive--about $5.oo per pil--and that it doesn't always work. It doesn't always help with jet lag, for instance, and there are other times when I lose half the night anyway, usually in connection with PMDD. It works about 80% of the time.;positive
2245;"If you take one pill as soon as you feel the tingle of a cold sore coming on, often it will not even appear at all. I know you might think, ""Maybe there wasn't really one in the first place."" But if you get cold sores regularly, you know. Sometimes if I couldn't get to the pills right away and a cold sore did appear, I would take a total of 4-5 pills in the course of the next 24 hours, and the sores would often be gone within 2 days instead of the usual 10. If you can't get to the pills within the first 24 hours, there is really not much good they can do after that, from my experience. This drug is kind of expensive--if I recall from before I had insurance, it was $50-75 for a bottle of Zovirax, but now they have a generic form so it is probably less. Regardless, this drug is worth its weight in gold.";positive
2239;"I am to take this in the morning daily. I am afraid to stop it because I fear the hives will return, but the sleepiness and lethargy in the afternoon is not pleasant. I am considering cutting the tablet in two. I have stopped the pill altogether for a few days to see what happens since I was told to ""take as needed"".";positive
3196;Son has been on several antibiotics but this one has seemed to cause major behavioral changes. He became irritable, aggressive and uncontrollable. If you use this for your child please stay aware.;negative
2570;Withdrawal had to be done very slowly over several months. I would NEVER use benzodiazepines ever again. They are for single use only. Have since learned that even after a few days use there can be rebound effects. These drugs are dangerous. Period.;negative
2488;Did little if anything for depression and anxiety. On 15mg things got worse and I got angry so easily but this went away on 30mg. I didn't put any weight on and I didn't feel very hungry on this drug and I thought that was supposed to happen.;negative
2775;One 300MG pill of Clindamycin, along with two Advils followed by gargling the Benzydamine, four times a day. To be taken with food.;negative
1066;Subdermal injections to various areas of the face, crow's feet around eyes, horizontal lines between eyebrows and vertical lines on forehead.;positive
3498;I have been taking Maxalt for years. I have had one sided migraines for years. They have always lasted 3 days of excrutiating pain. Maxalt has been a life saver. I take it at the onset of headache and have complete relief in one hour. Unfortunately there was a time when i was taking this daily, which was a pain regarding insurance coverage. However in the last year I have learned a couple physicial techniques to minimize the frequency of headaches, but I still take Maxalt 1-2x per week. Every time it is 100% effective.;positive
2589;Due to a recent mix up at the pharmacy, my father was accidentally withdrawn from the drug and suffered a terrible withdrawal. After 10 days without oxazepam, his memory improved but the doctor put him right back on it. I have since tried to get the doc to take him off. His answer? What's the point at his age. Why not just let him drift away in a foggy twilight. I love my dad and think he deserves better so I'm fighting this situation, but meanwhile my father wakes up each day wondering why he is on an advanced alzheimer's ward when he has no symptoms beyond drug induced short term memory loss.;negative
1871;Was supposed to take it to clear up my mastitis but couldn't complete the treatment because my abdominal pain was too severe. I was changed to a different antibiotic.;negative
2120;wash face,wait 20 minutes then applied a pea size to dry skin always wear a good suncreen about thirthy percent. Make sure to apply every two hours;positive
2641;you get a 3 ml eye drop bottle & use 1-2 drops 2-3 x a day until it goes away. I still have half a bottle left.;positive
2278;"This medication is manufactured by Forest Pharmaceuticals, Inc., a subsidiary of Forest Laboratories, Inc. in St. Louis Missouri 63045. I was given the prescription of taking 10 mg. once a day. I cannot even imagine what would have happened to me if I had taken the full dosage recommended of 20 mg. I would have probably hurt someone badly. I have always suffered from clinical depression and have taken many different medications. Right now, Paxil is helping me with my depression a little. I think that I need to have it ""upped"" because the usual dosage isn't as effective as it once was. Anyway, my psychiatrist prescribed Lexapro for me because he really believed that this new drug would be just perfect for me. I had no idea that it would cause such turmoil in my life. I was in a constant state of nervousness and my panic attacks had started to get much worse. I just thought that my daily routine was the cause for my anxiety but realized when I had the desire to shove my shopping cart into a little boy who walked in front of me in the store, as I stated before in this report, that I had to quit taking Lexapro. Sometimes, I would sit on my sofa at night and want so badly to just scream at the top of my lungs. My therapist just told me to take a pillow, put it over my face, and scream at the top of my lungs. I was afraid that my neighbors would call the police if they heard me. That was no way to live. This medication was so toxic to me that if I had not realized what it was doing to me, I might have even taken my own life. Because of my great faith in God, I didn't kill myself and finally realized that I had to call my doctor immediately the next morning to report what Lexapro was doing to me. I also have a friend who is taking Lexapro and has taken it for sometime. She also shows signs of rage at times. Just a minor infringement on her and she will go into a state of rage (but not as bad as I did). I have tried to tell her that she needs to get off Lexapro but she just thinks that OTHER people are intimidating her. One day, when she rams her car into someone elses because they pulled in front of her, she will finally realize that Lexapro is not the drug for HER either. I really do think that Lexapro should be taken off the market until further testing is done. I would NEVER recommend this drug to anyone. It is just too unstable.";negative
3325;I was put on this medication by my pediatrician and, unfortunately, I think he did a poor job of following up on my treatment. I think that antibiotics are too strong a treatment for acne.;negative
1552;After starting RA treatment with plaquenil and feeling few changes, my doctor encouraged me to try methotrexate. My severe pain and joint swelling diminished soon, and I have had few painful moments (and nothing like the pain I had before my diagnosis). I have stopped taking plaquenil. The only side effect I have noticed is thinning hair. I miss having a glass of wine once in a while, but the lack of pain makes that sacrifice worthwhile. I take folic acid each day.;positive
4086;I was experiencing inflammation in my hip after surgery. Mobic was prescribed to deal with the inflammation, but I didn't notice any strong positive effects.;negative
1376;I was given Biaxin during a bout of the flu because the doctor thought I was at risk for a bacterial infection. I'm allergic to penicillin, so I always have to take something else. I had no problem the first day, but the second day I noticed a weird bitter taste that I couldn't get rid of. The doctor told me to stop taking it for a day, and now I'm waiting for him to give me something else.;negative
1737;"I am still taking it to manage both my migraines and my mood disorder--200 MG 2x per day. I take 2 in the AM and 2 in the PM. It is prescribed by my Neurologist and managed by him mostly; and my psychatrist also works with him, because if I ever go off of the drug, I would be required to go onto a mood stabalizer due to the bi-polar disorder. I would be very unhappy to have to go back onto something like Depakote, because that made me very slow and sluggish and Topamax does not have that side effect.";positive
3092;The treatment consisted of taking minocycline for 3 months everyday 2x/day. It was taken with after dinner with a full glass of water. The pills were not large, and easy to swallow.;negative
4010;I began taking Celexa after Lexapro made me sleepy and hungry. The Lexapro did indeed calm my anxieties. It was thought that an isomer of Lexapro might be better tolerated. This was not the case, and now I am off all medications for a short period to re-evaluate my baseline needs.;negative
2090;I'm a healthy 36 year old with no medical conditions. I use Selegiline (L-deprenyl) purely to optimise my health and fortunately use a loop hole to import the drug into the country which does not have restriction importation for personal use;positive
1702;Cleansed face am and pm. Pat skin dry. Used non-alcohol toner only in pm. Applied retin-a micro in the evening. Nothing else on top. Cleansed in the am and applied sunscreen with out chemicals-titanium dioxide based product.;positive
413;My insurance only covers 9 pills every 28 days, so my physician prescribes 100 miligram caplets and I cut them in half to give more dosages. The caplets work well if the migraine is caught early. I most often wake up with the migraine starting and will take my pill and lie back down with a cold cloth or ice pack for 30 minutes to 2 hours depending on how advanced the pain is. If I catch it really early the pain stops progressing and I feel well with in 30 minutes to an hour. If the maigraine has progressed too far the caplets don't work and I use a self injection of the 50 miligram dosage which works within 30 to 60 minutes without much side effect. If I take the Imitrex by mistake for a headache that is not a migraine I get queasy and tight in the stomach and feel hung over.;positive
